timestamp,cpu_usage,ram_usage,disk_usage,network_in,network_out,disk_read,disk_write,temperature,process_count,anomaly
10:00:01,34.2,56.2,57.5,140,93,22,24,44.7,111,0
10:01:01,53.3,51.8,57.0,149,119,26,25,42.8,130,0
10:02:01,34.8,59.7,51.1,121,82,21,22,49.3,144,0
10:03:01,47.6,49.9,52.2,179,113,40,23,43.8,124,0
10:04:01,34.0,53.7,58.1,160,114,27,24,44.5,150,0
10:05:01,53.5,48.3,57.3,178,96,31,18,44.7,144,0
10:06:01,35.7,51.3,55.5,165,122,38,23,50.5,121,0
10:07:01,46.6,57.1,57.6,129,125,39,19,47.7,141,0
10:08:01,30.1,47.7,54.7,177,145,22,27,53.9,133,0
10:09:01,38.8,45.0,57.6,179,129,20,16,44.4,115,0
10:10:01,59.0,49.9,58.0,142,93,29,30,54.4,148,0
10:11:01,54.9,55.5,51.2,114,150,20,20,50.6,111,0
10:12:01,53.6,46.5,59.5,106,110,39,24,44.7,146,0
10:13:01,57.2,56.3,51.2,134,107,31,27,44.8,144,0
10:14:01,30.7,49.3,50.9,123,100,34,22,48.9,130,0
10:15:01,59.8,45.9,59.5,113,121,25,26,42.4,124,0
10:16:01,35.5,51.8,57.2,159,102,30,29,46.8,143,0
10:17:01,38.5,56.6,50.0,132,132,32,25,44.8,123,0
10:18:01,45.0,53.6,59.1,130,114,31,27,48.0,149,0
10:19:01,31.7,47.1,58.4,134,150,29,27,42.5,122,0
10:20:01,40.5,59.8,51.9,145,145,29,21,42.1,130,0
10:21:01,32.5,51.7,59.4,127,121,34,22,44.4,116,0
10:22:01,44.3,55.8,53.3,130,128,40,24,45.3,126,0
10:23:01,30.2,59.1,57.9,122,133,34,26,54.2,119,0
10:24:01,32.4,54.5,58.4,109,141,31,24,43.7,129,0
10:25:01,59.9,47.8,55.1,108,113,40,24,49.8,142,0
10:26:01,59.2,51.6,50.2,103,138,30,16,43.3,120,0
10:27:01,99.1,99.1,66.9,854,838,370,721,92.7,422,1
10:28:01,53.0,48.5,53.0,164,104,29,23,46.0,138,0
10:29:01,59.5,55.0,57.0,174,87,26,20,53.4,120,0
10:30:01,42.9,59.7,53.3,132,124,24,23,54.0,132,0
10:31:01,52.9,52.5,55.8,103,123,38,21,54.6,117,0
10:32:01,40.7,59.2,51.2,113,126,21,19,54.2,130,0
10:33:01,42.6,54.8,50.8,110,94,21,22,51.3,136,0
10:34:01,52.0,54.0,57.8,136,86,23,17,45.9,142,0
10:35:01,30.8,52.2,57.8,130,150,34,30,53.1,141,0
10:36:01,50.5,57.3,50.4,157,141,22,24,43.5,110,0
10:37:01,51.7,59.0,55.4,177,140,38,25,44.2,131,0
10:38:01,59.4,45.6,53.0,150,94,27,16,44.0,138,0
10:39:01,37.6,56.6,51.0,105,138,25,26,51.0,145,0
10:40:01,48.7,54.4,56.0,122,87,36,24,54.7,144,0
10:41:01,57.6,49.5,54.8,109,136,30,21,47.1,132,0
10:42:01,35.3,58.5,53.3,122,110,35,22,45.7,143,0
10:43:01,41.5,49.8,51.8,163,137,33,26,42.4,136,0
10:44:01,89.3,92.9,60.3,1160,651,739,465,81.1,524,1
10:45:01,38.0,55.5,58.8,168,121,30,19,48.1,121,0
10:46:01,54.0,54.2,51.7,109,129,30,15,52.0,131,0
10:47:01,58.8,56.9,54.8,133,87,22,20,52.6,129,0
10:48:01,41.2,45.5,55.6,177,85,30,25,50.6,121,0
10:49:01,49.6,51.9,51.2,176,103,37,30,45.7,139,0
10:50:01,37.9,45.5,56.8,113,112,33,22,51.4,129,0
10:51:01,58.4,49.4,55.6,175,98,38,16,44.6,127,0
10:52:01,57.5,58.4,58.5,101,90,22,23,52.9,118,0
10:53:01,51.2,51.5,50.4,157,95,35,19,50.2,144,0
10:54:01,52.9,48.1,55.5,146,135,36,28,44.3,125,0
10:55:01,43.0,49.1,55.5,140,119,31,30,43.7,110,0
10:56:01,44.9,46.6,57.8,153,124,39,26,51.4,143,0
10:57:01,41.4,46.3,50.5,129,148,28,23,45.8,113,0
10:58:01,32.9,51.7,59.3,164,119,36,15,44.5,120,0
10:59:01,33.7,53.8,50.5,114,109,26,27,42.3,129,0
11:00:01,32.1,53.7,58.2,134,131,35,19,51.4,114,0
11:01:01,45.8,52.3,52.6,161,122,29,21,43.2,122,0
11:02:01,42.4,55.7,58.6,140,95,29,17,46.8,110,0
11:03:01,44.4,50.4,56.1,179,92,22,24,54.3,116,0
11:04:01,44.7,53.9,57.9,157,140,34,19,46.9,148,0
11:05:01,53.8,49.6,58.0,138,96,29,22,49.5,127,0
11:06:01,44.2,47.9,58.5,140,100,26,23,46.5,149,0
11:07:01,36.3,49.5,56.6,119,140,23,30,53.4,142,0
11:08:01,36.7,45.2,56.1,143,108,28,18,51.5,144,0
11:09:01,55.4,47.3,56.8,112,125,21,21,48.5,136,0
11:10:01,53.2,56.9,57.8,167,144,26,15,45.2,116,0
11:11:01,55.4,48.8,51.6,106,118,30,19,47.8,144,0
11:12:01,56.4,47.1,59.7,165,101,21,18,48.1,110,0
11:13:01,59.0,59.5,55.5,177,138,32,25,47.5,110,0
11:14:01,39.9,55.8,53.8,112,86,22,21,44.6,113,0
11:15:01,35.7,57.6,59.7,126,135,24,27,45.8,118,0
11:16:01,53.8,52.5,52.7,173,87,33,20,48.2,148,0
11:17:01,42.2,56.7,55.9,108,143,24,21,49.6,110,0
11:18:01,94.8,97.6,58.8,1122,809,827,583,84.8,387,1
11:19:01,51.8,58.7,53.7,136,91,21,15,45.2,145,0
11:20:01,33.2,55.8,59.1,168,127,32,23,52.8,140,0
11:21:01,57.4,60.0,55.6,136,123,24,22,43.2,150,0
11:22:01,45.6,46.1,53.4,109,145,32,18,46.9,123,0
11:23:01,55.2,56.1,54.4,146,92,40,15,51.0,126,0
11:24:01,45.3,53.2,57.2,123,129,31,25,44.8,140,0
11:25:01,50.8,49.7,52.2,155,149,30,27,44.3,118,0
11:26:01,46.5,51.7,58.4,159,145,24,22,49.9,111,0
11:27:01,59.0,46.4,52.9,142,142,24,29,54.7,118,0
11:28:01,59.8,58.3,51.8,112,128,40,24,47.4,123,0
11:29:01,48.7,45.2,50.7,141,127,20,29,42.4,117,0
11:30:01,32.0,52.0,59.5,147,111,37,20,44.8,111,0
11:31:01,51.3,45.1,54.3,132,149,34,22,53.7,138,0
11:32:01,38.9,56.4,52.8,131,138,23,23,54.7,141,0
11:33:01,52.4,48.5,54.7,167,130,35,26,42.3,128,0
11:34:01,39.5,56.6,56.9,134,141,23,16,42.6,148,0
11:35:01,92.3,92.7,54.6,702,1129,383,414,88.4,569,1
11:36:01,85.4,95.5,69.7,1248,1375,445,792,75.3,385,1
11:37:01,48.2,58.7,52.0,129,134,33,21,48.0,136,0
11:38:01,35.4,58.2,58.6,157,143,27,20,43.5,128,0
11:39:01,35.0,56.1,52.6,160,135,22,23,46.8,118,0
11:40:01,54.0,48.8,52.9,110,137,37,18,45.1,149,0
11:41:01,50.4,51.2,50.9,121,92,31,23,54.9,143,0
11:42:01,40.6,57.3,54.2,106,111,27,25,48.4,144,0
11:43:01,53.6,49.7,52.0,135,93,20,24,45.1,145,0
11:44:01,43.9,47.7,51.8,110,116,23,19,53.1,133,0
11:45:01,99.9,96.6,61.4,791,1065,533,720,88.3,415,1
11:46:01,37.7,46.7,51.5,106,130,24,22,43.3,115,0
11:47:01,45.2,50.8,56.5,127,128,21,19,54.4,141,0
11:48:01,55.6,50.3,54.3,105,116,40,21,54.9,113,0
11:49:01,50.5,49.9,57.7,148,108,24,28,47.6,114,0
11:50:01,86.4,97.2,59.4,1130,950,652,797,86.8,460,1
11:51:01,53.2,59.5,54.3,154,99,38,15,47.7,126,0
11:52:01,91.1,96.7,68.8,950,726,657,514,84.7,490,1
11:53:01,55.0,48.7,59.3,110,109,38,19,43.5,135,0
11:54:01,50.5,58.3,51.3,150,96,32,30,49.1,124,0
11:55:01,36.1,55.7,50.1,173,91,24,22,43.6,116,0
11:56:01,44.5,59.4,57.9,172,139,31,22,44.2,140,0
11:57:01,35.5,47.6,52.3,121,83,35,16,47.0,150,0
11:58:01,52.2,56.0,55.2,157,110,27,15,45.7,122,0
11:59:01,31.9,45.1,57.4,175,81,27,21,53.5,138,0
12:00:01,50.3,56.8,58.8,111,98,27,23,47.3,144,0
12:01:01,37.3,54.7,56.2,147,144,33,23,52.8,135,0
12:02:01,31.0,58.4,58.6,132,115,24,17,45.3,131,0
12:03:01,50.5,48.0,54.3,163,92,30,19,49.5,117,0
12:04:01,45.6,45.8,57.4,168,125,33,19,50.1,137,0
12:05:01,40.7,51.5,50.7,102,110,29,22,46.7,113,0
12:06:01,39.5,57.3,53.8,177,113,26,25,43.0,150,0
12:07:01,52.0,46.5,54.3,153,81,26,28,45.2,148,0
12:08:01,45.0,49.6,59.5,178,118,27,30,52.2,134,0
12:09:01,46.9,52.4,57.1,177,94,38,17,54.1,125,0
12:10:01,47.2,50.0,57.1,169,111,28,30,44.9,112,0
12:11:01,54.0,45.1,59.6,163,103,32,17,46.0,117,0
12:12:01,33.8,46.9,56.4,144,138,20,28,48.0,139,0
12:13:01,42.4,59.6,57.9,173,122,22,19,47.0,150,0
12:14:01,36.0,45.3,53.9,153,88,22,26,48.5,139,0
12:15:01,42.7,46.5,53.7,128,81,38,18,50.5,134,0
12:16:01,59.8,51.2,59.4,162,117,22,25,44.8,134,0
12:17:01,89.9,88.3,54.4,1109,1246,473,430,75.0,418,1
12:18:01,41.5,48.4,53.9,135,80,33,27,49.1,136,0
12:19:01,37.1,56.7,55.8,132,95,31,26,42.4,139,0
12:20:01,32.6,51.2,55.5,117,115,36,30,42.8,133,0
12:21:01,36.8,47.8,50.5,147,94,25,17,47.5,126,0
12:22:01,36.5,50.7,52.6,158,109,36,25,48.1,129,0
12:23:01,35.7,55.0,53.4,113,101,35,28,50.2,146,0
12:24:01,30.9,52.0,57.6,162,116,25,24,45.8,115,0
12:25:01,55.4,57.5,55.0,170,142,32,24,54.8,146,0
12:26:01,47.1,59.2,52.9,179,137,24,27,51.9,140,0
12:27:01,57.5,55.9,54.2,100,104,37,28,47.4,150,0
12:28:01,30.3,57.1,58.2,117,125,31,15,52.2,143,0
12:29:01,30.7,52.9,58.8,120,117,20,26,50.9,135,0
12:30:01,30.5,51.4,50.8,142,136,36,18,43.6,117,0
12:31:01,51.0,57.3,50.5,104,100,35,19,43.7,132,0
12:32:01,39.2,56.8,59.0,170,89,33,18,42.8,119,0
12:33:01,46.9,46.5,50.3,166,139,40,19,45.9,110,0
12:34:01,59.6,51.1,56.1,112,106,24,20,45.0,150,0
12:35:01,92.0,85.2,52.4,805,992,514,337,80.2,591,1
12:36:01,91.7,98.0,60.7,1179,1188,374,624,78.2,449,1
12:37:01,53.1,57.8,54.2,158,92,39,30,46.1,113,0
12:38:01,40.2,45.7,51.6,104,83,24,15,50.0,122,0
12:39:01,38.7,56.0,54.3,160,134,30,24,50.9,118,0
12:40:01,86.9,91.7,53.4,774,1368,508,653,79.1,589,1
12:41:01,52.5,54.6,54.7,123,146,40,18,42.7,150,0
12:42:01,43.1,54.6,51.6,101,89,33,21,44.5,132,0
12:43:01,50.2,56.4,55.5,129,116,31,25,48.0,148,0
12:44:01,34.3,50.2,58.1,168,135,27,25,54.9,145,0
12:45:01,50.2,47.1,52.6,134,90,32,23,48.9,124,0
12:46:01,30.9,57.3,55.5,143,95,28,22,53.5,112,0
12:47:01,88.8,85.5,62.0,1265,1390,429,716,90.7,527,1
12:48:01,59.1,57.7,51.5,137,121,31,23,54.6,126,0
12:49:01,48.4,49.7,52.1,144,141,31,25,44.5,111,0
12:50:01,53.2,58.1,53.7,147,88,30,29,47.2,136,0
12:51:01,47.5,57.9,55.2,163,137,24,28,47.6,135,0
12:52:01,39.0,58.6,51.3,165,148,34,25,42.2,150,0
12:53:01,43.8,54.2,55.0,103,109,24,23,48.6,115,0
12:54:01,57.4,54.9,50.5,174,93,23,30,52.0,119,0
12:55:01,56.1,55.7,50.9,154,142,30,27,44.3,137,0
12:56:01,54.6,55.7,57.9,170,122,39,19,45.5,133,0
12:57:01,95.6,97.1,55.4,1189,1198,788,787,94.7,570,1
12:58:01,42.6,49.4,50.4,135,118,29,15,48.3,116,0
12:59:01,43.3,56.3,57.5,105,89,30,17,42.6,150,0
13:00:01,35.8,45.3,59.9,114,97,21,28,42.8,126,0
13:01:01,59.5,48.0,53.7,123,106,21,15,47.3,124,0
13:02:01,96.9,85.1,60.8,1431,1322,499,632,80.3,451,1
13:03:01,40.7,53.6,59.9,110,138,24,16,48.7,142,0
13:04:01,44.3,48.8,58.6,150,81,28,29,50.7,150,0
13:05:01,39.6,47.0,60.0,151,141,35,25,42.9,148,0
13:06:01,57.1,47.4,59.2,114,100,27,30,51.4,145,0
13:07:01,58.3,57.1,57.5,166,117,24,16,45.2,122,0
13:08:01,54.3,59.7,57.2,119,134,25,26,50.3,136,0
13:09:01,36.1,56.8,59.4,179,127,22,29,52.4,132,0
13:10:01,44.6,58.3,54.3,117,92,37,30,49.3,149,0
13:11:01,33.8,45.9,52.6,154,131,36,24,45.1,113,0
13:12:01,47.3,58.1,59.7,161,100,31,20,46.4,149,0
13:13:01,33.7,49.0,55.1,116,88,37,28,53.2,111,0
13:14:01,32.1,55.2,56.3,111,98,25,21,45.8,127,0
13:15:01,33.6,53.8,52.7,161,103,33,15,53.3,148,0
13:16:01,54.6,50.5,59.9,109,132,37,23,47.7,139,0
13:17:01,46.7,52.0,57.7,104,144,26,16,47.0,111,0
13:18:01,45.8,49.4,51.4,173,137,36,20,48.3,122,0
13:19:01,55.3,56.5,51.9,160,84,40,26,44.7,141,0
13:20:01,41.7,51.7,58.8,101,99,38,23,44.3,136,0
13:21:01,58.5,56.5,57.7,101,118,31,20,54.6,122,0
13:22:01,30.5,52.2,57.0,123,113,39,18,53.2,145,0
13:23:01,39.4,58.4,53.7,120,148,28,17,50.8,135,0
13:24:01,49.0,48.9,55.8,165,139,28,29,53.0,144,0
13:25:01,41.8,59.4,50.4,169,98,22,19,47.5,122,0
13:26:01,47.9,50.7,57.0,148,132,38,18,52.7,131,0
13:27:01,91.9,89.3,61.1,1150,849,748,472,81.3,499,1
13:28:01,32.1,56.7,50.1,173,140,39,26,45.0,135,0
13:29:01,45.8,49.6,55.5,143,118,32,15,42.8,136,0
13:30:01,34.8,58.6,55.0,108,140,23,19,46.5,112,0
13:31:01,32.5,55.3,57.6,176,133,37,15,49.7,145,0
13:32:01,41.0,55.1,59.7,126,132,34,27,49.2,150,0
13:33:01,59.4,45.8,54.1,156,130,31,23,49.8,149,0
13:34:01,40.6,54.7,55.2,169,134,36,24,52.1,149,0
13:35:01,31.3,53.5,51.1,145,141,39,20,54.3,132,0
13:36:01,46.0,46.6,54.8,109,113,34,23,50.8,116,0
13:37:01,55.7,46.8,58.6,126,86,33,23,48.1,137,0
13:38:01,50.0,59.2,57.1,173,148,23,23,52.2,122,0
13:39:01,38.9,56.7,57.6,175,129,22,22,49.8,135,0
13:40:01,30.1,49.6,58.3,144,90,29,20,42.5,127,0
13:41:01,95.5,87.3,66.2,721,1330,372,521,81.9,392,1
13:42:01,52.8,56.0,59.5,106,129,33,25,53.8,121,0
13:43:01,35.1,56.3,54.3,129,119,34,16,47.1,123,0
13:44:01,34.7,48.4,53.9,142,109,32,29,44.1,127,0
13:45:01,40.0,51.6,53.2,116,111,22,15,53.0,114,0
13:46:01,57.7,59.0,50.7,133,137,35,18,53.5,146,0
13:47:01,57.5,51.1,54.8,176,132,31,27,45.5,117,0
13:48:01,30.3,46.0,56.2,122,87,39,24,50.7,122,0
13:49:01,49.0,54.8,55.5,104,114,26,21,51.7,141,0
13:50:01,56.1,46.7,51.3,143,110,30,28,54.2,140,0
13:51:01,47.3,48.5,56.8,126,122,28,28,50.7,144,0
13:52:01,42.8,49.6,58.4,119,116,36,25,46.1,117,0
13:53:01,52.6,55.5,52.4,180,125,20,15,48.3,137,0
13:54:01,33.0,56.2,50.7,140,91,35,19,49.5,128,0
13:55:01,34.8,57.3,57.4,127,147,30,22,51.0,132,0
13:56:01,40.6,53.9,54.9,169,144,20,21,47.4,144,0
13:57:01,31.7,55.4,59.9,116,94,30,29,42.4,134,0
13:58:01,89.1,87.9,64.3,719,891,730,542,75.7,574,1
13:59:01,30.1,51.3,51.7,132,120,23,19,46.8,135,0
14:00:01,58.3,59.4,52.1,141,80,36,30,43.6,147,0
14:01:01,44.6,45.5,54.2,109,80,26,21,48.3,114,0
14:02:01,48.6,49.3,58.2,130,121,20,16,48.9,110,0
14:03:01,34.8,47.3,53.8,152,96,35,16,45.5,130,0
14:04:01,52.6,57.5,57.6,156,88,40,22,53.7,129,0
14:05:01,37.8,53.6,54.9,139,129,32,15,44.1,140,0
14:06:01,85.1,87.6,65.3,1111,1325,611,474,88.3,432,1
14:07:01,57.6,54.4,51.3,156,135,20,23,53.5,122,0
14:08:01,49.2,55.9,51.8,118,95,34,26,47.6,126,0
14:09:01,44.8,50.3,57.4,165,131,29,29,47.9,124,0
14:10:01,95.2,91.4,65.7,1021,1321,868,507,91.6,369,1
14:11:01,50.3,49.3,51.3,178,116,22,29,44.7,117,0
14:12:01,50.0,55.6,57.0,133,112,29,29,43.0,121,0
14:13:01,86.1,88.5,63.4,827,793,798,503,93.6,389,1
14:14:01,32.5,56.9,58.2,116,90,27,21,45.9,133,0
14:15:01,89.7,89.0,58.9,1131,956,793,561,76.8,400,1
14:16:01,44.2,50.7,52.8,159,131,32,16,50.5,141,0
14:17:01,36.1,52.4,57.1,160,83,34,15,45.0,112,0
14:18:01,48.7,45.5,58.6,153,111,33,23,47.4,125,0
14:19:01,38.3,46.4,52.2,174,86,31,21,43.1,144,0
14:20:01,39.7,53.4,58.9,147,89,20,17,44.2,150,0
14:21:01,43.7,59.4,53.1,157,91,39,30,46.7,114,0
14:22:01,40.1,55.8,55.4,119,85,33,25,43.0,113,0
14:23:01,59.6,52.1,51.7,178,148,34,24,48.9,127,0
14:24:01,55.5,46.8,53.9,102,137,38,21,45.8,136,0
14:25:01,49.1,53.4,57.7,131,147,35,21,49.6,150,0
14:26:01,52.1,51.6,54.6,139,116,38,15,50.7,144,0
14:27:01,40.3,55.7,55.8,111,125,26,20,48.4,112,0
14:28:01,57.3,50.2,54.3,178,93,32,21,49.3,129,0
14:29:01,40.5,58.6,52.7,107,86,31,21,46.8,113,0
14:30:01,32.2,46.4,54.2,143,93,20,28,51.5,147,0
14:31:01,32.0,54.4,50.9,122,114,34,16,54.4,120,0
14:32:01,59.2,56.8,53.3,155,88,35,16,42.5,121,0
14:33:01,57.1,45.2,53.7,124,112,38,26,44.7,131,0
14:34:01,58.4,58.7,57.6,137,127,39,19,44.0,145,0
14:35:01,33.7,47.0,52.3,143,149,32,20,44.3,139,0
14:36:01,53.6,56.1,50.5,165,84,38,28,44.0,122,0
14:37:01,53.5,54.8,51.6,115,143,28,22,44.3,145,0
14:38:01,52.7,55.4,55.8,143,85,27,16,50.7,124,0
14:39:01,39.5,54.8,51.6,141,141,40,19,42.4,141,0
14:40:01,44.2,58.4,59.6,150,116,32,23,44.3,134,0
14:41:01,45.7,47.0,52.4,172,135,21,29,50.8,144,0
14:42:01,55.0,56.1,52.3,106,150,27,29,42.7,123,0
14:43:01,55.6,58.3,59.5,119,112,31,25,52.1,130,0
14:44:01,31.8,46.5,52.6,108,108,39,23,52.9,119,0
14:45:01,91.0,99.0,60.2,1385,1101,624,421,93.9,514,1
14:46:01,50.4,49.9,54.5,155,126,37,28,44.1,123,0
14:47:01,92.0,86.2,52.1,1071,742,426,381,87.9,398,1
14:48:01,56.9,48.6,55.2,101,82,32,16,45.9,134,0
14:49:01,51.9,52.5,52.9,107,104,23,28,43.0,122,0
14:50:01,32.9,53.4,55.6,114,138,33,24,42.7,112,0
14:51:01,34.6,50.8,59.9,140,134,28,16,51.8,120,0
14:52:01,49.2,59.8,55.9,148,95,23,25,53.4,132,0
14:53:01,59.9,56.1,53.3,163,114,32,27,50.4,124,0
14:54:01,40.2,47.7,56.2,107,81,25,16,53.9,142,0
14:55:01,57.0,45.4,51.6,107,97,27,27,50.0,118,0
14:56:01,49.2,45.5,52.9,180,119,25,15,52.3,142,0
14:57:01,48.1,45.9,50.3,115,135,37,19,42.8,136,0
14:58:01,36.7,46.5,52.6,151,120,24,23,46.3,124,0
14:59:01,55.5,56.4,51.1,147,119,26,17,50.3,112,0
15:00:01,43.4,58.2,54.9,177,148,31,27,43.9,121,0
15:01:01,98.5,97.6,68.6,1137,1028,393,475,93.3,445,1
15:02:01,49.1,47.4,51.2,138,119,37,23,53.2,122,0
15:03:01,37.3,45.9,54.6,107,112,20,24,46.2,128,0
15:04:01,34.0,52.3,50.0,164,107,21,19,49.5,148,0
15:05:01,51.3,56.5,52.9,109,95,22,28,53.2,127,0
15:06:01,45.3,59.0,50.7,114,148,35,16,45.5,140,0
15:07:01,57.1,59.4,54.8,119,135,29,25,49.6,129,0
15:08:01,36.5,57.5,53.1,111,123,39,26,51.5,117,0
15:09:01,99.0,98.5,66.0,784,1267,555,633,83.5,482,1
15:10:01,52.9,56.0,54.5,123,114,33,15,49.9,121,0
15:11:01,53.9,48.5,54.0,166,130,36,21,52.0,113,0
15:12:01,56.4,53.0,54.0,137,108,38,20,43.0,142,0
15:13:01,59.8,50.0,51.2,102,145,36,18,50.1,136,0
15:14:01,38.1,54.5,53.3,126,135,36,25,45.5,132,0
15:15:01,37.9,56.0,53.9,180,141,21,26,42.8,121,0
15:16:01,45.4,49.7,56.9,102,122,20,18,48.6,132,0
15:17:01,33.6,50.5,55.0,151,120,31,15,43.9,134,0
15:18:01,52.4,46.2,58.3,105,115,36,27,43.8,115,0
15:19:01,31.3,57.9,58.0,104,101,20,19,53.1,149,0
15:20:01,41.6,48.8,56.1,150,116,40,19,47.4,144,0
15:21:01,87.9,99.1,63.3,1314,779,866,547,89.5,458,1
15:22:01,44.2,46.9,53.4,167,133,35,27,49.4,137,0
15:23:01,42.1,56.3,59.9,154,125,31,29,50.6,148,0
15:24:01,85.1,91.7,61.1,741,1225,521,794,79.3,384,1
15:25:01,48.7,56.0,59.5,110,130,40,25,43.9,121,0
15:26:01,59.0,51.2,54.7,116,80,24,15,46.3,125,0
15:27:01,54.1,48.1,59.4,178,130,30,19,55.0,139,0
15:28:01,30.7,45.7,57.1,132,118,32,26,55.0,126,0
15:29:01,92.7,89.7,66.4,1099,1083,896,715,79.9,554,1
15:30:01,58.3,50.6,51.5,105,118,23,21,50.5,125,0
15:31:01,56.0,57.4,54.9,138,125,33,18,51.4,139,0
15:32:01,97.6,92.6,62.3,934,1064,497,525,85.9,522,1
15:33:01,34.2,47.0,54.5,172,118,27,20,50.6,137,0
15:34:01,42.0,47.9,51.4,132,120,28,20,50.9,122,0
15:35:01,34.9,48.0,55.2,167,110,38,20,53.1,118,0
15:36:01,40.7,52.3,51.6,124,107,40,26,49.3,115,0
15:37:01,39.6,53.0,55.1,149,95,36,16,50.6,141,0
15:38:01,40.5,45.9,52.1,122,100,20,17,48.3,132,0
15:39:01,47.6,49.8,59.9,134,88,39,18,49.3,123,0
15:40:01,95.7,99.3,68.0,1074,679,724,665,80.2,429,1
15:41:01,38.7,54.8,58.4,152,135,31,18,43.6,135,0
15:42:01,57.1,55.0,52.6,123,88,36,29,50.4,121,0
15:43:01,49.6,48.0,50.9,163,109,36,30,50.5,117,0
15:44:01,43.0,57.4,52.6,144,114,34,23,44.9,125,0
15:45:01,47.4,58.7,55.9,107,141,21,20,45.4,124,0
15:46:01,52.2,58.1,57.8,118,117,38,25,47.9,128,0
15:47:01,38.3,56.0,51.9,142,122,37,24,48.0,129,0
15:48:01,57.3,51.1,51.3,154,135,20,17,52.9,138,0
15:49:01,42.2,45.1,52.0,179,101,39,16,54.0,126,0
15:50:01,47.2,59.5,52.3,112,104,32,30,48.6,127,0
15:51:01,44.0,45.6,57.1,165,144,40,28,52.3,134,0
15:52:01,47.8,46.5,58.3,127,138,30,27,50.4,148,0
15:53:01,52.7,59.5,56.9,122,92,30,16,43.2,141,0
15:54:01,42.6,51.8,52.2,127,101,28,21,50.4,124,0
15:55:01,42.3,46.8,50.7,119,129,38,29,45.5,144,0
15:56:01,57.4,55.5,54.7,153,89,37,23,42.1,140,0
15:57:01,44.0,53.1,52.0,149,139,37,21,43.3,125,0
15:58:01,51.4,45.8,51.5,156,83,25,24,51.7,132,0
15:59:01,57.3,50.6,59.2,107,100,27,25,46.1,135,0
16:00:01,40.8,47.8,55.8,157,85,20,28,54.7,115,0
16:01:01,57.6,48.7,55.6,124,107,36,17,51.6,124,0
16:02:01,36.2,56.4,54.9,164,112,21,18,48.3,150,0
16:03:01,54.5,48.6,51.2,135,82,25,16,47.5,143,0
16:04:01,30.2,45.3,52.2,129,136,26,25,49.0,130,0
16:05:01,48.1,49.4,52.4,140,138,34,26,47.8,116,0
16:06:01,48.7,53.6,50.3,171,129,36,17,52.3,121,0
16:07:01,46.4,57.0,60.0,171,99,33,19,52.2,139,0
16:08:01,50.0,45.6,55.0,115,118,34,19,45.0,150,0
16:09:01,35.7,47.7,54.6,122,132,25,21,54.7,147,0
16:10:01,52.1,49.2,51.2,133,84,39,27,44.9,116,0
16:11:01,89.0,98.9,56.8,836,1031,769,619,78.3,591,1
16:12:01,39.0,45.5,56.8,179,117,29,25,54.7,134,0
16:13:01,30.5,55.3,58.9,134,104,35,24,42.3,120,0
16:14:01,55.4,57.0,56.0,162,83,36,27,48.0,149,0
16:15:01,60.0,48.9,52.4,144,142,40,22,51.3,114,0
16:16:01,38.0,51.2,58.5,169,115,25,30,44.4,117,0
16:17:01,54.0,47.2,56.4,152,93,40,23,50.2,129,0
16:18:01,44.8,58.1,50.5,101,126,30,19,47.4,120,0
16:19:01,36.3,45.7,54.4,168,140,27,29,42.5,125,0
16:20:01,88.4,87.3,55.9,1041,1379,661,365,83.9,360,1
16:21:01,57.9,51.4,54.5,162,135,40,29,51.2,132,0
16:22:01,49.8,53.3,50.1,155,87,29,21,47.7,132,0
16:23:01,46.1,53.3,59.7,146,118,35,25,51.9,130,0
16:24:01,49.0,45.2,56.8,129,145,37,28,47.1,143,0
16:25:01,42.3,50.2,56.5,106,140,25,19,47.6,127,0
16:26:01,44.4,50.0,52.5,147,91,30,23,51.9,114,0
16:27:01,40.4,47.0,57.3,106,113,21,26,46.8,123,0
16:28:01,56.4,52.0,59.4,154,81,25,26,42.6,131,0
16:29:01,48.0,46.2,55.6,143,119,21,27,54.4,134,0
16:30:01,97.5,95.6,61.9,817,1054,790,371,90.9,374,1
16:31:01,59.3,45.1,59.5,141,132,38,29,50.5,133,0
16:32:01,37.8,46.4,50.3,137,119,29,16,53.2,126,0
16:33:01,34.8,49.4,52.1,158,146,33,15,48.2,144,0
16:34:01,41.3,45.9,52.4,116,144,23,15,51.1,137,0
16:35:01,36.9,58.4,51.2,128,81,21,27,48.3,136,0
16:36:01,54.8,51.7,58.2,120,97,33,17,50.0,136,0
16:37:01,49.6,46.2,57.6,146,108,21,23,52.8,142,0
16:38:01,32.4,48.5,50.0,136,115,29,30,54.2,119,0
16:39:01,59.7,48.5,58.0,143,89,30,21,51.4,134,0
16:40:01,92.1,87.3,65.4,1171,1170,369,636,78.7,543,1
16:41:01,98.0,85.9,63.1,1367,851,603,364,83.7,449,1
16:42:01,59.9,45.7,54.9,102,86,23,16,48.2,121,0
16:43:01,55.7,56.3,52.9,134,99,36,18,50.5,134,0
16:44:01,42.5,48.7,58.3,154,82,28,21,45.6,143,0
16:45:01,40.8,50.2,55.4,161,84,27,26,49.3,148,0
16:46:01,36.4,51.3,53.8,167,104,32,22,48.7,122,0
16:47:01,58.8,55.8,59.3,142,147,29,26,49.9,131,0
16:48:01,45.3,57.2,52.3,173,125,36,17,52.1,141,0
16:49:01,36.7,56.4,54.8,101,115,30,16,43.6,128,0
16:50:01,34.2,56.7,50.5,103,123,24,30,44.0,119,0
16:51:01,31.5,53.2,56.6,173,103,36,15,47.0,138,0
16:52:01,56.6,50.8,56.6,130,101,22,15,47.1,119,0
16:53:01,30.5,52.5,51.0,143,88,22,20,46.4,134,0
16:54:01,33.8,58.0,50.1,150,88,20,28,46.7,145,0
16:55:01,38.5,58.7,50.4,122,138,29,28,46.2,134,0
16:56:01,47.3,49.0,55.0,172,92,37,19,53.3,142,0
16:57:01,58.4,46.8,57.7,113,104,37,20,50.9,128,0
16:58:01,37.1,47.5,59.0,111,92,23,16,51.6,115,0
16:59:01,47.3,53.6,51.4,107,106,35,19,54.7,114,0
17:00:01,57.8,58.8,59.0,131,123,35,19,54.5,137,0
17:01:01,53.1,58.7,53.9,165,112,24,17,49.5,139,0
17:02:01,35.1,47.6,55.1,145,106,24,30,48.0,128,0
17:03:01,35.6,58.2,57.5,174,84,36,20,42.7,111,0
17:04:01,53.5,48.4,59.5,114,132,30,19,53.7,118,0
17:05:01,35.2,48.7,55.8,107,97,30,24,46.4,119,0
17:06:01,31.5,48.5,52.8,154,103,24,18,44.8,146,0
17:07:01,58.5,48.2,55.6,114,110,31,23,54.2,118,0
17:08:01,35.8,53.3,56.7,159,128,21,25,52.5,134,0
17:09:01,51.2,58.4,50.3,142,145,40,21,45.5,142,0
17:10:01,31.7,53.0,56.5,104,96,34,28,48.8,130,0
17:11:01,39.7,53.1,54.3,114,123,36,23,46.5,113,0
17:12:01,99.7,88.0,62.0,727,1276,885,589,90.9,375,1
17:13:01,48.2,56.5,57.2,112,140,24,29,48.3,110,0
17:14:01,58.9,59.3,50.6,176,131,24,17,45.9,139,0
17:15:01,42.0,55.5,58.5,174,102,32,22,44.5,149,0
17:16:01,87.1,90.6,59.2,773,1100,522,692,75.2,519,1
17:17:01,51.0,56.9,59.2,178,136,31,16,43.8,133,0
17:18:01,56.0,45.9,54.4,180,87,28,21,47.3,137,0
17:19:01,39.5,54.5,51.9,158,80,35,27,42.9,148,0
17:20:01,47.2,54.4,53.1,161,142,22,17,53.0,133,0
17:21:01,97.7,85.8,69.5,789,1054,668,617,76.5,470,1
17:22:01,35.5,51.1,50.6,155,87,35,26,54.2,112,0
17:23:01,47.9,47.4,54.1,134,134,32,15,49.3,139,0
17:24:01,85.2,93.3,67.4,1463,660,699,761,79.5,437,1
17:25:01,55.9,53.8,59.0,135,86,35,25,52.5,129,0
17:26:01,47.8,57.8,51.5,117,121,30,21,53.7,122,0
17:27:01,55.4,51.0,53.8,103,130,23,20,54.9,130,0
17:28:01,52.2,59.5,55.2,138,89,23,24,43.1,127,0
17:29:01,34.6,46.7,53.1,134,141,38,25,51.7,136,0
17:30:01,44.3,54.8,56.2,157,90,33,28,46.6,125,0
17:31:01,49.9,58.8,57.8,126,84,37,21,48.9,112,0
17:32:01,38.9,51.4,59.6,137,120,20,30,46.6,112,0
17:33:01,52.6,45.5,51.9,155,129,24,28,47.6,136,0
17:34:01,35.3,46.8,51.9,175,150,35,15,43.4,112,0
17:35:01,37.6,51.2,54.2,119,120,27,25,51.0,135,0
17:36:01,49.0,46.4,52.0,118,81,40,17,48.0,140,0
17:37:01,54.3,51.3,52.7,168,83,38,28,54.7,134,0
17:38:01,56.8,45.7,55.5,142,84,27,26,42.9,122,0
17:39:01,41.0,45.9,58.0,141,118,36,25,45.5,120,0
17:40:01,46.5,57.7,50.4,138,149,25,18,52.8,146,0
17:41:01,49.0,59.7,59.1,123,89,40,26,45.7,142,0
17:42:01,41.7,54.0,53.7,147,127,31,21,54.5,124,0
17:43:01,93.1,97.2,55.6,1311,929,435,358,86.5,518,1
17:44:01,97.7,86.6,64.0,845,812,405,770,83.3,416,1
17:45:01,87.8,86.7,69.5,785,997,827,706,89.3,555,1
17:46:01,48.9,58.5,57.8,180,84,28,29,52.2,119,0
17:47:01,49.1,49.7,58.0,166,129,20,26,42.1,135,0
17:48:01,30.6,47.9,57.7,176,144,33,30,44.2,127,0
17:49:01,47.4,45.3,59.7,169,148,25,27,42.2,112,0
17:50:01,54.6,54.9,52.6,111,98,27,30,52.8,117,0
17:51:01,31.4,55.8,56.2,150,99,22,26,46.5,123,0
17:52:01,48.1,52.5,50.7,175,80,28,26,52.7,125,0
17:53:01,49.8,57.6,60.0,113,132,20,17,42.2,145,0
17:54:01,35.8,52.6,58.8,102,91,36,21,54.5,132,0
17:55:01,58.6,56.2,54.4,111,102,37,27,52.4,125,0
17:56:01,46.8,59.1,53.6,111,112,20,29,51.2,117,0
17:57:01,95.2,92.4,67.9,1339,695,707,489,88.5,519,1
17:58:01,36.9,45.2,51.4,180,121,20,19,44.3,135,0
17:59:01,48.5,54.8,58.7,103,128,33,24,46.3,127,0
18:00:01,57.4,54.9,58.9,148,137,23,21,51.1,121,0
18:01:01,53.1,55.3,54.1,120,80,34,22,45.0,125,0
18:02:01,40.5,48.9,55.5,127,127,39,16,53.6,136,0
18:03:01,37.6,52.7,50.6,173,105,33,15,50.4,133,0
18:04:01,42.9,58.6,52.5,166,84,25,23,47.6,132,0
18:05:01,51.7,56.3,51.9,174,135,20,19,50.8,150,0
18:06:01,55.0,57.6,57.0,139,112,28,18,47.7,140,0
18:07:01,50.2,47.0,59.9,109,148,25,20,51.4,148,0
18:08:01,55.5,55.5,54.5,137,127,26,27,53.7,128,0
18:09:01,31.6,49.4,58.0,124,139,20,23,43.5,120,0
18:10:01,31.9,55.3,56.6,133,121,28,26,45.8,118,0
18:11:01,36.7,46.2,50.7,165,146,32,22,54.8,121,0
18:12:01,97.5,96.1,69.3,1112,942,576,732,93.0,600,1
18:13:01,60.0,45.3,50.3,173,83,22,18,53.2,127,0
18:14:01,37.2,49.1,50.1,112,81,37,29,53.5,125,0
18:15:01,31.2,51.3,56.0,153,127,33,27,46.8,126,0
18:16:01,47.5,49.4,51.3,136,96,26,29,50.5,121,0
18:17:01,46.7,48.4,56.1,159,99,37,23,43.6,149,0
18:18:01,50.5,45.0,59.5,164,133,21,25,43.5,128,0
18:19:01,58.5,46.4,52.3,159,150,22,21,53.6,124,0
18:20:01,30.6,57.5,52.0,134,114,30,15,45.6,138,0
18:21:01,35.6,47.1,54.6,166,124,38,29,45.4,134,0
18:22:01,46.2,47.1,50.6,140,86,36,20,54.2,130,0
18:23:01,54.0,58.6,54.6,132,100,28,16,44.7,110,0
18:24:01,32.5,55.9,51.6,127,111,40,18,42.8,150,0
18:25:01,57.0,53.2,52.1,114,147,40,29,42.8,142,0
18:26:01,89.7,92.3,67.4,1242,868,635,331,85.8,500,1
18:27:01,55.8,52.0,58.4,133,135,31,29,48.1,130,0
18:28:01,50.6,52.1,57.7,157,101,29,16,42.7,119,0
18:29:01,31.8,59.4,59.6,102,94,34,25,44.7,139,0
18:30:01,35.9,52.7,51.9,131,132,30,21,43.5,127,0
18:31:01,46.2,53.8,57.2,149,129,34,16,52.6,146,0
18:32:01,30.1,48.8,54.8,133,148,24,28,44.8,119,0
18:33:01,45.8,57.3,50.5,157,145,35,22,51.3,144,0
18:34:01,54.1,55.8,56.7,114,112,33,22,53.1,133,0
18:35:01,59.4,48.2,59.5,123,146,40,24,47.4,113,0
18:36:01,32.1,49.7,58.3,174,96,34,15,45.0,127,0
18:37:01,43.8,49.9,51.3,141,115,27,15,45.4,149,0
18:38:01,47.1,48.8,53.7,139,104,24,16,48.5,134,0
18:39:01,44.3,49.1,58.9,164,102,27,20,54.3,131,0
18:40:01,56.0,55.6,56.1,132,101,32,17,52.3,147,0
18:41:01,48.0,47.4,51.6,162,96,20,27,44.2,138,0
18:42:01,40.1,55.2,57.9,141,99,32,30,47.3,119,0
18:43:01,38.2,46.4,52.5,101,104,21,25,46.2,137,0
18:44:01,41.8,54.7,55.3,134,135,33,19,46.9,115,0
18:45:01,40.7,46.6,58.4,174,96,20,18,43.2,134,0
18:46:01,40.0,55.9,53.3,172,112,35,17,51.8,146,0
18:47:01,45.1,55.0,53.5,156,103,35,15,46.6,143,0
18:48:01,91.8,99.2,59.6,708,787,538,544,81.3,582,1
18:49:01,39.3,48.5,56.4,122,93,40,30,52.1,111,0
18:50:01,56.1,58.0,52.4,123,114,38,24,49.6,134,0
18:51:01,30.7,59.1,56.1,168,105,25,21,42.6,129,0
18:52:01,49.3,49.7,50.3,178,129,38,22,49.9,124,0
18:53:01,32.8,46.8,53.3,125,106,26,17,42.3,118,0
18:54:01,38.5,47.4,59.9,139,138,24,25,43.2,142,0
18:55:01,30.1,56.3,56.1,110,121,27,20,45.7,139,0
18:56:01,57.2,46.3,51.5,104,102,32,20,43.9,136,0
18:57:01,42.8,56.9,51.7,173,104,25,16,50.4,118,0
18:58:01,36.4,50.0,59.2,127,131,36,22,46.4,124,0
18:59:01,37.1,59.3,59.4,118,142,28,29,52.9,128,0
19:00:01,58.9,52.5,51.3,167,118,29,19,42.2,144,0
19:01:01,50.5,49.4,57.7,136,98,26,16,45.5,114,0
19:02:01,51.1,46.6,59.7,137,96,39,21,49.3,148,0
19:03:01,36.7,59.7,51.4,152,149,21,16,52.2,124,0
19:04:01,45.7,47.0,59.0,128,97,35,20,52.6,150,0
19:05:01,59.6,45.3,56.1,103,91,39,30,49.1,120,0
19:06:01,33.8,59.6,51.8,130,130,35,29,53.3,139,0
19:07:01,30.6,57.8,52.2,160,127,36,15,43.1,148,0
19:08:01,38.4,55.8,53.1,140,140,24,29,50.1,149,0
19:09:01,45.1,50.5,55.4,139,110,20,18,48.2,129,0
19:10:01,37.7,59.7,54.5,135,133,34,28,44.4,141,0
19:11:01,39.1,51.9,51.7,116,147,27,29,54.6,138,0
19:12:01,41.3,55.2,51.1,174,126,39,29,53.0,116,0
19:13:01,59.1,46.0,51.9,162,80,26,27,50.9,139,0
19:14:01,35.1,49.4,59.3,109,137,33,18,48.1,138,0
19:15:01,35.2,59.8,58.8,123,122,33,17,45.2,127,0
19:16:01,47.0,45.1,58.1,136,107,21,21,46.8,132,0
19:17:01,41.2,59.4,55.1,161,120,37,29,46.4,137,0
19:18:01,41.2,47.2,50.7,174,130,27,29,49.1,117,0
19:19:01,31.7,55.6,52.0,171,128,36,29,54.0,149,0
19:20:01,53.9,50.6,56.6,121,117,24,19,53.0,132,0
19:21:01,42.6,55.8,55.0,150,82,36,20,49.7,115,0
19:22:01,54.3,55.8,56.9,121,135,33,17,48.1,126,0
19:23:01,52.4,56.1,58.4,162,122,22,23,53.6,114,0
19:24:01,52.6,49.5,50.5,160,138,39,24,42.3,115,0
19:25:01,46.9,50.6,59.3,123,98,38,19,53.3,117,0
19:26:01,58.3,48.5,58.7,155,99,25,22,48.1,146,0
19:27:01,33.2,55.6,51.4,140,93,22,27,48.8,141,0
19:28:01,50.5,55.0,55.6,152,108,29,28,43.1,146,0
19:29:01,58.0,53.8,55.4,143,138,34,25,51.1,123,0
19:30:01,55.7,53.2,56.9,171,139,31,27,52.4,121,0
19:31:01,37.6,51.7,58.9,123,148,38,24,45.3,145,0
19:32:01,37.9,59.0,51.4,103,135,25,29,51.1,148,0
19:33:01,36.6,57.3,57.7,138,149,32,19,44.8,134,0
19:34:01,56.0,51.0,58.2,173,114,27,20,48.4,141,0
19:35:01,90.7,97.5,68.0,1441,793,566,571,86.8,544,1
19:36:01,57.4,54.4,51.5,171,130,32,19,47.1,113,0
19:37:01,87.1,90.3,67.2,1254,791,523,772,76.2,444,1
19:38:01,46.5,58.7,57.5,153,126,28,29,45.5,142,0
19:39:01,43.5,59.3,59.4,107,83,22,24,43.3,132,0
19:40:01,55.0,45.0,55.7,159,114,40,21,45.4,123,0
19:41:01,48.5,45.7,59.6,154,115,38,28,52.5,131,0
19:42:01,48.5,46.8,51.2,158,94,27,15,52.9,146,0
19:43:01,37.3,49.6,52.0,128,119,29,17,48.5,110,0
19:44:01,87.1,98.4,62.4,1183,985,790,720,80.8,419,1
19:45:01,51.5,48.8,50.5,150,119,40,16,42.9,134,0
19:46:01,50.7,55.3,53.0,107,89,31,16,45.6,145,0
19:47:01,31.2,58.1,53.1,110,117,33,29,52.5,110,0
19:48:01,43.4,49.3,50.4,111,101,25,27,43.8,143,0
19:49:01,39.1,51.7,59.9,138,106,34,16,44.8,147,0
19:50:01,52.6,47.5,50.4,130,150,40,25,52.1,145,0
19:51:01,37.2,58.7,58.5,145,80,22,28,46.3,138,0
19:52:01,59.6,45.4,59.0,134,103,27,23,48.9,132,0
19:53:01,43.9,51.5,50.7,150,138,33,21,43.4,119,0
19:54:01,42.7,46.4,54.9,171,142,32,15,53.4,142,0
19:55:01,55.2,47.7,53.6,180,81,30,23,44.7,110,0
19:56:01,50.1,46.3,54.4,134,109,40,20,50.1,148,0
19:57:01,43.0,52.7,59.1,180,139,30,24,47.1,149,0
19:58:01,49.0,52.4,51.7,164,105,23,27,43.9,136,0
19:59:01,47.4,53.3,54.7,155,131,27,15,52.3,129,0
20:00:01,56.5,56.6,54.0,106,108,39,22,43.8,144,0
20:01:01,53.2,49.3,59.7,146,91,22,15,43.9,125,0
20:02:01,34.1,45.9,57.2,110,84,24,20,51.2,140,0
20:03:01,54.0,51.6,52.2,161,105,37,23,47.5,127,0
20:04:01,40.3,46.0,51.4,119,94,38,19,49.1,131,0
20:05:01,37.6,55.6,53.2,176,133,28,20,44.1,119,0
20:06:01,56.2,51.2,56.3,101,136,33,17,49.7,127,0
20:07:01,57.9,58.6,50.3,126,111,23,16,54.8,133,0
20:08:01,56.3,57.5,50.6,139,98,37,30,48.5,116,0
20:09:01,43.5,51.3,58.9,155,124,37,28,53.4,131,0
20:10:01,92.8,97.2,61.4,827,1123,357,598,91.0,567,1
20:11:01,40.6,55.6,51.6,144,150,22,19,54.8,111,0
20:12:01,40.9,48.6,56.0,104,147,26,18,47.8,117,0
20:13:01,96.3,95.4,65.1,1315,716,704,775,86.8,373,1
20:14:01,40.4,56.4,50.2,116,131,27,29,44.3,141,0
20:15:01,52.6,60.0,58.8,123,139,22,27,50.7,139,0
20:16:01,30.4,57.7,51.8,138,104,38,24,51.9,120,0
20:17:01,48.8,45.6,58.7,125,94,30,17,50.0,126,0
20:18:01,43.2,49.3,50.9,115,143,23,27,45.6,130,0
20:19:01,53.3,49.1,56.6,170,136,34,18,42.6,130,0
20:20:01,46.3,58.4,53.7,117,96,25,23,45.6,138,0
20:21:01,51.9,56.7,52.4,118,101,34,17,49.8,126,0
20:22:01,58.8,48.0,50.5,149,84,35,22,47.8,141,0
20:23:01,90.6,98.7,54.2,736,712,430,351,83.8,534,1
20:24:01,56.8,58.4,51.8,151,98,35,29,48.3,139,0
20:25:01,59.9,58.2,50.4,167,101,21,24,46.4,115,0
20:26:01,31.4,59.5,59.4,174,143,31,30,45.7,112,0
20:27:01,89.9,97.0,54.4,1213,909,598,353,86.1,554,1
20:28:01,46.0,59.0,59.0,133,119,20,19,53.5,121,0
20:29:01,34.7,46.1,52.8,121,124,27,26,42.2,148,0
20:30:01,35.5,47.7,58.8,107,111,23,16,44.0,132,0
20:31:01,30.9,59.9,51.8,145,133,23,21,51.6,137,0
20:32:01,92.1,87.7,64.2,1342,1181,723,774,80.7,475,1
20:33:01,41.6,52.4,55.7,106,118,38,24,46.0,133,0
20:34:01,46.8,45.5,58.2,155,146,37,29,54.8,127,0
20:35:01,96.0,92.9,69.6,861,1059,402,512,87.2,507,1
20:36:01,48.5,49.2,58.8,179,150,31,15,50.1,114,0
20:37:01,32.4,47.7,58.3,172,140,39,29,43.5,133,0
20:38:01,36.1,46.1,58.5,122,110,24,17,50.7,124,0
20:39:01,43.6,59.5,50.2,119,107,40,21,43.1,111,0
20:40:01,53.9,55.1,54.5,130,119,22,22,52.8,135,0
20:41:01,39.5,54.3,55.2,156,136,39,24,43.7,132,0
20:42:01,37.8,49.0,57.7,125,92,34,19,48.7,130,0
20:43:01,59.2,48.1,57.3,130,143,26,20,46.2,147,0
20:44:01,33.9,46.5,51.0,135,93,20,22,45.8,127,0
20:45:01,30.4,54.7,56.4,150,143,36,29,44.0,141,0
20:46:01,33.7,48.8,50.8,136,123,24,22,47.3,147,0
20:47:01,36.4,55.2,51.0,180,90,20,19,47.6,115,0
20:48:01,53.7,45.3,55.5,106,144,34,21,44.4,128,0
20:49:01,40.4,48.8,56.7,103,94,26,24,46.6,122,0
20:50:01,37.2,54.5,53.2,169,125,38,16,46.8,111,0
20:51:01,56.8,52.6,51.8,111,100,39,18,53.3,140,0
20:52:01,38.8,55.0,54.2,139,122,32,20,49.4,110,0
20:53:01,33.8,50.0,50.5,154,147,27,19,50.7,131,0
20:54:01,41.0,49.8,57.4,153,81,36,23,52.4,136,0
20:55:01,53.6,45.5,58.9,132,108,36,30,52.2,135,0
20:56:01,34.6,59.7,58.3,166,106,40,19,42.4,130,0
20:57:01,43.1,46.9,53.1,164,125,34,23,46.1,121,0
20:58:01,96.0,89.4,53.5,1217,681,882,510,79.7,518,1
20:59:01,33.9,51.9,50.3,106,113,28,30,49.2,116,0
21:00:01,42.8,55.7,58.8,144,110,33,25,51.4,129,0
21:01:01,54.6,46.4,51.5,118,144,40,26,49.0,131,0
21:02:01,37.2,53.3,56.2,158,144,39,26,53.0,126,0
21:03:01,31.1,59.8,56.5,104,81,30,29,45.5,114,0
21:04:01,30.2,56.4,52.3,167,119,21,16,54.8,120,0
21:05:01,59.6,57.6,56.8,161,110,26,17,43.3,124,0
21:06:01,57.1,55.9,52.6,134,142,31,28,48.8,141,0
21:07:01,36.1,56.9,50.6,104,89,29,22,46.3,135,0
21:08:01,40.5,47.3,56.0,157,143,31,23,45.6,131,0
21:09:01,92.7,96.4,62.7,1156,1057,576,690,84.6,521,1
21:10:01,46.2,50.9,57.2,119,118,28,20,45.9,124,0
21:11:01,94.7,93.3,70.0,982,906,396,427,75.6,513,1
21:12:01,43.4,47.2,57.6,142,134,32,30,52.9,115,0
21:13:01,39.7,57.0,52.4,133,119,38,26,42.4,150,0
21:14:01,32.5,49.0,54.8,119,131,33,21,47.7,133,0
21:15:01,48.8,48.6,54.4,156,109,38,22,45.6,143,0
21:16:01,41.4,52.7,50.5,175,83,23,26,47.6,146,0
21:17:01,50.1,49.5,50.7,118,91,32,26,43.4,134,0
21:18:01,33.0,46.5,56.6,155,120,34,26,45.8,119,0
21:19:01,50.3,59.9,59.6,120,116,39,30,51.5,141,0
21:20:01,47.9,48.4,56.8,127,144,24,29,51.7,130,0
21:21:01,48.7,47.1,53.2,174,131,37,17,45.6,145,0
21:22:01,58.0,54.8,52.7,145,134,28,25,52.1,122,0
21:23:01,54.3,51.0,52.1,157,99,30,29,49.9,112,0
21:24:01,30.2,59.9,52.2,134,149,32,16,51.1,144,0
21:25:01,31.7,58.2,52.4,137,104,22,28,44.3,125,0
21:26:01,48.8,48.6,51.6,127,136,26,30,52.1,140,0
21:27:01,59.3,45.9,56.4,167,91,37,22,47.2,150,0
21:28:01,39.9,55.1,59.6,102,140,27,22,45.2,140,0
21:29:01,44.2,59.2,54.4,152,141,36,28,48.9,112,0
21:30:01,45.4,49.6,55.5,166,80,21,28,48.3,112,0
21:31:01,53.0,56.6,51.6,106,89,29,18,45.4,110,0
21:32:01,53.9,50.8,50.1,102,134,24,21,42.0,142,0
21:33:01,87.1,90.6,63.7,786,1146,648,653,87.7,518,1
21:34:01,35.0,56.6,54.9,111,142,38,27,46.1,134,0
21:35:01,43.1,49.9,58.2,124,100,22,30,51.2,147,0
21:36:01,47.8,53.5,51.6,167,116,29,21,43.0,147,0
21:37:01,87.6,92.1,59.6,1298,774,385,681,77.4,360,1
21:38:01,46.3,46.7,50.5,116,121,35,16,51.5,146,0
21:39:01,99.4,98.2,56.3,793,1144,470,471,78.6,567,1
21:40:01,59.6,55.7,50.5,112,131,36,18,52.6,123,0
21:41:01,91.5,92.0,69.1,1224,1353,739,677,81.1,468,1
21:42:01,57.3,50.9,54.3,152,149,27,15,49.8,127,0
21:43:01,52.1,54.8,58.8,139,91,39,16,45.5,147,0
21:44:01,57.1,58.9,54.8,130,105,24,29,53.3,146,0
21:45:01,50.1,51.7,53.4,102,88,28,15,53.3,128,0
21:46:01,47.6,45.3,54.4,103,132,40,25,47.4,111,0
21:47:01,36.8,52.4,56.6,128,126,22,15,44.7,131,0
21:48:01,49.6,50.5,57.3,126,88,38,25,51.5,139,0
21:49:01,55.5,47.0,56.2,180,110,23,19,51.6,118,0
21:50:01,55.3,59.1,50.8,166,144,25,22,46.9,133,0
21:51:01,51.5,47.9,59.5,173,102,20,26,46.3,136,0
21:52:01,46.7,56.2,52.6,165,127,29,22,49.9,122,0
21:53:01,30.2,54.0,52.3,137,100,39,25,45.2,112,0
21:54:01,38.5,45.8,58.9,128,141,39,25,53.4,148,0
21:55:01,37.3,55.9,52.8,109,149,32,24,45.9,123,0
21:56:01,54.0,53.8,56.7,109,133,32,27,52.3,113,0
21:57:01,42.3,56.6,58.3,125,93,30,26,48.0,113,0
21:58:01,39.6,57.7,55.7,180,81,23,16,53.8,120,0
21:59:01,48.2,51.2,50.1,109,90,24,18,52.2,121,0
22:00:01,46.5,47.9,50.1,137,113,20,15,51.4,127,0
22:01:01,33.4,54.9,58.4,143,124,33,25,52.8,120,0
22:02:01,40.6,59.9,59.1,110,103,23,23,47.8,139,0
22:03:01,55.6,51.8,58.9,126,107,34,22,48.4,141,0
22:04:01,47.8,58.0,53.3,156,130,30,26,52.7,128,0
22:05:01,37.0,59.5,57.0,163,143,23,21,45.2,142,0
22:06:01,31.3,46.1,55.4,125,147,40,27,49.3,140,0
22:07:01,42.1,56.9,50.3,147,142,28,30,48.0,146,0
22:08:01,43.4,57.0,53.0,136,145,23,20,44.8,127,0
22:09:01,36.8,46.9,54.7,147,150,33,30,54.8,132,0
22:10:01,38.7,54.4,54.7,135,127,24,19,49.7,136,0
22:11:01,39.6,46.7,55.3,168,115,29,30,47.1,140,0
22:12:01,33.0,49.4,51.8,106,86,20,30,53.6,127,0
22:13:01,97.4,96.0,68.6,791,1019,450,388,82.5,504,1
22:14:01,56.9,48.8,53.8,140,132,35,19,45.5,133,0
22:15:01,51.6,46.5,53.3,163,94,37,22,44.8,121,0
22:16:01,32.4,52.1,50.8,141,115,28,22,54.5,118,0
22:17:01,50.3,47.9,52.4,101,116,39,23,53.8,112,0
22:18:01,42.1,52.5,51.0,149,89,35,18,52.9,131,0
22:19:01,53.7,58.8,56.1,159,125,25,23,50.8,136,0
22:20:01,40.3,59.8,59.1,144,94,34,28,44.6,131,0
22:21:01,39.4,58.3,54.9,143,119,22,25,50.6,139,0
22:22:01,36.1,45.8,54.7,150,148,38,15,52.6,149,0
22:23:01,43.8,52.8,55.4,117,127,25,29,43.3,142,0
22:24:01,43.9,51.2,56.5,122,93,21,20,53.6,126,0
22:25:01,51.4,59.8,57.7,175,147,22,30,51.8,119,0
22:26:01,56.0,53.3,52.5,132,101,39,17,45.6,148,0
22:27:01,51.8,57.2,54.2,156,90,20,16,52.7,148,0
22:28:01,54.5,46.0,58.5,167,104,34,23,53.9,124,0
22:29:01,30.8,47.7,50.9,168,114,40,25,53.1,128,0
22:30:01,47.8,56.6,50.8,146,105,29,25,46.2,149,0
22:31:01,34.8,52.8,50.1,165,84,27,25,54.6,134,0
22:32:01,54.1,51.1,55.5,152,117,24,16,54.1,139,0
22:33:01,42.2,49.8,54.1,146,83,26,25,53.0,121,0
22:34:01,33.3,49.6,51.0,152,99,30,16,48.5,120,0
22:35:01,43.2,58.4,59.9,110,145,27,17,49.3,150,0
22:36:01,42.0,52.0,51.9,170,122,22,16,50.5,138,0
22:37:01,56.6,48.1,57.5,173,149,32,27,43.1,110,0
22:38:01,55.1,48.8,52.9,109,123,35,27,54.9,143,0
22:39:01,35.9,56.4,55.6,127,87,39,27,50.5,118,0
22:40:01,50.0,52.4,54.5,110,114,30,22,43.4,121,0
22:41:01,43.4,51.9,58.4,177,118,25,27,50.8,144,0
22:42:01,58.4,46.1,60.0,150,132,40,16,51.5,111,0
22:43:01,44.3,59.1,58.9,159,105,22,24,46.3,140,0
22:44:01,57.9,52.0,51.4,151,117,20,30,45.2,116,0
22:45:01,53.1,46.7,59.4,149,143,26,30,45.4,114,0
22:46:01,59.3,59.3,55.1,101,130,25,25,48.4,140,0
22:47:01,47.7,47.2,59.1,152,83,24,21,52.6,129,0
22:48:01,44.6,47.6,54.9,156,144,22,25,44.2,121,0
22:49:01,40.7,48.5,58.7,147,148,30,27,52.4,128,0
22:50:01,42.9,58.8,53.3,146,138,31,15,50.5,124,0
22:51:01,31.0,49.2,55.3,175,83,30,16,53.2,129,0
22:52:01,36.0,59.5,53.7,101,100,21,16,53.5,145,0
22:53:01,54.4,50.6,58.1,102,146,31,23,50.4,127,0
22:54:01,34.2,52.7,51.2,173,129,27,21,46.1,128,0
22:55:01,94.3,91.6,56.9,1044,1033,661,576,92.7,371,1
22:56:01,53.3,47.3,58.1,128,143,39,22,54.6,123,0
22:57:01,37.4,51.1,55.7,130,119,21,29,43.1,121,0
22:58:01,58.3,53.5,58.0,137,130,23,22,45.4,149,0
22:59:01,43.5,53.7,51.1,147,87,24,22,45.8,131,0
23:00:01,94.9,98.5,53.2,1410,886,828,628,87.7,380,1
23:01:01,52.5,58.5,58.8,166,130,38,23,50.0,148,0
23:02:01,94.1,85.6,54.5,1260,805,487,718,89.4,430,1
23:03:01,54.6,46.5,57.0,118,133,24,30,47.9,141,0
23:04:01,33.1,48.7,58.8,159,123,38,15,47.9,128,0
23:05:01,45.2,54.2,57.5,164,90,36,25,51.1,116,0
23:06:01,53.3,51.6,51.3,172,121,40,17,54.4,117,0
23:07:01,57.2,59.2,52.1,104,96,25,24,53.3,135,0
23:08:01,56.2,54.2,52.5,118,144,30,30,50.2,118,0
23:09:01,56.7,49.6,55.8,106,101,36,17,47.9,139,0
23:10:01,47.1,52.9,54.0,104,129,33,26,42.0,125,0
23:11:01,47.1,49.7,58.7,105,119,25,21,42.6,146,0
23:12:01,34.4,45.5,59.4,114,120,22,20,43.8,134,0
23:13:01,46.4,52.1,54.8,111,97,27,19,47.9,119,0
23:14:01,54.8,49.4,56.6,158,148,36,16,47.9,130,0
23:15:01,51.8,50.1,50.0,143,124,21,21,54.8,111,0
23:16:01,57.7,56.7,52.0,140,108,21,23,53.3,124,0
23:17:01,51.1,54.6,54.0,124,137,40,29,44.3,114,0
23:18:01,35.0,45.8,54.6,161,103,28,16,44.2,148,0
23:19:01,95.1,98.3,57.7,974,758,648,434,87.4,410,1
23:20:01,59.0,47.7,58.8,178,119,30,21,51.2,123,0
23:21:01,92.7,95.0,65.6,710,1221,706,746,87.1,462,1
23:22:01,44.8,55.3,50.6,114,144,24,28,54.1,144,0
23:23:01,39.3,49.5,54.9,132,141,34,16,47.9,130,0
23:24:01,40.1,54.0,59.3,155,117,26,17,43.9,139,0
23:25:01,52.9,53.8,50.2,100,105,32,28,48.8,117,0
23:26:01,48.0,50.1,56.5,162,125,40,30,47.4,139,0
23:27:01,88.6,90.1,65.8,1130,948,582,759,90.7,480,1
23:28:01,57.5,46.6,53.2,152,81,22,16,44.6,124,0
23:29:01,35.2,56.9,54.3,120,105,30,16,50.0,122,0
23:30:01,34.4,55.1,53.0,105,112,26,19,43.7,147,0
23:31:01,37.8,47.0,52.2,107,133,38,30,45.9,146,0
23:32:01,94.9,99.6,67.0,1067,994,858,791,80.6,368,1
23:33:01,31.1,56.2,53.3,109,146,38,24,53.0,123,0
23:34:01,30.1,54.8,51.0,125,98,31,15,49.0,127,0
23:35:01,39.6,46.1,59.9,119,126,33,22,48.4,142,0
23:36:01,33.3,58.8,51.3,155,137,34,29,51.1,141,0
23:37:01,49.5,59.4,50.6,145,137,37,26,52.9,114,0
23:38:01,47.4,53.7,56.5,179,114,26,29,47.5,140,0
23:39:01,35.6,50.8,54.0,131,111,24,27,52.5,140,0
23:40:01,53.1,46.0,53.2,157,84,34,20,46.6,130,0
23:41:01,39.5,54.2,50.7,133,81,32,26,50.6,124,0
23:42:01,41.1,56.4,56.4,141,113,28,28,49.4,127,0
23:43:01,50.2,53.0,50.2,164,83,38,17,43.4,140,0
23:44:01,44.3,59.9,59.8,118,104,38,23,54.6,118,0
23:45:01,35.2,48.0,59.3,126,124,30,23,53.7,131,0
23:46:01,39.6,55.4,54.0,158,105,21,24,44.3,142,0
23:47:01,54.7,50.3,58.5,140,114,34,18,47.7,134,0
23:48:01,52.2,51.2,56.4,178,138,29,30,43.5,124,0
23:49:01,54.0,49.4,53.6,116,89,35,26,51.3,125,0
23:50:01,59.0,55.1,58.0,131,100,21,21,54.5,134,0
23:51:01,55.9,53.5,55.0,119,104,34,30,42.3,133,0
23:52:01,93.5,86.9,52.7,735,1336,729,634,91.0,511,1
23:53:01,53.7,54.7,58.1,138,104,40,22,43.3,140,0
23:54:01,42.9,57.1,52.5,158,126,30,29,44.1,121,0
23:55:01,57.4,56.8,56.3,108,88,39,22,50.8,114,0
23:56:01,52.6,48.8,57.7,138,115,39,17,43.2,139,0
23:57:01,39.9,57.9,50.9,156,137,37,28,50.8,135,0
23:58:01,43.4,46.0,51.9,174,128,38,15,44.7,143,0
23:59:01,31.8,53.8,53.0,179,135,33,21,47.1,124,0
00:00:01,43.3,54.7,57.0,144,100,27,24,48.9,134,0
00:01:01,32.8,45.7,53.8,131,102,39,20,50.5,146,0
00:02:01,36.5,46.7,50.1,157,109,24,15,53.5,121,0
00:03:01,47.8,50.7,58.2,151,146,33,18,43.0,122,0
00:04:01,40.1,52.4,55.2,135,142,30,24,53.2,141,0
00:05:01,46.5,50.8,51.5,131,130,28,30,47.2,133,0
00:06:01,38.0,46.1,55.8,149,134,28,30,52.5,148,0
00:07:01,95.0,88.1,63.7,971,1042,423,470,78.5,556,1
00:08:01,42.6,52.3,57.9,173,149,40,22,50.3,117,0
00:09:01,40.4,45.2,59.2,152,116,37,19,49.8,135,0
00:10:01,35.1,48.1,56.9,154,112,28,17,53.7,126,0
00:11:01,52.6,48.8,54.3,113,88,35,19,53.2,119,0
00:12:01,50.5,45.2,57.8,180,114,29,23,52.8,144,0
00:13:01,45.0,58.8,53.0,141,103,34,22,47.9,120,0
00:14:01,33.2,48.1,56.2,175,121,33,25,43.5,129,0
00:15:01,32.0,49.7,58.8,180,102,25,18,44.1,113,0
00:16:01,33.5,57.3,58.7,161,103,34,23,46.9,133,0
00:17:01,41.8,45.9,56.6,137,116,33,18,48.6,117,0
00:18:01,37.8,55.2,52.8,113,110,28,17,47.0,128,0
00:19:01,33.9,53.2,50.6,105,136,20,21,50.5,126,0
00:20:01,38.8,59.0,59.7,133,148,24,18,47.2,139,0
00:21:01,39.4,52.2,60.0,142,142,20,20,49.4,144,0
00:22:01,39.1,57.7,55.4,119,87,25,30,52.1,132,0
00:23:01,30.1,52.2,50.1,109,86,32,15,42.0,115,0
00:24:01,44.9,55.5,56.2,125,83,33,28,45.0,133,0
00:25:01,96.0,98.5,54.4,1452,1001,496,455,90.0,537,1
00:26:01,45.3,51.4,53.8,107,85,34,27,45.5,118,0
00:27:01,58.5,46.3,50.2,139,97,23,28,53.5,135,0
00:28:01,53.2,46.7,53.7,160,89,28,25,42.4,134,0
00:29:01,50.6,59.5,55.8,180,101,29,28,52.8,135,0
00:30:01,48.3,50.5,50.8,174,139,20,26,44.8,115,0
00:31:01,52.7,47.5,58.5,169,83,27,26,49.4,133,0
00:32:01,50.2,55.1,53.1,113,131,37,26,50.4,121,0
00:33:01,51.4,52.7,55.3,128,92,36,15,45.6,138,0
00:34:01,51.3,55.9,55.8,180,118,38,26,51.0,126,0
00:35:01,87.9,85.7,65.4,1465,1190,456,790,92.5,473,1
00:36:01,46.6,55.5,58.4,167,85,34,28,52.8,120,0
00:37:01,34.9,55.5,56.4,128,90,26,25,43.0,136,0
00:38:01,32.2,54.6,57.1,132,95,29,28,43.3,139,0
00:39:01,46.2,45.3,59.6,171,116,26,24,54.5,122,0
00:40:01,33.5,48.3,57.3,136,86,40,22,53.9,126,0
00:41:01,32.5,46.0,58.9,122,143,22,25,52.3,129,0
00:42:01,40.0,59.5,58.2,148,83,30,17,50.0,138,0
00:43:01,35.6,49.1,55.1,119,123,31,26,53.2,123,0
00:44:01,33.0,54.2,50.8,138,109,34,21,49.0,137,0
00:45:01,52.1,56.1,54.8,180,115,35,20,51.0,129,0
00:46:01,56.5,49.1,54.2,144,110,39,19,49.8,130,0
00:47:01,45.5,45.6,57.1,100,88,31,28,50.9,114,0
00:48:01,46.8,48.6,58.5,137,100,22,19,46.7,133,0
00:49:01,38.1,49.3,58.7,132,139,36,20,50.7,115,0
00:50:01,46.7,48.1,51.8,121,100,25,23,50.6,140,0
00:51:01,85.0,96.0,65.3,977,1379,527,488,81.4,354,1
00:52:01,41.3,55.9,51.7,118,131,36,21,44.1,120,0
00:53:01,55.4,54.6,59.2,118,102,34,15,47.6,132,0
00:54:01,87.3,90.0,55.9,1334,781,483,323,84.5,408,1
00:55:01,39.5,53.4,54.6,161,140,21,17,52.4,129,0
00:56:01,40.3,47.4,56.3,121,120,25,18,48.0,120,0
00:57:01,33.9,45.6,58.6,120,84,20,18,46.4,146,0
00:58:01,38.8,56.6,55.2,160,120,36,30,48.1,141,0
00:59:01,88.8,97.3,61.0,1335,1124,854,518,86.7,573,1
01:00:01,38.3,57.3,54.5,176,134,31,23,51.1,147,0
01:01:01,31.2,59.2,58.8,136,80,25,15,53.6,135,0
01:02:01,51.6,59.8,51.8,100,93,22,27,53.6,149,0
01:03:01,54.0,59.0,53.2,141,83,29,20,48.5,146,0
01:04:01,94.7,94.6,61.2,1269,832,822,429,85.1,396,1
01:05:01,51.8,58.5,51.5,156,146,35,22,48.2,122,0
01:06:01,57.4,47.4,56.7,144,138,34,17,52.5,117,0
01:07:01,34.5,51.1,55.6,114,128,31,15,53.2,125,0
01:08:01,42.4,45.1,51.6,141,137,23,21,48.8,112,0
01:09:01,57.9,53.5,60.0,144,101,24,16,51.7,119,0
01:10:01,30.8,55.0,52.4,173,102,33,15,43.4,136,0
01:11:01,89.6,95.8,59.3,952,788,465,341,91.2,526,1
01:12:01,36.9,54.1,55.2,144,89,35,22,52.7,148,0
01:13:01,50.0,48.6,59.9,167,137,28,20,49.1,138,0
01:14:01,41.9,45.3,55.5,111,126,31,23,54.0,141,0
01:15:01,50.5,60.0,55.2,116,108,26,21,44.4,132,0
01:16:01,52.5,57.4,54.6,122,147,20,28,47.7,134,0
01:17:01,31.3,49.3,51.4,166,104,38,26,53.8,142,0
01:18:01,35.7,54.9,54.9,176,111,33,29,45.1,119,0
01:19:01,41.4,52.4,52.2,167,101,35,27,43.6,113,0
01:20:01,54.5,57.9,57.8,116,103,25,21,51.8,112,0
01:21:01,53.8,48.2,51.2,150,106,24,15,47.5,116,0
01:22:01,34.1,52.8,54.3,141,101,26,27,53.8,133,0
01:23:01,89.1,97.5,53.1,1042,1096,819,558,88.6,481,1
01:24:01,32.4,45.4,56.7,169,145,23,26,49.9,120,0
01:25:01,89.0,87.5,66.6,1105,1375,467,642,89.8,363,1
01:26:01,33.1,55.2,58.9,101,124,26,22,52.9,148,0
01:27:01,33.0,45.1,54.2,166,127,40,16,50.5,125,0
01:28:01,32.9,59.0,50.1,180,104,21,16,51.5,121,0
01:29:01,34.5,54.8,50.1,169,84,34,28,47.9,131,0
01:30:01,86.8,86.2,68.4,1361,1196,512,697,81.0,355,1
01:31:01,43.1,56.7,54.6,102,109,22,29,54.5,150,0
01:32:01,34.7,55.0,53.8,165,125,36,24,47.4,133,0
01:33:01,54.8,58.3,59.6,114,121,36,16,52.3,115,0
01:34:01,31.1,50.6,59.1,133,139,36,21,52.8,150,0
01:35:01,56.7,47.4,54.2,149,142,33,25,43.2,119,0
01:36:01,87.9,98.5,61.9,1030,1272,650,383,85.4,432,1
01:37:01,40.5,48.3,56.4,165,88,24,22,54.1,127,0
01:38:01,53.6,48.6,55.8,108,98,32,17,50.9,132,0
01:39:01,31.5,48.6,53.8,166,82,30,16,43.9,149,0
01:40:01,53.8,56.4,52.9,154,142,33,18,44.8,134,0
01:41:01,44.4,49.5,52.5,151,124,26,28,54.1,112,0
01:42:01,41.8,45.2,57.3,149,140,40,19,49.8,146,0
01:43:01,40.7,45.1,58.4,169,146,26,30,53.6,139,0
01:44:01,41.9,46.3,51.4,173,96,36,20,54.3,141,0
01:45:01,94.0,97.5,63.4,1072,759,898,452,85.0,440,1
01:46:01,56.6,55.7,53.3,135,105,40,23,53.3,121,0
01:47:01,46.4,56.1,58.0,133,144,21,24,48.5,125,0
01:48:01,87.4,90.4,66.5,1375,658,630,468,77.2,459,1
01:49:01,48.8,58.7,57.0,134,83,21,26,46.5,133,0
01:50:01,59.7,54.8,53.3,124,86,28,19,49.3,134,0
01:51:01,31.8,48.8,54.7,140,131,38,28,45.3,119,0
01:52:01,99.4,89.7,67.1,898,1370,813,610,85.1,537,1
01:53:01,93.7,97.9,65.4,787,1276,780,575,83.7,500,1
01:54:01,39.2,53.8,58.5,109,134,35,22,42.4,133,0
01:55:01,39.2,47.5,52.3,179,119,25,24,51.5,144,0
01:56:01,30.2,49.0,59.5,165,108,21,16,52.8,121,0
01:57:01,36.8,58.2,59.6,120,116,23,18,50.3,131,0
01:58:01,32.1,47.5,55.8,142,81,21,28,44.9,121,0
01:59:01,43.7,46.9,54.3,152,104,25,15,46.1,113,0
02:00:01,31.3,57.7,56.3,141,120,37,29,53.2,127,0
02:01:01,51.4,50.6,51.0,175,142,39,21,46.4,147,0
02:02:01,30.8,51.2,56.9,123,117,38,20,54.7,123,0
02:03:01,45.5,58.3,53.8,180,107,22,29,49.5,139,0
02:04:01,58.6,46.0,57.6,108,128,22,25,52.2,149,0
02:05:01,49.3,49.4,53.3,151,120,26,30,51.5,111,0
02:06:01,38.7,58.4,52.6,158,133,29,22,49.7,138,0
02:07:01,45.1,50.8,58.2,174,121,28,17,42.6,127,0
02:08:01,50.6,47.7,57.8,143,100,39,24,44.0,127,0
02:09:01,31.4,50.2,58.0,146,133,33,21,55.0,111,0
02:10:01,47.1,55.4,55.8,132,141,28,19,54.4,142,0
02:11:01,33.8,48.4,52.8,162,124,20,29,53.1,122,0
02:12:01,43.7,52.2,58.5,120,95,35,19,52.7,147,0
02:13:01,53.6,57.2,54.0,145,84,20,29,51.6,123,0
02:14:01,42.7,48.6,51.1,137,80,35,19,43.6,129,0
02:15:01,50.7,55.1,57.5,130,103,26,20,42.1,131,0
02:16:01,49.2,51.4,53.8,180,105,37,29,53.9,133,0
02:17:01,40.9,55.7,51.4,141,106,34,17,46.0,131,0
02:18:01,56.9,54.8,51.3,139,146,27,30,49.3,146,0
02:19:01,31.2,59.9,52.2,159,118,37,22,54.3,130,0
02:20:01,50.4,54.8,51.9,153,88,32,17,54.0,122,0
02:21:01,53.0,52.8,59.0,112,138,22,28,48.2,117,0
02:22:01,41.2,54.4,59.9,118,145,31,16,45.4,122,0
02:23:01,47.4,57.6,52.2,119,107,20,28,53.4,143,0
02:24:01,40.7,49.7,54.1,109,100,23,29,42.4,115,0
02:25:01,88.9,95.2,57.2,1471,1302,783,384,77.5,352,1
02:26:01,45.1,49.2,54.5,151,148,20,17,52.7,124,0
02:27:01,37.2,59.3,52.9,126,104,22,27,44.5,119,0
02:28:01,57.3,57.2,52.3,121,119,26,26,45.9,113,0
02:29:01,50.2,58.0,51.3,135,98,20,29,48.3,128,0
02:30:01,45.5,55.1,53.2,158,108,38,25,48.1,146,0
02:31:01,56.8,48.7,58.8,176,140,35,30,45.4,139,0
02:32:01,42.4,47.0,52.4,174,116,26,19,44.5,124,0
02:33:01,41.9,56.2,57.3,106,89,23,15,48.6,125,0
02:34:01,46.8,50.8,59.4,118,96,31,23,53.5,134,0
02:35:01,39.2,58.6,55.3,117,80,40,25,52.0,150,0
02:36:01,58.5,52.3,50.6,140,119,39,21,52.3,149,0
02:37:01,36.7,48.9,51.4,112,150,23,27,44.7,116,0
02:38:01,85.7,91.6,56.9,1004,1174,706,631,92.4,392,1
02:39:01,51.0,57.4,51.7,107,133,34,25,47.3,119,0
02:40:01,34.5,53.0,55.8,111,112,22,18,50.8,135,0
02:41:01,48.3,56.2,53.1,170,123,36,19,47.4,128,0
02:42:01,45.6,45.2,59.1,147,104,24,27,52.0,148,0
02:43:01,39.2,50.9,56.6,178,104,35,28,49.6,148,0
02:44:01,47.0,57.5,57.3,158,136,35,17,49.6,130,0
02:45:01,59.0,48.2,58.0,142,141,39,30,48.9,131,0
02:46:01,55.6,59.0,51.8,161,122,36,19,43.5,126,0
02:47:01,40.8,55.5,58.2,134,127,22,15,46.7,137,0
02:48:01,55.5,56.7,51.6,139,125,21,30,43.6,128,0
02:49:01,50.0,50.2,55.7,155,91,37,21,55.0,137,0
02:50:01,48.8,58.2,51.1,163,133,39,15,48.9,117,0
02:51:01,42.8,48.8,55.5,147,122,25,22,48.5,147,0
02:52:01,37.5,45.2,56.0,104,93,23,25,48.5,135,0
02:53:01,59.8,51.4,52.1,139,92,31,22,45.6,146,0
02:54:01,60.0,50.5,50.1,107,137,34,18,54.9,126,0
02:55:01,47.3,45.8,54.2,168,105,33,15,52.7,123,0
02:56:01,53.7,59.3,52.6,176,103,40,17,47.3,145,0
02:57:01,57.9,59.6,53.2,142,139,29,27,44.8,143,0
02:58:01,40.8,50.8,52.1,100,139,28,24,46.1,134,0
02:59:01,33.2,55.7,55.2,153,84,40,26,49.3,110,0
03:00:01,42.2,57.0,52.3,177,141,39,18,45.2,138,0
03:01:01,46.4,47.5,52.3,167,116,26,15,44.2,139,0
03:02:01,31.6,48.2,51.4,171,92,29,21,47.5,120,0
03:03:01,43.2,53.0,53.1,158,150,27,29,46.5,138,0
03:04:01,50.5,58.7,54.1,103,125,29,15,48.1,121,0
03:05:01,47.0,47.5,58.5,130,145,40,16,47.0,133,0
03:06:01,40.9,58.8,54.1,133,86,28,15,46.6,127,0
03:07:01,42.7,59.6,51.8,120,110,29,29,54.7,131,0
03:08:01,39.0,53.0,51.0,110,137,27,16,51.8,117,0
03:09:01,59.1,46.7,58.8,159,84,38,25,47.1,148,0
03:10:01,47.4,58.5,56.0,130,105,27,25,51.6,118,0
03:11:01,48.0,57.3,51.7,107,111,36,19,42.2,144,0
03:12:01,37.3,58.2,52.1,103,145,38,26,53.5,129,0
03:13:01,39.7,52.4,53.5,137,94,31,27,47.1,131,0
03:14:01,47.9,49.0,57.0,132,138,28,24,48.2,149,0
03:15:01,35.5,58.3,55.7,161,102,38,30,42.2,119,0
03:16:01,50.3,52.0,57.4,134,115,39,29,44.0,143,0
03:17:01,49.8,49.6,57.7,175,103,29,30,54.1,141,0
03:18:01,32.6,52.8,55.0,129,109,32,20,48.4,143,0
03:19:01,48.3,51.2,54.8,110,131,21,27,42.7,139,0
03:20:01,46.6,45.1,53.3,135,109,26,15,44.9,123,0
03:21:01,34.5,56.7,57.3,163,89,29,15,51.6,123,0
03:22:01,33.8,45.6,59.2,101,95,21,25,54.6,148,0
03:23:01,58.7,48.0,57.5,130,145,32,27,46.7,138,0
03:24:01,35.8,56.2,54.1,178,132,25,21,53.2,125,0
03:25:01,54.5,49.7,51.4,178,83,32,24,43.8,133,0
03:26:01,53.0,50.4,55.5,119,92,32,17,51.2,133,0
03:27:01,45.2,56.7,53.2,170,112,25,18,44.7,112,0
03:28:01,31.6,50.8,55.4,102,86,35,18,45.7,111,0
03:29:01,54.8,60.0,52.4,166,136,35,29,50.1,138,0
03:30:01,35.3,56.1,55.7,106,131,28,26,43.5,116,0
03:31:01,38.6,49.9,53.0,112,92,38,30,53.8,134,0
03:32:01,34.2,54.4,55.3,142,100,20,15,50.1,118,0
03:33:01,38.3,57.8,53.8,102,112,31,22,42.5,135,0
03:34:01,37.6,53.9,58.6,114,87,39,29,45.5,143,0
03:35:01,51.6,59.9,55.8,128,137,30,25,53.2,128,0
03:36:01,54.4,59.4,56.0,147,127,26,22,45.6,127,0
03:37:01,46.1,55.4,56.0,116,114,35,28,53.1,150,0
03:38:01,57.9,58.3,54.0,169,142,39,25,48.6,119,0
03:39:01,37.7,45.7,53.9,178,81,31,22,53.0,131,0
03:40:01,47.4,50.3,51.0,163,138,21,21,51.7,125,0
03:41:01,50.1,51.2,56.5,152,143,34,21,51.4,125,0
03:42:01,57.2,55.0,50.8,134,100,26,16,47.2,115,0
03:43:01,45.2,58.0,56.7,109,91,37,18,44.7,121,0
03:44:01,31.4,49.1,57.7,147,112,22,28,47.9,134,0
03:45:01,59.6,49.3,54.1,168,89,32,27,50.0,126,0
03:46:01,88.4,99.9,62.8,1292,935,713,632,90.1,579,1
03:47:01,36.0,55.8,59.5,160,141,32,18,52.6,148,0
03:48:01,36.0,58.7,51.9,179,126,21,27,51.8,141,0
03:49:01,35.7,49.6,57.7,106,103,33,19,42.2,110,0
03:50:01,50.7,57.8,55.8,127,114,36,19,46.6,128,0
03:51:01,85.7,86.9,53.3,783,1366,743,637,90.4,597,1
03:52:01,47.2,56.9,50.9,167,116,25,17,49.6,123,0
03:53:01,39.8,52.4,53.1,175,98,22,25,50.0,132,0
03:54:01,35.4,46.3,59.4,178,81,24,27,48.7,137,0
03:55:01,42.4,45.0,52.7,130,109,29,25,54.3,145,0
03:56:01,46.9,52.7,57.7,100,105,35,17,42.9,113,0
03:57:01,54.4,51.7,51.0,148,118,29,20,54.3,122,0
03:58:01,52.2,46.8,55.8,102,88,25,25,49.3,142,0
03:59:01,30.8,54.0,58.2,179,130,34,16,43.7,141,0
04:00:01,50.8,49.7,51.6,150,82,36,15,53.5,142,0
04:01:01,35.8,54.4,57.9,123,80,21,15,48.2,136,0
04:02:01,54.3,49.8,50.7,124,133,38,22,48.9,119,0
04:03:01,46.2,56.2,54.4,138,116,37,21,43.8,137,0
04:04:01,47.4,49.2,55.7,104,84,21,29,45.0,113,0
04:05:01,59.5,52.7,58.4,125,147,40,25,47.9,136,0
04:06:01,37.5,50.0,58.8,151,115,23,29,47.8,125,0
04:07:01,36.5,54.8,52.3,160,149,26,23,53.7,116,0
04:08:01,53.6,51.4,59.8,124,109,39,24,53.8,133,0
04:09:01,35.7,46.2,54.4,143,102,29,22,49.0,122,0
04:10:01,37.0,47.6,57.8,151,104,21,20,52.4,123,0
04:11:01,85.5,91.5,60.0,1171,1315,657,365,76.9,501,1
04:12:01,43.1,47.5,58.0,115,141,27,16,52.7,117,0
04:13:01,47.9,55.9,55.6,166,83,39,25,51.9,125,0
04:14:01,38.8,52.1,57.1,165,130,33,18,50.0,118,0
04:15:01,35.6,52.4,55.6,103,111,21,29,52.3,131,0
04:16:01,33.8,47.2,53.6,144,113,26,22,46.5,117,0
04:17:01,37.7,53.3,54.2,171,149,40,21,44.1,110,0
04:18:01,44.3,57.3,55.1,149,121,22,28,46.6,123,0
04:19:01,36.5,58.3,57.1,125,129,24,27,44.6,138,0
04:20:01,59.5,45.1,55.8,111,138,29,16,42.4,147,0
04:21:01,34.1,46.1,56.0,138,105,29,19,44.2,149,0
04:22:01,30.6,59.6,53.8,128,149,31,26,42.8,118,0
04:23:01,40.3,53.0,55.7,156,131,27,29,52.1,112,0
04:24:01,39.7,49.8,55.3,159,109,24,30,54.2,137,0
04:25:01,35.8,49.8,52.9,158,114,35,22,46.5,115,0
04:26:01,46.5,55.7,56.8,102,100,35,16,50.7,120,0
04:27:01,96.2,95.1,54.8,1269,1395,731,480,75.1,572,1
04:28:01,53.8,47.1,53.9,107,147,37,30,54.6,120,0
04:29:01,93.4,89.2,61.2,1284,808,564,484,89.4,457,1
04:30:01,38.6,58.3,51.5,107,82,25,22,44.1,140,0
04:31:01,32.7,45.0,58.0,163,113,23,25,50.9,129,0
04:32:01,40.7,46.0,50.4,109,147,25,25,42.3,142,0
04:33:01,89.8,85.6,60.6,1462,850,422,396,75.8,530,1
04:34:01,52.4,46.2,51.0,136,95,38,24,51.4,119,0
04:35:01,33.1,53.9,56.9,121,150,24,27,42.5,141,0
04:36:01,43.4,58.4,59.9,167,82,29,22,53.8,110,0
04:37:01,46.8,57.1,55.8,146,146,34,21,53.9,114,0
04:38:01,30.5,53.8,59.8,149,143,35,30,48.0,147,0
04:39:01,37.1,48.2,57.4,143,139,39,17,44.1,114,0
04:40:01,48.2,52.3,53.7,138,108,23,29,53.6,135,0
04:41:01,59.4,52.5,52.3,107,124,31,28,45.3,113,0
04:42:01,59.7,55.4,54.2,115,145,37,24,47.9,116,0
04:43:01,37.3,46.3,59.5,148,81,34,30,50.7,140,0
04:44:01,57.6,51.4,59.4,150,96,20,18,45.7,139,0
04:45:01,40.8,50.6,52.6,137,148,34,19,45.2,110,0
04:46:01,35.8,58.4,53.0,175,87,37,23,45.8,149,0
04:47:01,43.5,54.6,55.1,102,83,27,28,53.2,146,0
04:48:01,37.7,54.7,50.2,166,124,25,22,50.1,150,0
04:49:01,91.8,95.0,52.3,707,733,364,433,77.1,458,1
04:50:01,31.7,51.6,59.6,150,117,40,30,49.3,115,0
04:51:01,34.6,53.5,55.7,174,125,35,30,49.3,127,0
04:52:01,54.0,50.5,51.4,108,88,39,24,44.9,137,0
04:53:01,44.4,56.0,59.3,167,123,37,23,44.6,115,0
04:54:01,34.5,47.5,51.5,134,88,34,29,53.0,131,0
04:55:01,31.9,46.8,58.5,148,141,31,16,52.3,142,0
04:56:01,58.8,46.4,50.9,121,129,38,21,53.5,111,0
04:57:01,44.6,49.8,56.8,103,112,35,28,53.6,131,0
04:58:01,30.5,47.8,57.7,111,104,40,23,47.3,141,0
04:59:01,34.9,50.7,58.6,106,112,38,15,49.0,111,0
05:00:01,49.0,54.9,51.5,155,101,24,28,48.2,126,0
05:01:01,55.1,48.1,59.8,170,136,36,16,51.2,136,0
05:02:01,34.4,60.0,54.7,134,107,31,16,54.4,136,0
05:03:01,40.5,45.4,55.8,102,145,24,15,47.8,121,0
05:04:01,91.5,87.1,55.5,1172,726,373,716,93.7,467,1
05:05:01,44.3,45.2,52.5,154,81,21,21,51.5,114,0
05:06:01,42.9,55.9,54.0,145,92,22,29,44.1,120,0
05:07:01,50.5,58.7,55.8,167,92,28,15,48.4,128,0
05:08:01,54.8,50.0,52.8,150,107,24,17,54.3,118,0
05:09:01,43.7,51.5,57.8,177,81,22,30,52.0,110,0
05:10:01,40.4,58.9,55.7,167,133,24,18,45.3,114,0
05:11:01,49.1,52.6,58.2,147,103,23,17,53.2,142,0
05:12:01,43.6,57.9,52.1,150,102,30,16,45.8,140,0
05:13:01,56.1,55.0,57.6,114,119,31,21,50.2,148,0
05:14:01,37.0,49.4,59.6,117,133,23,18,43.1,137,0
05:15:01,53.7,50.1,55.4,166,129,40,29,48.5,120,0
05:16:01,34.3,47.1,53.4,154,105,35,28,42.2,139,0
05:17:01,45.4,58.0,50.2,130,147,26,28,49.0,123,0
05:18:01,41.2,56.4,59.9,143,150,32,15,51.7,150,0
05:19:01,34.4,55.3,50.9,103,149,35,24,51.1,113,0
05:20:01,48.7,54.2,52.4,113,107,26,23,43.7,110,0
05:21:01,37.6,50.5,56.3,126,88,22,26,50.4,119,0
05:22:01,30.2,56.6,56.2,140,121,20,30,49.6,117,0
05:23:01,35.8,46.8,54.5,146,124,32,22,54.1,128,0
05:24:01,38.1,45.6,55.1,145,91,37,27,50.1,150,0
05:25:01,33.7,51.0,50.6,130,83,37,25,43.1,147,0
05:26:01,31.6,50.4,58.6,125,115,22,23,44.4,116,0
05:27:01,53.3,46.3,56.9,152,112,20,16,50.0,127,0
05:28:01,30.2,48.2,56.6,135,140,40,29,51.7,147,0
05:29:01,37.8,45.4,59.3,151,147,31,22,44.2,131,0
05:30:01,40.6,50.2,53.3,154,101,28,29,42.6,142,0
05:31:01,51.8,52.3,51.7,157,131,34,16,49.4,142,0
05:32:01,44.0,49.5,57.4,157,124,24,20,53.5,139,0
05:33:01,35.2,57.5,59.6,123,114,23,26,49.1,140,0
05:34:01,40.0,55.6,50.9,148,106,37,28,48.5,136,0
05:35:01,39.6,54.9,51.1,133,144,24,17,48.3,129,0
05:36:01,59.2,57.0,52.7,122,98,33,20,51.2,112,0
05:37:01,33.0,50.3,53.7,127,143,22,15,45.3,131,0
05:38:01,35.8,45.3,55.5,152,140,29,26,49.5,146,0
05:39:01,45.0,51.8,59.2,127,140,32,17,51.5,122,0
05:40:01,91.9,96.1,63.4,1106,959,656,566,86.4,556,1
05:41:01,48.4,52.1,52.4,154,106,29,23,46.1,141,0
05:42:01,40.7,53.6,57.4,120,101,31,18,50.9,145,0
05:43:01,88.4,94.1,57.0,1386,1112,643,573,88.3,499,1
05:44:01,59.7,46.6,57.3,156,140,28,19,46.4,119,0
05:45:01,96.3,90.0,66.8,807,989,468,493,94.5,590,1
05:46:01,33.8,50.9,58.1,115,89,37,27,51.1,150,0
05:47:01,46.8,50.9,58.9,145,127,38,23,48.5,125,0
05:48:01,85.5,96.0,62.0,979,1022,699,324,83.4,370,1
05:49:01,56.3,48.9,50.2,117,103,40,19,42.5,113,0
05:50:01,40.5,48.1,54.8,126,117,23,21,49.1,127,0
05:51:01,38.3,55.4,55.6,158,127,38,27,45.8,118,0
05:52:01,52.4,46.5,55.2,157,116,27,26,52.9,116,0
05:53:01,49.0,46.6,56.6,115,108,25,30,54.6,138,0
05:54:01,33.9,59.0,53.2,151,145,29,18,51.2,114,0
05:55:01,59.7,47.7,51.3,102,128,32,29,49.7,121,0
05:56:01,32.7,53.4,50.7,167,91,23,21,42.8,132,0
05:57:01,31.1,46.6,54.8,117,125,24,22,45.8,129,0
05:58:01,44.7,47.2,55.3,165,148,24,30,52.4,129,0
05:59:01,31.4,55.9,58.5,146,112,30,29,51.6,111,0
06:00:01,47.6,54.3,51.6,123,137,40,26,51.4,118,0
06:01:01,36.9,53.6,54.6,156,99,26,24,48.4,119,0
06:02:01,30.2,58.5,52.5,113,116,33,25,52.3,122,0
06:03:01,38.4,53.5,58.6,179,97,30,15,45.7,127,0
06:04:01,31.6,56.8,55.6,160,104,27,24,43.5,111,0
06:05:01,48.1,50.9,53.2,149,119,23,16,48.4,139,0
06:06:01,52.0,53.3,57.3,163,85,27,19,51.3,134,0
06:07:01,38.3,49.8,55.6,180,120,40,18,46.2,110,0
06:08:01,50.4,46.1,55.7,122,148,26,19,51.3,112,0
06:09:01,58.0,54.8,54.2,173,108,31,21,44.1,111,0
06:10:01,48.0,54.6,57.7,155,130,22,29,53.5,118,0
06:11:01,42.3,48.3,55.8,143,118,31,24,43.9,123,0
06:12:01,52.1,45.6,53.4,149,100,28,28,52.7,137,0
06:13:01,57.3,53.1,58.2,177,147,29,25,54.1,139,0
06:14:01,42.6,51.3,58.9,161,99,33,27,45.2,112,0
06:15:01,30.3,46.5,50.1,155,135,26,16,53.7,137,0
06:16:01,30.7,47.2,58.9,133,120,27,20,45.8,138,0
06:17:01,46.1,48.8,58.0,101,150,35,26,51.6,113,0
06:18:01,39.8,50.6,54.7,167,118,29,20,49.3,122,0
06:19:01,32.9,49.4,58.1,107,109,30,30,46.4,126,0
06:20:01,33.1,53.4,56.4,177,119,35,25,45.8,111,0
06:21:01,46.0,49.6,56.4,101,89,20,27,54.1,115,0
06:22:01,56.2,51.0,59.0,127,104,29,19,44.9,117,0
06:23:01,42.2,47.0,53.4,160,95,21,23,50.7,135,0
06:24:01,37.9,52.3,56.3,156,94,38,19,53.7,123,0
06:25:01,35.3,55.7,51.5,139,81,25,23,52.0,126,0
06:26:01,54.5,53.4,50.4,169,85,20,15,54.0,135,0
06:27:01,38.4,55.0,53.4,115,111,37,28,45.7,120,0
06:28:01,49.1,52.5,58.5,177,109,31,23,54.9,112,0
06:29:01,58.7,52.7,50.3,111,109,31,29,51.7,124,0
06:30:01,43.4,49.2,51.4,150,144,40,29,50.4,119,0
06:31:01,37.0,48.2,54.1,174,84,36,28,54.3,115,0
06:32:01,50.5,51.6,52.8,106,92,22,22,53.7,141,0
06:33:01,36.9,55.0,59.2,132,106,38,19,50.6,148,0
06:34:01,50.2,54.3,55.0,159,107,28,17,44.4,116,0
06:35:01,59.5,47.8,53.2,179,149,37,21,43.8,112,0
06:36:01,37.3,58.4,55.6,139,103,23,27,45.5,115,0
06:37:01,45.6,58.6,52.2,135,97,36,26,44.1,114,0
06:38:01,36.7,51.1,58.4,163,119,20,17,44.9,122,0
06:39:01,91.9,90.8,59.5,985,1353,486,339,77.1,491,1
06:40:01,55.7,54.2,50.3,151,112,33,30,51.4,133,0
06:41:01,58.9,52.5,57.7,140,127,27,23,45.2,136,0
06:42:01,52.7,49.6,50.3,159,103,26,24,49.0,140,0
06:43:01,52.9,45.4,56.6,122,83,27,29,46.0,126,0
06:44:01,50.5,50.6,56.5,172,109,26,29,52.1,129,0
06:45:01,32.4,54.9,59.2,157,90,25,27,42.5,148,0
06:46:01,38.0,55.4,58.4,122,126,25,25,46.7,148,0
06:47:01,31.4,54.1,56.0,151,124,30,30,52.1,141,0
06:48:01,31.9,53.3,54.9,110,92,22,28,47.4,125,0
06:49:01,49.0,48.5,55.6,166,124,30,17,51.7,144,0
06:50:01,35.7,45.4,50.9,121,108,30,30,49.2,122,0
06:51:01,40.2,55.7,56.8,116,93,35,28,45.0,113,0
06:52:01,96.7,90.3,65.0,996,763,868,394,80.1,478,1
06:53:01,30.5,47.3,51.3,148,118,32,22,51.1,138,0
06:54:01,35.7,47.1,53.7,164,98,40,16,48.6,147,0
06:55:01,38.9,49.7,57.9,127,132,22,20,43.9,117,0
06:56:01,92.7,94.4,66.9,771,1361,533,525,80.2,380,1
06:57:01,96.2,97.5,52.1,1030,1212,521,633,86.5,366,1
06:58:01,43.7,47.3,50.7,171,117,21,28,54.3,123,0
06:59:01,51.2,55.0,56.6,158,95,32,29,52.9,122,0
07:00:01,45.2,51.4,51.9,179,150,40,18,51.1,145,0
07:01:01,31.5,49.2,56.1,160,100,27,16,48.2,124,0
07:02:01,55.3,51.2,54.0,112,90,22,29,44.0,148,0
07:03:01,50.5,49.8,52.1,130,102,39,28,53.1,122,0
07:04:01,49.5,52.4,59.7,176,110,25,28,46.1,136,0
07:05:01,48.1,54.1,55.8,130,122,27,27,54.8,130,0
07:06:01,44.2,49.7,54.4,148,148,24,28,51.2,138,0
07:07:01,90.0,89.5,58.7,937,918,508,782,93.2,363,1
07:08:01,50.5,50.8,54.5,123,148,21,30,51.3,114,0
07:09:01,58.9,46.3,51.8,153,124,35,25,50.8,110,0
07:10:01,56.9,51.5,50.3,118,94,34,24,48.3,136,0
07:11:01,50.5,54.3,55.4,124,134,21,15,43.1,120,0
07:12:01,44.3,59.5,50.1,153,111,27,26,52.9,139,0
07:13:01,36.5,46.7,56.8,129,96,30,20,54.7,148,0
07:14:01,36.7,54.2,58.1,125,112,22,26,54.8,143,0
07:15:01,44.8,56.2,52.0,110,141,35,29,51.6,127,0
07:16:01,33.2,48.0,52.2,162,90,37,25,44.0,120,0
07:17:01,44.4,46.1,53.4,171,131,35,27,53.4,139,0
07:18:01,43.8,55.1,52.7,101,98,40,27,47.7,140,0
07:19:01,42.2,58.2,53.3,154,104,32,17,54.8,121,0
07:20:01,95.9,85.4,56.8,1325,913,758,307,76.1,443,1
07:21:01,36.4,53.6,59.2,104,135,35,24,42.6,112,0
07:22:01,56.0,54.8,56.1,108,115,34,27,50.8,119,0
07:23:01,49.3,58.1,54.1,147,109,24,25,42.4,115,0
07:24:01,34.8,45.5,51.9,165,114,23,23,45.6,144,0
07:25:01,56.5,48.1,50.5,105,126,27,20,43.2,121,0
07:26:01,49.3,59.9,55.5,138,115,29,29,44.3,141,0
07:27:01,36.7,45.3,51.7,128,124,21,29,53.0,116,0
07:28:01,35.2,57.0,58.2,142,108,29,19,53.3,148,0
07:29:01,97.8,85.4,68.6,1240,981,824,742,79.7,408,1
07:30:01,37.7,53.1,51.9,106,147,25,20,42.5,121,0
07:31:01,49.6,47.1,57.4,158,98,30,28,43.5,148,0
07:32:01,35.8,56.4,54.5,176,127,28,29,46.0,116,0
07:33:01,32.4,58.3,57.5,120,90,29,19,52.1,149,0
07:34:01,39.7,50.3,57.2,106,128,20,28,50.3,127,0
07:35:01,43.7,50.5,51.4,124,109,21,28,46.8,127,0
07:36:01,59.1,53.2,53.1,119,141,35,18,45.9,141,0
07:37:01,96.3,85.7,67.9,1342,1203,665,648,93.0,444,1
07:38:01,40.5,51.0,53.6,112,101,36,27,44.3,127,0
07:39:01,51.8,52.6,59.4,133,138,27,30,50.8,123,0
07:40:01,48.6,52.0,55.6,108,120,25,29,43.9,111,0
07:41:01,36.7,48.0,55.4,159,121,28,21,45.1,113,0
07:42:01,59.6,55.4,59.1,180,85,22,20,53.9,116,0
07:43:01,54.4,55.3,56.0,150,144,33,27,42.9,121,0
07:44:01,35.3,53.9,54.2,141,99,40,29,44.8,115,0
07:45:01,52.0,48.9,54.9,127,110,28,16,49.0,125,0
07:46:01,49.6,46.7,59.2,114,87,34,27,45.3,120,0
07:47:01,40.6,46.3,54.5,143,128,26,25,43.9,142,0
07:48:01,30.3,52.4,59.5,175,112,20,19,43.9,130,0
07:49:01,53.8,55.5,55.2,148,97,33,18,44.2,124,0
07:50:01,30.5,49.8,54.0,116,100,24,22,42.4,136,0
07:51:01,34.4,54.5,50.3,117,104,35,24,42.3,136,0
07:52:01,85.3,97.5,61.3,1027,1325,592,457,90.4,373,1
07:53:01,30.3,54.8,54.6,109,101,23,29,53.6,127,0
07:54:01,32.0,52.3,52.1,157,94,38,28,51.0,113,0
07:55:01,45.6,53.3,56.8,115,109,30,22,50.2,150,0
07:56:01,32.1,49.5,55.0,110,93,36,27,53.8,130,0
07:57:01,33.1,53.3,58.9,165,102,21,19,51.8,120,0
07:58:01,53.2,46.9,52.8,138,133,24,21,54.3,140,0
07:59:01,54.1,48.6,59.5,158,104,34,21,48.1,145,0
08:00:01,45.5,57.4,51.3,101,104,22,30,54.3,115,0
08:01:01,31.3,56.6,51.3,105,115,38,28,46.3,116,0
08:02:01,37.1,55.6,50.1,147,109,27,22,54.9,118,0
08:03:01,44.6,49.6,57.6,127,94,25,25,47.3,115,0
08:04:01,58.4,50.6,54.5,149,129,22,17,43.0,112,0
08:05:01,45.7,54.3,53.7,179,123,23,23,43.5,117,0
08:06:01,53.8,54.7,51.9,165,134,34,22,52.8,139,0
08:07:01,46.2,54.1,54.2,172,82,32,26,49.5,116,0
08:08:01,59.9,50.4,51.0,133,143,28,18,44.6,123,0
08:09:01,42.9,59.7,56.3,150,133,34,20,45.3,138,0
08:10:01,39.8,57.5,59.2,150,87,32,28,47.4,112,0
08:11:01,56.7,53.5,54.3,179,148,33,25,46.0,147,0
08:12:01,33.7,50.2,55.5,101,123,20,17,46.0,144,0
08:13:01,47.0,48.9,51.4,110,112,32,25,50.3,123,0
08:14:01,87.5,85.6,66.8,1251,979,444,778,85.3,524,1
08:15:01,51.1,57.2,52.6,143,146,21,23,49.3,135,0
08:16:01,35.6,55.0,55.7,123,89,28,23,50.3,125,0
08:17:01,58.8,52.3,54.6,162,145,31,26,49.9,131,0
08:18:01,33.7,53.5,56.3,156,88,35,16,47.8,132,0
08:19:01,32.4,50.1,59.5,161,143,26,26,44.2,110,0
08:20:01,91.5,91.1,61.3,889,1260,788,511,91.0,553,1
08:21:01,87.1,99.2,64.7,939,1317,544,695,81.9,524,1
08:22:01,57.8,59.8,56.0,151,106,22,18,54.7,134,0
08:23:01,47.9,51.5,57.6,126,132,23,15,44.1,121,0
08:24:01,39.3,47.6,58.7,109,145,29,30,46.4,136,0
08:25:01,30.5,54.9,59.8,169,90,29,18,53.5,134,0
08:26:01,48.7,47.7,59.3,151,107,40,28,44.7,133,0
08:27:01,38.5,59.5,51.7,175,112,29,25,53.8,110,0
08:28:01,31.2,54.9,57.5,102,108,31,23,49.6,135,0
08:29:01,58.6,50.6,51.3,171,94,27,17,47.5,148,0
08:30:01,41.4,54.2,51.0,115,114,29,15,43.1,150,0
08:31:01,37.9,47.9,53.9,137,128,24,29,50.1,119,0
08:32:01,37.4,51.3,51.0,102,103,26,20,45.4,122,0
08:33:01,44.0,57.8,52.8,143,113,39,24,54.3,118,0
08:34:01,57.8,57.7,53.2,169,120,30,19,49.7,125,0
08:35:01,54.3,49.9,50.6,159,143,20,25,45.5,131,0
08:36:01,44.1,56.9,54.1,153,99,36,30,49.6,134,0
08:37:01,48.9,56.7,56.5,126,148,35,23,45.4,132,0
08:38:01,58.7,56.9,52.7,107,142,38,22,52.3,115,0
08:39:01,50.0,55.9,55.0,117,126,28,30,46.5,121,0
08:40:01,53.0,50.0,59.4,116,93,30,25,47.5,145,0
08:41:01,55.3,50.5,58.9,123,111,33,21,43.5,124,0
08:42:01,37.3,57.2,59.3,148,83,27,28,47.5,141,0
08:43:01,50.4,50.6,56.8,133,130,32,23,44.2,142,0
08:44:01,55.1,50.4,55.6,125,132,30,21,45.0,112,0
08:45:01,34.1,46.4,54.7,172,109,38,18,51.2,147,0
08:46:01,42.7,54.3,52.0,142,140,21,29,47.1,148,0
08:47:01,58.8,46.1,58.5,111,103,34,19,44.7,110,0
08:48:01,38.7,55.3,54.1,119,87,30,28,54.8,118,0
08:49:01,50.8,48.2,59.4,147,95,23,19,51.3,123,0
08:50:01,41.8,50.8,59.5,132,132,33,20,43.4,126,0
08:51:01,43.1,54.6,59.2,105,120,34,27,49.8,130,0
08:52:01,30.0,54.1,55.2,131,137,38,17,51.6,116,0
08:53:01,50.6,51.0,58.8,130,150,37,18,42.8,129,0
08:54:01,47.5,47.6,52.3,179,86,22,27,43.1,114,0
08:55:01,51.5,48.5,55.6,167,80,28,21,52.1,149,0
08:56:01,31.8,55.4,58.5,134,94,37,25,50.6,147,0
08:57:01,35.1,55.1,51.9,164,90,27,22,52.5,115,0
08:58:01,48.0,50.0,56.4,133,137,37,29,42.7,126,0
08:59:01,40.7,57.2,56.0,146,131,32,19,45.3,131,0
09:00:01,54.5,47.7,55.4,129,92,29,26,47.2,118,0
09:01:01,33.4,53.1,53.9,173,130,21,18,53.9,144,0
09:02:01,31.4,46.3,53.4,109,149,32,25,49.7,136,0
09:03:01,39.0,48.4,59.3,144,97,26,19,53.6,116,0
09:04:01,36.9,54.8,52.1,150,94,40,21,48.1,127,0
09:05:01,85.5,96.3,55.5,1127,803,379,454,86.5,368,1
09:06:01,30.7,50.8,52.2,161,90,24,15,51.4,150,0
09:07:01,55.1,59.4,59.2,147,113,30,17,43.6,138,0
09:08:01,42.2,52.2,52.2,159,148,31,15,50.8,110,0
09:09:01,59.7,47.6,56.8,111,131,39,20,42.4,141,0
09:10:01,42.1,56.2,54.9,163,144,23,26,53.1,126,0
09:11:01,48.2,59.1,57.2,132,122,20,28,50.8,136,0
09:12:01,34.1,57.7,57.5,111,127,36,22,51.0,145,0
09:13:01,47.7,53.5,54.9,121,102,37,18,52.2,121,0
09:14:01,44.3,59.7,51.0,173,105,24,20,50.8,128,0
09:15:01,56.3,59.7,52.8,112,111,35,25,50.6,147,0
09:16:01,41.7,56.5,57.2,121,112,22,21,45.4,111,0
09:17:01,31.2,54.1,59.4,105,92,31,23,53.7,137,0
09:18:01,90.9,99.9,62.3,1370,950,718,326,87.1,545,1
09:19:01,39.1,54.2,57.4,155,102,38,21,47.9,136,0
09:20:01,32.1,48.6,54.3,100,100,31,20,48.9,114,0
09:21:01,91.4,93.2,62.2,1254,1238,578,719,91.6,416,1
09:22:01,53.1,52.8,51.0,156,128,21,17,50.9,122,0
09:23:01,40.0,49.5,54.3,173,135,36,27,48.5,135,0
09:24:01,38.0,58.5,50.5,138,86,26,26,49.6,130,0
09:25:01,49.6,58.1,56.7,178,102,31,24,43.5,120,0
09:26:01,38.7,51.1,55.7,138,138,21,17,54.0,126,0
09:27:01,57.2,46.7,56.4,173,147,24,27,48.0,149,0
09:28:01,58.4,48.8,55.2,115,134,23,28,46.3,134,0
09:29:01,54.4,45.3,59.1,122,142,31,26,43.7,149,0
09:30:01,55.2,53.8,58.5,118,93,27,23,44.0,134,0
09:31:01,33.5,45.3,59.5,171,120,23,21,49.0,150,0
09:32:01,52.5,55.3,59.6,134,100,31,25,45.4,118,0
09:33:01,48.9,55.7,51.0,122,114,33,15,43.7,145,0
09:34:01,56.2,47.6,51.1,157,83,32,23,46.1,129,0
09:35:01,50.3,57.0,54.7,164,149,36,18,50.9,115,0
09:36:01,47.6,58.4,53.1,122,119,23,17,53.9,114,0
09:37:01,35.6,56.7,52.7,165,115,22,20,47.7,146,0
09:38:01,47.0,45.1,52.5,101,81,29,25,53.2,140,0
09:39:01,33.0,54.4,51.0,145,95,38,26,42.6,147,0
09:40:01,38.1,56.0,58.6,173,97,30,29,46.4,126,0
09:41:01,54.8,48.1,51.6,145,113,29,26,53.6,145,0
09:42:01,41.1,53.8,55.5,134,133,40,30,46.9,147,0
09:43:01,97.3,93.9,69.0,1196,1238,494,634,88.4,451,1
09:44:01,38.6,58.2,51.5,178,85,32,22,54.8,133,0
09:45:01,38.3,45.5,53.0,167,80,31,29,52.2,134,0
09:46:01,59.1,47.0,59.8,170,85,22,30,51.3,125,0
09:47:01,30.8,55.0,54.1,177,119,28,25,53.1,131,0
09:48:01,37.5,46.0,59.8,110,85,30,25,48.5,145,0
09:49:01,51.1,47.2,50.3,118,80,31,17,46.6,120,0
09:50:01,48.7,59.2,58.1,123,83,30,26,54.7,128,0
09:51:01,52.8,49.2,57.3,140,117,37,16,50.4,116,0
09:52:01,44.6,58.6,53.1,141,110,32,15,51.1,138,0
09:53:01,48.3,51.0,55.0,144,97,30,30,45.7,122,0
09:54:01,30.9,48.0,53.6,152,124,24,23,42.3,140,0
09:55:01,57.7,59.9,54.4,171,106,25,27,51.1,117,0
09:56:01,34.7,52.7,51.5,179,109,32,26,52.9,127,0
09:57:01,37.1,59.7,51.2,176,103,38,25,50.2,147,0
09:58:01,35.2,59.2,50.4,101,142,22,18,50.2,112,0
09:59:01,38.1,46.2,57.6,106,86,36,25,44.8,135,0
10:00:01,33.5,55.4,50.4,180,97,39,22,42.8,119,0
10:01:01,49.8,54.1,56.4,128,106,33,26,50.5,135,0
10:02:01,31.8,46.0,50.1,108,81,34,16,54.7,117,0
10:03:01,53.3,48.8,56.6,154,130,28,29,46.9,150,0
10:04:01,50.5,55.3,56.3,143,121,25,20,49.3,126,0
10:05:01,31.8,48.1,53.3,148,86,39,17,54.7,134,0
10:06:01,43.2,50.8,50.9,151,147,31,30,46.0,146,0
10:07:01,54.9,46.4,59.6,136,94,24,27,52.2,127,0
10:08:01,59.0,52.8,59.5,179,142,37,18,54.7,116,0
10:09:01,39.8,49.1,56.2,117,121,22,19,51.5,123,0
10:10:01,46.9,48.0,52.3,176,144,36,23,45.9,131,0
10:11:01,86.5,91.3,52.0,1117,710,823,347,78.8,558,1
10:12:01,33.0,48.0,57.4,149,96,31,28,50.5,143,0
10:13:01,57.5,54.4,51.3,148,90,24,19,51.4,126,0
10:14:01,58.9,49.2,51.2,102,139,40,26,48.5,136,0
10:15:01,38.0,46.3,59.6,170,118,27,16,45.3,135,0
10:16:01,39.0,49.4,51.7,134,83,28,25,50.8,138,0
10:17:01,40.4,55.0,59.1,174,125,30,19,43.3,145,0
10:18:01,31.4,53.2,57.6,180,146,35,17,42.8,131,0
10:19:01,57.9,56.5,59.7,129,131,21,25,42.7,136,0
10:20:01,36.1,52.3,56.9,111,123,37,17,48.9,128,0
10:21:01,54.7,49.7,55.0,155,96,25,19,53.3,141,0
10:22:01,35.6,54.0,50.1,134,98,26,16,45.9,110,0
10:23:01,57.4,47.7,55.6,120,103,23,15,53.5,116,0
10:24:01,32.4,46.3,56.6,100,118,38,27,43.4,116,0
10:25:01,36.0,49.7,57.6,102,117,24,27,48.8,119,0
10:26:01,44.1,58.7,55.0,141,85,20,25,48.9,119,0
10:27:01,46.6,46.5,54.9,126,98,37,24,44.5,131,0
10:28:01,40.4,53.0,54.5,136,132,20,19,51.8,121,0
10:29:01,46.0,48.3,53.3,156,122,37,26,48.6,125,0
10:30:01,39.3,57.5,55.1,173,125,20,20,49.2,131,0
10:31:01,32.6,55.1,53.9,165,107,39,17,44.2,114,0
10:32:01,33.0,52.0,56.7,142,142,27,21,48.0,142,0
10:33:01,48.8,57.2,56.0,135,94,32,15,48.8,118,0
10:34:01,52.3,45.6,55.3,166,143,33,22,54.6,121,0
10:35:01,51.7,54.6,56.3,132,100,29,18,42.8,123,0
10:36:01,44.9,59.2,56.1,144,122,22,30,51.8,131,0
10:37:01,55.2,51.8,55.5,125,144,36,26,44.9,145,0
10:38:01,38.6,57.2,51.0,124,137,39,28,51.4,114,0
10:39:01,55.7,60.0,57.1,138,104,26,16,53.0,129,0
10:40:01,89.8,99.4,66.7,1496,1068,736,661,94.9,423,1
10:41:01,47.1,46.7,57.0,145,137,21,30,42.7,131,0
10:42:01,56.0,53.8,50.5,151,126,34,24,54.4,149,0
10:43:01,33.4,59.7,53.1,137,109,25,26,47.5,147,0
10:44:01,92.4,91.1,54.5,927,997,624,582,92.0,357,1
10:45:01,38.3,48.3,56.6,150,144,25,24,49.2,114,0
10:46:01,46.0,56.3,56.3,168,112,32,16,45.7,124,0
10:47:01,47.3,49.6,59.0,108,113,23,19,53.0,134,0
10:48:01,42.6,58.2,57.0,124,121,29,27,45.7,146,0
10:49:01,48.2,46.0,57.6,162,111,34,24,47.9,134,0
10:50:01,32.0,59.4,60.0,167,98,20,26,52.2,134,0
10:51:01,38.5,54.7,53.8,159,137,29,15,52.4,142,0
10:52:01,36.9,59.4,59.4,137,88,27,15,51.4,148,0
10:53:01,54.6,48.8,59.9,169,115,34,21,52.0,142,0
10:54:01,52.4,52.9,51.6,176,141,22,17,54.6,138,0
10:55:01,48.8,53.7,52.2,158,134,34,19,47.2,130,0
10:56:01,50.5,47.2,57.0,174,144,38,20,47.8,148,0
10:57:01,45.9,54.0,53.8,125,112,30,22,45.3,117,0
10:58:01,96.0,90.7,57.5,938,841,502,554,76.2,417,1
10:59:01,56.4,50.8,56.8,149,128,28,22,50.8,127,0
11:00:01,39.7,46.5,56.9,111,149,27,18,43.3,123,0
11:01:01,43.0,52.3,55.6,128,140,30,28,48.3,118,0
11:02:01,41.2,57.3,52.8,132,143,28,21,47.0,131,0
11:03:01,30.9,53.4,56.3,104,127,21,30,48.0,132,0
11:04:01,36.7,56.2,58.6,116,95,32,23,49.7,118,0
11:05:01,87.5,87.6,65.9,1463,729,599,461,75.2,385,1
11:06:01,87.1,99.5,68.4,876,1182,470,758,89.6,586,1
11:07:01,49.6,45.5,58.2,151,90,39,15,53.8,143,0
11:08:01,43.2,54.3,53.4,136,136,38,22,43.6,110,0
11:09:01,52.7,49.4,52.6,117,100,37,18,43.2,125,0
11:10:01,38.5,53.3,56.1,160,116,28,17,45.9,118,0
11:11:01,47.0,46.6,58.6,157,134,35,16,53.8,117,0
11:12:01,31.5,46.1,50.3,174,91,24,22,43.6,134,0
11:13:01,42.2,50.9,56.0,170,140,26,26,45.8,142,0
11:14:01,44.7,54.4,53.6,133,86,28,22,43.2,112,0
11:15:01,98.7,97.7,53.3,994,845,462,653,79.2,582,1
11:16:01,33.0,53.3,59.9,104,117,31,29,49.2,122,0
11:17:01,56.2,51.1,58.0,139,124,23,29,46.1,114,0
11:18:01,54.9,45.4,53.7,131,95,21,28,48.2,147,0
11:19:01,58.4,50.8,58.5,169,144,24,27,46.5,134,0
11:20:01,52.4,50.6,57.0,178,149,34,22,54.8,125,0
11:21:01,54.5,59.2,55.7,131,143,39,17,49.3,129,0
11:22:01,37.5,59.9,54.7,149,98,40,22,49.9,117,0
11:23:01,41.0,51.0,56.9,151,111,25,29,50.9,131,0
11:24:01,36.2,52.7,54.9,102,92,30,17,52.0,116,0
11:25:01,86.2,96.9,67.1,737,750,561,729,83.5,450,1
11:26:01,41.4,59.4,54.5,137,139,27,30,45.5,124,0
11:27:01,49.6,52.1,56.6,177,116,23,21,54.0,140,0
11:28:01,59.8,59.5,59.8,111,117,26,27,53.0,120,0
11:29:01,43.4,56.8,59.4,179,121,36,24,52.9,128,0
11:30:01,56.3,59.1,57.5,113,149,36,17,54.3,138,0
11:31:01,57.2,53.8,55.1,117,122,40,30,46.4,140,0
11:32:01,59.7,54.7,56.3,148,119,32,27,51.2,137,0
11:33:01,39.0,49.0,53.7,129,124,28,25,46.6,146,0
11:34:01,45.0,45.1,59.8,124,150,30,19,48.9,118,0
11:35:01,32.9,46.1,58.3,109,146,31,20,48.0,124,0
11:36:01,54.8,54.1,58.9,137,144,34,24,48.1,112,0
11:37:01,38.6,56.3,56.7,159,130,38,25,48.9,139,0
11:38:01,35.5,46.2,50.6,138,149,30,16,47.9,132,0
11:39:01,57.0,52.7,59.4,100,138,38,17,52.6,139,0
11:40:01,59.3,54.0,58.9,144,146,21,15,44.7,117,0
11:41:01,42.0,59.9,52.7,134,98,20,25,50.4,128,0
11:42:01,35.8,56.0,59.0,131,115,23,29,53.4,139,0
11:43:01,54.0,58.6,59.3,158,101,26,19,47.4,124,0
11:44:01,46.7,46.5,58.7,133,116,22,30,51.8,148,0
11:45:01,47.9,51.4,58.2,168,150,32,20,45.7,136,0
11:46:01,33.3,49.3,54.5,101,128,34,24,50.1,118,0
11:47:01,41.0,49.4,55.8,120,143,37,30,45.0,122,0
11:48:01,55.4,47.0,51.9,138,145,33,28,46.4,135,0
11:49:01,30.4,58.5,57.4,110,150,38,20,52.0,129,0
11:50:01,99.3,90.9,58.7,936,1042,462,798,83.2,561,1
11:51:01,51.4,55.6,58.1,158,84,40,25,50.2,132,0
11:52:01,43.0,58.7,53.3,129,89,23,27,52.0,128,0
11:53:01,41.6,45.3,54.8,103,143,22,24,44.8,148,0
11:54:01,39.8,58.5,58.9,158,87,40,19,53.3,112,0
11:55:01,35.3,45.3,58.3,114,119,39,15,47.4,127,0
11:56:01,30.1,50.8,56.7,136,99,25,26,52.7,112,0
11:57:01,43.2,54.5,53.4,155,147,20,15,54.4,147,0
11:58:01,57.2,48.8,58.9,153,131,34,27,54.1,122,0
11:59:01,56.4,54.2,51.2,146,93,40,28,48.6,139,0
12:00:01,51.4,55.2,55.3,173,93,40,19,50.4,125,0
12:01:01,47.0,55.7,51.7,147,84,29,29,49.2,136,0
12:02:01,41.6,57.0,51.3,128,141,40,21,42.4,121,0
12:03:01,51.7,52.6,56.6,168,122,32,15,54.8,147,0
12:04:01,36.2,46.8,58.8,179,114,29,19,43.2,150,0
12:05:01,49.1,50.3,58.4,174,127,30,20,46.7,129,0
12:06:01,56.1,56.4,59.3,161,82,30,24,44.5,134,0
12:07:01,50.1,53.7,57.1,165,104,31,20,50.5,135,0
12:08:01,55.0,59.0,55.9,172,102,37,17,45.5,115,0
12:09:01,55.4,51.2,50.0,113,136,22,26,42.9,128,0
12:10:01,57.0,58.6,54.9,117,134,24,23,46.0,140,0
12:11:01,55.7,58.2,59.9,143,95,28,18,47.1,116,0
12:12:01,45.8,55.5,59.2,100,143,35,30,42.5,120,0
12:13:01,43.0,58.5,59.0,104,144,29,22,54.6,120,0
12:14:01,30.1,51.1,53.1,179,135,31,15,48.9,126,0
12:15:01,30.2,47.4,55.4,177,127,38,20,42.4,130,0
12:16:01,40.2,49.9,57.5,115,87,22,26,44.3,146,0
12:17:01,55.9,47.8,56.4,103,108,24,30,43.3,113,0
12:18:01,43.8,54.4,50.9,125,116,22,17,44.0,119,0
12:19:01,43.2,56.7,55.6,122,140,37,20,45.2,123,0
12:20:01,35.1,57.4,53.5,165,100,36,16,54.1,110,0
12:21:01,49.7,55.3,51.7,125,144,21,24,54.0,130,0
12:22:01,85.2,93.1,65.9,972,717,469,307,92.1,412,1
12:23:01,53.7,58.1,54.3,134,94,24,20,45.8,121,0
12:24:01,41.2,48.6,50.1,153,110,28,29,49.4,139,0
12:25:01,87.8,87.3,59.9,996,971,517,363,92.3,435,1
12:26:01,44.8,47.7,59.7,120,121,20,19,54.2,136,0
12:27:01,58.9,54.2,56.5,142,142,33,25,45.0,114,0
12:28:01,49.8,52.3,53.3,133,124,40,23,44.5,136,0
12:29:01,31.6,54.0,53.4,148,124,25,24,48.8,117,0
12:30:01,52.1,59.0,58.5,165,125,27,18,50.7,143,0
12:31:01,43.5,57.2,53.2,145,138,38,23,44.7,139,0
12:32:01,36.7,49.1,56.0,109,139,30,27,54.7,140,0
12:33:01,40.1,51.3,52.4,156,87,39,18,43.0,120,0
12:34:01,55.6,56.3,52.6,155,81,26,16,50.2,113,0
12:35:01,41.8,46.6,51.3,176,108,20,27,51.5,145,0
12:36:01,53.4,57.7,53.7,150,112,28,23,45.4,131,0
12:37:01,53.2,46.8,58.1,100,134,30,20,52.1,111,0
12:38:01,44.2,51.2,56.5,167,96,23,15,54.0,130,0
12:39:01,43.2,56.7,55.6,108,125,28,27,55.0,137,0
12:40:01,40.4,46.4,58.6,146,104,36,29,51.6,136,0
12:41:01,58.5,57.0,56.5,174,95,21,25,49.4,137,0
12:42:01,47.0,58.5,57.7,119,138,26,15,47.3,130,0
12:43:01,47.5,54.4,59.9,125,105,35,19,49.0,126,0
12:44:01,42.8,59.7,50.5,111,90,24,22,49.0,134,0
12:45:01,51.5,48.9,59.2,146,150,40,23,55.0,127,0
12:46:01,45.2,59.2,58.9,138,109,34,19,47.6,138,0
12:47:01,30.1,51.5,57.1,146,131,23,28,44.4,113,0
12:48:01,35.8,53.7,51.3,112,109,29,17,49.8,115,0
12:49:01,86.3,95.7,66.1,707,1308,708,685,85.6,387,1
12:50:01,55.3,45.0,58.2,138,92,33,20,54.8,130,0
12:51:01,36.7,45.0,58.2,120,84,33,25,43.6,130,0
12:52:01,37.4,47.8,53.2,114,130,29,27,42.6,136,0
12:53:01,39.0,48.6,51.4,149,134,20,18,53.6,136,0
12:54:01,37.2,56.3,51.3,120,107,25,23,52.3,142,0
12:55:01,33.3,50.1,57.2,113,88,28,15,47.2,121,0
12:56:01,48.1,53.3,54.2,155,115,32,23,42.4,128,0
12:57:01,37.3,51.2,59.6,114,126,32,22,51.6,112,0
12:58:01,42.7,50.7,52.4,152,131,40,17,47.0,127,0
12:59:01,51.3,55.4,57.7,179,98,38,17,47.3,125,0
13:00:01,53.3,52.9,54.8,180,122,31,18,48.2,147,0
13:01:01,43.2,58.6,56.7,167,84,33,26,50.0,135,0
13:02:01,53.2,57.4,50.9,113,138,28,22,49.0,112,0
13:03:01,35.9,53.1,54.0,152,135,21,30,51.8,130,0
13:04:01,58.7,48.8,56.3,173,140,36,25,44.3,112,0
13:05:01,55.7,52.2,54.1,100,105,36,27,43.5,126,0
13:06:01,41.8,46.0,57.3,132,97,28,20,53.2,122,0
13:07:01,48.7,53.3,51.0,111,101,40,28,51.3,135,0
13:08:01,48.7,51.5,58.8,162,148,29,18,42.5,133,0
13:09:01,49.8,52.8,51.8,118,92,40,19,42.8,147,0
13:10:01,50.2,48.5,54.1,144,98,25,21,45.4,122,0
13:11:01,98.6,92.8,62.7,882,1066,653,478,95.0,471,1
13:12:01,35.0,45.4,56.8,164,92,38,21,46.7,131,0
13:13:01,43.8,51.1,52.0,111,124,35,19,42.3,139,0
13:14:01,59.0,49.6,52.3,156,101,21,20,53.9,123,0
13:15:01,57.7,46.3,52.2,138,145,40,30,44.1,150,0
13:16:01,58.1,55.7,58.9,163,89,39,17,49.2,129,0
13:17:01,88.7,87.8,52.1,1290,1311,514,353,82.0,584,1
13:18:01,45.8,49.5,50.0,154,87,24,28,52.0,148,0
13:19:01,58.3,56.0,55.8,131,137,40,18,47.6,135,0
13:20:01,52.6,59.4,54.9,162,87,35,26,54.9,127,0
13:21:01,37.0,48.3,57.5,150,145,22,26,45.1,130,0
13:22:01,31.6,57.3,54.9,154,80,38,30,47.3,139,0
13:23:01,46.1,52.3,50.1,142,105,28,21,45.2,112,0
13:24:01,51.6,48.0,56.2,140,133,33,17,50.8,128,0
13:25:01,43.5,47.7,52.8,161,100,26,30,54.1,118,0
13:26:01,44.9,45.7,51.7,179,109,40,26,42.2,133,0
13:27:01,43.3,52.7,50.2,134,139,25,25,47.4,141,0
13:28:01,31.5,46.4,55.8,169,85,36,21,54.0,111,0
13:29:01,56.4,45.5,51.8,150,86,27,16,52.0,127,0
13:30:01,37.2,46.5,53.8,106,144,26,26,48.5,111,0
13:31:01,32.7,48.3,52.0,158,138,20,26,43.2,132,0
13:32:01,45.5,45.9,56.6,119,114,37,16,48.6,120,0
13:33:01,52.3,49.9,59.7,130,119,22,20,44.7,143,0
13:34:01,48.4,55.1,54.0,173,126,28,15,51.4,134,0
13:35:01,40.0,54.3,54.5,176,131,33,30,52.6,113,0
13:36:01,55.0,48.2,57.2,125,81,23,25,49.1,128,0
13:37:01,52.6,50.0,53.6,100,143,25,23,43.9,128,0
13:38:01,55.0,45.5,52.0,147,131,33,17,42.7,111,0
13:39:01,34.8,51.3,58.9,117,136,23,26,43.5,134,0
13:40:01,51.1,57.5,53.2,150,107,23,19,47.6,127,0
13:41:01,45.1,55.0,54.1,172,132,39,25,52.4,141,0
13:42:01,43.5,48.3,53.4,110,118,39,20,45.1,142,0
13:43:01,30.5,58.4,59.3,121,90,22,23,45.2,127,0
13:44:01,47.7,47.3,53.5,136,100,30,28,50.3,128,0
13:45:01,38.1,57.9,51.6,172,147,28,23,54.8,131,0
13:46:01,51.7,50.3,57.6,142,127,39,16,47.1,136,0
13:47:01,35.2,53.5,59.9,124,87,21,24,44.5,141,0
13:48:01,50.8,46.7,57.8,126,140,35,17,53.0,144,0
13:49:01,52.3,49.7,52.8,152,96,27,22,51.6,137,0
13:50:01,93.6,89.3,60.1,924,1099,507,701,86.8,574,1
13:51:01,52.7,59.7,52.3,144,126,26,16,45.9,113,0
13:52:01,58.3,57.6,57.4,137,101,40,30,54.5,138,0
13:53:01,57.5,48.6,52.8,100,90,26,23,46.1,116,0
13:54:01,55.2,52.9,52.1,144,139,31,19,51.7,118,0
13:55:01,96.9,87.5,55.6,1381,835,626,630,91.2,390,1
13:56:01,31.1,48.5,58.4,177,90,24,23,43.8,142,0
13:57:01,55.5,54.6,54.9,130,101,22,20,51.3,140,0
13:58:01,57.4,53.3,54.3,176,83,29,23,44.2,144,0
13:59:01,36.3,51.1,51.7,109,121,20,27,53.8,133,0
14:00:01,56.4,56.8,58.0,176,84,40,15,53.7,115,0
14:01:01,58.4,47.1,58.6,132,111,24,20,50.9,134,0
14:02:01,57.9,51.9,55.5,105,107,36,17,50.3,132,0
14:03:01,43.3,46.4,59.5,101,128,34,26,44.9,133,0
14:04:01,39.7,47.2,51.0,120,84,22,25,47.0,123,0
14:05:01,51.7,47.3,51.5,177,100,23,19,50.9,141,0
14:06:01,58.5,53.8,57.6,155,97,26,18,50.5,129,0
14:07:01,31.7,49.3,54.1,110,117,25,24,51.9,122,0
14:08:01,86.5,85.9,64.6,711,740,869,443,88.5,369,1
14:09:01,37.8,48.5,53.2,116,112,26,25,50.2,138,0
14:10:01,95.0,85.2,52.6,1144,1068,866,692,92.5,432,1
14:11:01,30.4,48.1,58.8,156,124,31,25,54.3,116,0
14:12:01,37.2,49.1,50.8,162,101,28,17,47.6,115,0
14:13:01,41.2,56.6,58.2,174,102,27,16,47.2,111,0
14:14:01,50.1,50.8,53.9,180,114,39,15,53.2,148,0
14:15:01,31.2,57.0,58.5,134,138,40,20,52.6,124,0
14:16:01,36.7,50.0,51.2,117,134,22,27,49.6,150,0
14:17:01,96.4,95.1,65.8,1032,1027,744,545,92.0,558,1
14:18:01,30.6,52.7,55.5,143,131,39,22,47.9,139,0
14:19:01,59.0,47.2,58.1,109,134,35,17,45.9,148,0
14:20:01,45.6,47.1,56.1,169,139,37,28,45.8,130,0
14:21:01,50.4,47.9,51.0,165,115,31,17,49.6,145,0
14:22:01,35.5,51.8,59.9,103,90,20,25,42.7,130,0
14:23:01,52.8,47.3,59.8,139,104,36,30,52.2,126,0
14:24:01,36.6,51.0,55.8,119,101,23,16,44.5,110,0
14:25:01,43.4,52.2,54.2,105,125,33,15,48.0,148,0
14:26:01,41.4,45.5,50.2,113,137,21,16,49.0,119,0
14:27:01,43.4,49.1,58.7,157,135,39,28,45.8,135,0
14:28:01,40.9,58.2,56.9,142,87,34,19,49.0,150,0
14:29:01,56.6,49.6,52.4,168,92,32,18,50.1,120,0
14:30:01,42.9,54.0,50.8,118,106,28,20,46.8,145,0
14:31:01,48.7,57.3,55.4,154,97,27,27,43.2,110,0
14:32:01,47.1,58.0,57.6,180,135,27,15,43.6,124,0
14:33:01,40.2,59.4,59.1,170,111,36,20,47.7,137,0
14:34:01,36.3,55.4,55.2,135,117,30,20,53.3,139,0
14:35:01,53.1,55.3,50.4,152,117,27,24,47.8,115,0
14:36:01,99.0,92.3,60.7,1099,889,755,511,75.7,484,1
14:37:01,43.4,45.1,53.6,107,143,28,26,52.2,144,0
14:38:01,42.3,50.2,58.0,123,82,37,30,53.4,138,0
14:39:01,51.1,55.3,58.1,151,147,38,21,54.4,129,0
14:40:01,40.3,52.9,59.1,136,110,39,26,47.2,126,0
14:41:01,57.8,54.4,56.8,152,113,31,28,54.0,122,0
14:42:01,52.7,46.9,59.1,135,128,36,17,46.9,134,0
14:43:01,52.7,58.7,51.4,105,134,20,16,43.8,141,0
14:44:01,41.1,58.0,55.0,143,103,24,27,52.1,150,0
14:45:01,41.8,46.9,57.7,156,102,22,21,51.4,135,0
14:46:01,47.5,51.8,56.5,111,133,39,23,44.2,115,0
14:47:01,55.9,46.6,57.5,139,120,35,19,42.1,113,0
14:48:01,48.1,58.2,54.9,180,115,25,25,50.5,145,0
14:49:01,56.3,45.7,59.1,118,114,38,21,54.4,143,0
14:50:01,34.3,50.6,52.6,148,95,28,23,46.9,126,0
14:51:01,50.0,56.7,50.4,169,105,37,17,43.0,133,0
14:52:01,57.1,58.5,59.6,135,149,23,18,53.0,140,0
14:53:01,40.1,50.3,50.8,158,97,21,23,48.0,130,0
14:54:01,32.9,45.9,57.2,156,119,35,24,49.9,143,0
14:55:01,41.0,49.4,58.3,150,86,27,16,47.8,140,0
14:56:01,49.3,49.2,58.2,146,117,38,22,44.9,120,0
14:57:01,56.9,51.5,59.5,119,146,24,18,48.2,142,0
14:58:01,54.4,57.1,55.1,169,133,30,19,50.3,110,0
14:59:01,37.5,48.9,56.3,158,122,25,30,52.5,144,0
15:00:01,35.2,57.4,55.1,138,112,32,21,42.4,125,0
15:01:01,45.9,49.0,57.6,120,88,39,18,49.5,116,0
15:02:01,58.9,54.8,56.7,133,129,30,26,43.4,145,0
15:03:01,44.4,54.5,53.2,165,128,40,18,43.3,138,0
15:04:01,35.6,55.6,53.3,109,144,38,17,51.0,150,0
15:05:01,43.3,53.9,53.4,179,143,20,22,48.8,138,0
15:06:01,46.2,49.5,53.8,155,131,29,19,50.8,130,0
15:07:01,39.5,50.3,54.6,153,96,36,28,51.1,138,0
15:08:01,44.0,52.9,50.6,120,89,31,28,45.0,137,0
15:09:01,48.5,48.1,52.2,130,99,32,19,53.3,122,0
15:10:01,56.6,56.2,56.3,160,96,34,25,43.8,147,0
15:11:01,32.6,56.5,57.7,113,102,32,25,47.3,128,0
15:12:01,54.4,51.3,59.7,161,96,23,21,50.1,147,0
15:13:01,47.1,46.8,60.0,107,88,27,30,42.9,133,0
15:14:01,45.9,56.6,55.1,175,104,20,16,52.5,124,0
15:15:01,54.4,53.7,52.9,108,104,33,25,42.7,131,0
15:16:01,56.7,57.2,55.1,102,147,22,28,53.5,146,0
15:17:01,89.8,98.9,69.5,1125,672,537,730,82.2,495,1
15:18:01,41.2,49.4,55.0,131,117,33,20,44.1,149,0
15:19:01,46.1,50.3,60.0,163,102,37,15,51.9,129,0
15:20:01,31.1,50.6,59.3,154,119,26,21,49.7,113,0
15:21:01,35.5,51.2,55.6,112,133,26,27,54.1,115,0
15:22:01,44.3,49.6,57.0,104,128,33,26,51.6,123,0
15:23:01,55.4,46.4,52.2,178,122,34,16,42.6,147,0
15:24:01,31.8,48.7,51.3,179,87,28,15,54.2,132,0
15:25:01,58.9,52.8,52.0,149,131,28,17,49.5,141,0
15:26:01,36.1,54.5,58.1,111,81,27,26,47.8,111,0
15:27:01,35.7,46.3,57.5,180,148,24,16,50.7,114,0
15:28:01,56.4,49.5,53.2,170,85,36,15,50.3,150,0
15:29:01,38.0,45.2,54.4,160,124,40,17,47.8,139,0
15:30:01,32.0,45.9,56.7,122,128,31,18,47.2,121,0
15:31:01,53.6,58.3,59.4,176,115,32,26,44.4,111,0
15:32:01,42.2,47.4,52.4,149,147,26,24,51.2,147,0
15:33:01,33.5,51.1,59.5,132,84,40,27,50.4,126,0
15:34:01,51.8,52.2,56.7,121,116,23,23,45.9,122,0
15:35:01,35.0,45.2,57.6,120,114,28,19,43.5,148,0
15:36:01,44.6,52.5,58.1,112,126,31,21,52.7,121,0
15:37:01,58.5,53.3,51.3,178,98,30,28,48.5,148,0
15:38:01,41.0,55.8,56.4,139,85,39,22,48.3,129,0
15:39:01,59.1,45.2,59.2,159,120,24,21,48.1,128,0
15:40:01,35.8,59.0,55.0,137,93,33,15,53.7,143,0
15:41:01,39.3,45.7,53.3,146,106,34,23,44.5,150,0
15:42:01,34.5,49.0,50.9,110,123,37,18,47.3,147,0
15:43:01,33.2,53.9,52.8,179,124,31,30,52.1,141,0
15:44:01,54.3,46.3,55.8,166,145,32,16,43.7,134,0
15:45:01,46.3,57.5,50.7,118,140,35,17,43.7,119,0
15:46:01,56.9,45.1,59.8,148,96,31,29,49.0,112,0
15:47:01,59.2,59.9,58.4,123,91,25,21,51.3,150,0
15:48:01,35.3,49.8,59.5,179,139,35,19,45.4,114,0
15:49:01,37.3,51.4,52.5,117,130,28,16,53.2,121,0
15:50:01,32.3,47.7,59.6,138,83,29,27,43.5,138,0
15:51:01,31.7,49.8,52.4,147,137,38,24,51.6,133,0
15:52:01,30.4,48.3,58.1,151,113,33,25,52.8,137,0
15:53:01,57.0,52.8,59.8,160,96,39,19,54.2,133,0
15:54:01,41.6,48.8,58.1,154,105,33,19,53.1,134,0
15:55:01,45.3,47.6,57.6,153,137,32,19,51.8,144,0
15:56:01,42.0,45.6,59.6,177,84,28,22,50.1,128,0
15:57:01,45.4,51.0,53.8,121,109,37,18,47.1,128,0
15:58:01,36.2,48.0,56.1,152,110,21,24,44.6,145,0
15:59:01,48.1,53.4,58.1,167,82,26,19,51.3,118,0
16:00:01,49.3,53.9,51.7,154,103,39,18,52.5,131,0
16:01:01,38.1,52.6,53.0,160,125,31,22,50.4,131,0
16:02:01,51.1,55.4,54.5,135,89,31,27,44.8,139,0
16:03:01,45.0,59.6,50.9,169,107,23,20,46.6,129,0
16:04:01,40.5,45.5,50.2,134,133,21,19,50.4,111,0
16:05:01,32.7,58.1,57.2,167,127,20,24,42.7,130,0
16:06:01,46.9,47.1,55.8,140,111,30,20,51.4,148,0
16:07:01,40.9,57.6,54.7,105,103,37,29,43.3,139,0
16:08:01,58.9,55.8,50.9,122,120,20,30,47.3,121,0
16:09:01,51.4,53.0,59.7,109,108,22,25,49.0,125,0
16:10:01,48.6,49.1,50.3,143,127,37,22,51.6,140,0
16:11:01,47.0,52.6,51.6,149,138,38,26,45.8,124,0
16:12:01,91.0,92.7,60.7,1244,993,763,642,79.5,540,1
16:13:01,41.0,50.7,54.6,126,104,31,20,48.3,142,0
16:14:01,30.5,52.7,54.5,106,148,37,30,46.5,148,0
16:15:01,35.7,59.6,55.6,166,120,28,21,51.6,120,0
16:16:01,95.3,92.1,62.3,1037,733,728,578,93.9,387,1
16:17:01,37.9,48.3,59.2,144,83,27,18,46.3,135,0
16:18:01,54.9,51.3,54.2,135,133,38,26,42.2,115,0
16:19:01,54.3,48.0,59.7,102,119,30,29,54.7,145,0
16:20:01,58.6,59.9,57.0,153,85,24,16,54.7,110,0
16:21:01,58.8,50.6,54.0,175,86,21,16,47.6,130,0
16:22:01,31.5,47.2,51.5,177,145,29,29,54.8,150,0
16:23:01,43.6,54.9,56.2,173,141,33,26,49.2,118,0
16:24:01,34.7,49.4,51.3,138,138,24,28,42.6,114,0
16:25:01,49.6,53.6,55.3,102,87,37,19,44.0,118,0
16:26:01,47.4,47.6,59.8,173,149,40,23,48.1,148,0
16:27:01,46.7,46.1,58.7,110,123,26,19,42.6,114,0
16:28:01,43.3,55.0,50.9,152,140,30,29,54.8,144,0
16:29:01,41.6,48.4,57.3,180,125,38,23,44.9,116,0
16:30:01,55.2,52.1,56.9,109,121,32,18,53.5,110,0
16:31:01,42.5,48.9,50.3,139,133,33,15,44.2,126,0
16:32:01,43.3,50.7,53.2,134,119,22,20,48.5,131,0
16:33:01,57.0,56.9,57.8,117,127,24,16,54.2,146,0
16:34:01,57.3,55.4,51.2,160,139,30,17,52.7,123,0
16:35:01,45.8,47.0,56.2,160,106,25,22,52.8,126,0
16:36:01,34.8,55.6,51.3,153,138,38,28,48.8,112,0
16:37:01,41.7,45.2,53.8,177,119,20,29,46.7,123,0
16:38:01,30.7,48.0,54.6,159,102,24,24,53.8,149,0
16:39:01,47.3,58.7,55.7,167,111,20,21,49.6,134,0
16:40:01,36.6,47.2,53.2,127,115,36,28,47.7,121,0
16:41:01,47.6,51.4,50.6,164,104,31,24,50.7,128,0
16:42:01,54.7,53.9,58.8,108,114,39,26,54.5,144,0
16:43:01,50.6,56.0,56.4,178,146,39,18,43.5,132,0
16:44:01,36.8,52.9,53.7,159,84,20,24,51.6,147,0
16:45:01,37.6,49.1,52.7,122,103,36,24,42.6,137,0
16:46:01,35.2,58.1,50.6,103,125,24,19,43.7,136,0
16:47:01,53.4,57.4,54.5,141,126,28,26,46.1,149,0
16:48:01,30.9,58.9,51.3,142,146,21,20,45.3,126,0
16:49:01,51.4,47.1,50.5,133,126,35,15,46.3,122,0
16:50:01,41.3,49.4,55.2,176,131,25,16,51.9,114,0
16:51:01,34.4,54.2,52.1,165,103,38,20,45.4,144,0
16:52:01,35.8,59.9,51.5,115,99,33,28,45.4,133,0
16:53:01,52.6,53.1,55.2,154,145,20,26,54.3,116,0
16:54:01,50.0,46.3,55.5,152,93,25,29,53.9,119,0
16:55:01,58.3,58.5,58.2,121,103,26,20,54.5,137,0
16:56:01,44.5,53.2,57.9,147,109,33,29,45.3,122,0
16:57:01,39.1,56.2,59.3,110,83,40,24,51.5,124,0
16:58:01,35.0,59.0,54.6,179,138,36,28,43.1,128,0
16:59:01,35.7,59.1,52.5,155,107,22,25,53.0,140,0
17:00:01,34.8,52.7,50.4,128,119,25,28,45.1,114,0
17:01:01,41.0,46.0,52.1,138,85,36,15,43.8,133,0
17:02:01,52.3,58.3,55.0,103,101,21,20,44.5,120,0
17:03:01,42.4,54.0,55.8,110,140,26,29,49.8,136,0
17:04:01,43.9,56.9,53.7,146,84,20,29,48.7,125,0
17:05:01,34.0,49.5,56.2,131,135,31,25,54.0,129,0
17:06:01,37.6,50.2,57.2,150,84,36,23,50.9,130,0
17:07:01,55.7,54.9,58.3,119,96,28,21,54.5,127,0
17:08:01,31.2,52.0,55.3,178,118,35,15,47.8,146,0
17:09:01,85.1,86.2,69.0,803,786,555,396,88.0,365,1
17:10:01,39.1,52.3,55.5,116,137,36,30,43.3,145,0
17:11:01,53.6,47.6,53.0,130,125,25,20,44.8,140,0
17:12:01,52.6,53.2,58.7,110,129,25,15,48.0,133,0
17:13:01,32.8,54.4,56.0,134,118,37,23,47.8,122,0
17:14:01,49.5,46.9,57.3,109,92,24,29,44.4,122,0
17:15:01,48.4,51.7,56.6,155,114,23,26,52.5,150,0
17:16:01,94.7,86.2,54.5,1258,1157,742,467,75.8,498,1
17:17:01,40.8,55.4,56.5,164,144,24,22,46.3,131,0
17:18:01,53.6,51.8,58.4,158,127,30,16,42.8,143,0
17:19:01,40.9,47.9,59.6,120,146,24,22,45.8,118,0
17:20:01,32.9,56.4,59.3,130,88,21,15,45.0,124,0
17:21:01,43.7,56.9,57.3,135,82,38,20,46.3,149,0
17:22:01,45.4,45.4,57.6,134,128,35,25,46.1,132,0
17:23:01,49.6,53.8,57.9,152,80,31,17,49.5,123,0
17:24:01,31.7,46.6,56.4,153,84,20,30,43.6,124,0
17:25:01,49.2,51.3,53.4,131,141,35,16,50.1,134,0
17:26:01,55.7,46.5,53.3,170,80,28,24,49.3,129,0
17:27:01,31.9,54.9,57.0,124,91,38,22,51.8,125,0
17:28:01,59.7,48.4,57.1,139,109,26,20,49.7,129,0
17:29:01,31.1,47.4,55.4,157,133,24,17,50.8,116,0
17:30:01,50.7,54.3,57.8,112,91,20,29,45.0,125,0
17:31:01,35.2,50.4,56.6,146,95,40,26,50.5,127,0
17:32:01,57.7,58.3,57.1,111,82,33,19,44.6,115,0
17:33:01,39.5,51.4,53.0,137,144,20,22,45.7,119,0
17:34:01,55.9,49.1,55.5,171,149,37,28,47.8,140,0
17:35:01,48.5,54.4,58.2,112,137,23,29,50.7,130,0
17:36:01,31.0,50.3,52.6,164,102,32,24,53.1,115,0
17:37:01,32.4,50.4,51.6,118,99,26,19,43.0,111,0
17:38:01,46.4,46.9,57.0,170,81,25,15,52.7,141,0
17:39:01,57.0,49.7,51.2,123,116,28,22,53.1,136,0
17:40:01,40.3,45.2,59.7,128,81,40,16,53.7,130,0
17:41:01,50.6,57.1,58.5,110,140,29,25,54.8,120,0
17:42:01,51.1,45.3,56.9,100,84,22,27,48.9,119,0
17:43:01,52.2,51.8,55.2,132,133,25,15,52.9,128,0
17:44:01,54.8,46.6,53.7,174,92,24,26,45.0,132,0
17:45:01,34.1,58.2,57.0,161,142,21,27,44.3,128,0
17:46:01,53.8,55.0,53.6,132,140,23,26,48.4,110,0
17:47:01,42.3,48.7,53.5,112,127,40,25,48.3,119,0
17:48:01,48.2,53.7,58.8,127,103,40,23,46.1,127,0
17:49:01,52.0,54.6,58.1,102,109,34,23,53.3,144,0
17:50:01,55.1,55.0,53.9,120,134,26,29,42.5,127,0
17:51:01,36.8,52.0,55.7,148,135,37,25,44.1,127,0
17:52:01,59.2,59.0,50.5,167,126,38,20,47.8,112,0
17:53:01,40.8,59.5,52.8,117,118,21,21,42.4,125,0
17:54:01,58.9,49.4,58.3,156,91,28,18,43.5,111,0
17:55:01,41.1,48.6,51.8,159,125,37,23,48.5,150,0
17:56:01,98.8,87.9,60.9,742,1358,383,520,94.3,352,1
17:57:01,42.0,52.8,59.0,133,126,37,22,51.8,134,0
17:58:01,42.0,47.4,55.2,111,140,21,19,48.9,146,0
17:59:01,37.0,51.9,52.7,180,80,30,30,48.3,121,0
18:00:01,45.7,47.1,55.8,109,108,21,17,43.0,121,0
18:01:01,36.0,49.1,52.4,170,86,24,20,51.2,136,0
18:02:01,35.5,50.5,57.9,167,84,26,27,54.5,128,0
18:03:01,57.9,51.9,51.5,179,149,27,24,48.6,145,0
18:04:01,37.6,49.0,58.6,110,123,33,21,46.0,113,0
18:05:01,55.6,50.6,58.3,105,86,36,24,43.1,123,0
18:06:01,47.5,52.0,53.5,176,144,26,26,46.5,130,0
18:07:01,40.1,45.1,51.0,154,139,37,18,42.8,144,0
18:08:01,33.3,45.9,56.6,161,110,27,23,50.5,139,0
18:09:01,45.3,52.4,54.3,156,128,35,15,43.4,129,0
18:10:01,46.8,46.3,51.8,163,89,40,30,43.5,118,0
18:11:01,43.6,59.0,55.1,112,138,34,29,48.1,147,0
18:12:01,51.8,47.8,55.1,168,110,36,28,43.2,110,0
18:13:01,32.2,58.1,56.1,156,121,23,21,47.1,148,0
18:14:01,58.2,51.8,51.4,178,117,40,15,42.2,113,0
18:15:01,42.8,51.1,54.7,150,98,20,24,54.6,116,0
18:16:01,34.9,55.6,50.2,171,117,34,21,50.1,133,0
18:17:01,45.0,46.0,52.3,143,146,21,29,47.4,117,0
18:18:01,48.2,54.5,51.5,146,147,25,15,49.0,115,0
18:19:01,32.8,58.0,55.3,119,142,29,25,47.5,141,0
18:20:01,46.2,54.3,50.6,167,87,30,23,43.9,125,0
18:21:01,46.2,59.5,57.9,152,97,39,22,48.2,147,0
18:22:01,40.8,48.8,59.0,171,135,34,20,44.3,148,0
18:23:01,36.4,59.1,52.2,173,102,24,21,49.3,141,0
18:24:01,47.3,49.5,54.0,157,90,27,28,52.1,128,0
18:25:01,96.6,93.8,69.9,1359,768,753,416,88.7,377,1
18:26:01,54.1,56.4,50.4,142,80,33,29,52.6,131,0
18:27:01,35.9,51.5,55.0,161,106,28,15,49.5,136,0
18:28:01,56.6,53.3,53.2,136,120,29,16,53.1,137,0
18:29:01,38.9,46.6,52.9,168,89,36,27,44.3,124,0
18:30:01,35.7,52.1,50.3,126,135,35,26,42.2,149,0
18:31:01,56.8,45.2,57.4,117,126,35,17,54.8,124,0
18:32:01,41.0,57.6,50.4,175,82,33,28,53.1,137,0
18:33:01,39.3,46.7,53.0,168,110,39,21,45.7,127,0
18:34:01,58.8,58.6,55.5,138,107,38,20,46.1,137,0
18:35:01,37.1,54.7,54.2,168,124,32,26,49.0,149,0
18:36:01,47.8,53.1,56.7,119,138,22,24,49.3,125,0
18:37:01,56.8,50.2,58.9,114,86,21,30,51.2,132,0
18:38:01,54.0,50.5,58.5,157,104,34,23,51.7,140,0
18:39:01,54.5,59.8,55.2,131,127,21,19,45.9,128,0
18:40:01,56.1,50.0,55.3,139,93,37,20,43.1,118,0
18:41:01,34.4,46.0,53.3,145,126,32,19,52.1,120,0
18:42:01,35.2,52.8,56.8,107,95,22,16,42.8,137,0
18:43:01,47.1,55.8,54.5,120,98,21,15,43.9,147,0
18:44:01,36.7,58.3,56.8,137,149,31,29,48.7,116,0
18:45:01,57.2,48.7,56.0,126,95,26,19,44.6,146,0
18:46:01,42.9,50.6,54.1,133,122,24,17,54.4,136,0
18:47:01,54.6,52.0,51.4,166,102,20,28,43.0,119,0
18:48:01,32.6,45.6,56.6,126,133,27,17,43.6,121,0
18:49:01,54.6,50.9,54.0,129,149,36,29,53.7,133,0
18:50:01,53.9,56.7,55.8,154,125,39,23,54.3,135,0
18:51:01,30.9,47.8,55.0,102,100,39,27,45.4,146,0
18:52:01,36.1,51.7,59.0,144,98,25,15,42.7,143,0
18:53:01,50.5,57.4,55.0,143,127,32,23,47.1,145,0
18:54:01,32.2,58.9,52.8,102,123,21,15,50.2,126,0
18:55:01,92.6,88.0,61.8,1068,1346,820,791,79.4,493,1
18:56:01,46.4,52.4,55.6,136,114,21,21,52.4,127,0
18:57:01,32.3,49.3,52.4,154,110,36,25,49.7,140,0
18:58:01,41.1,50.4,50.5,155,88,27,30,46.8,144,0
18:59:01,34.4,51.1,55.4,173,105,29,22,45.3,112,0
19:00:01,47.1,58.7,57.6,141,142,30,26,51.5,141,0
19:01:01,55.9,54.4,52.1,110,88,32,19,46.0,115,0
19:02:01,45.1,59.0,52.2,152,138,33,15,48.3,112,0
19:03:01,59.0,49.6,53.5,114,90,21,20,49.2,121,0
19:04:01,56.5,57.4,57.3,105,115,31,26,54.8,115,0
19:05:01,49.5,57.4,50.1,144,98,21,21,42.9,124,0
19:06:01,50.5,45.9,58.5,144,97,33,23,50.5,119,0
19:07:01,44.3,49.8,55.1,138,123,34,21,44.7,146,0
19:08:01,41.5,56.7,58.3,118,126,29,17,51.5,114,0
19:09:01,36.8,58.8,50.5,110,132,21,24,46.3,115,0
19:10:01,59.2,53.2,51.4,125,132,32,25,50.4,130,0
19:11:01,52.7,55.7,53.9,158,138,40,16,53.6,144,0
19:12:01,45.9,45.9,54.7,179,104,21,21,48.1,142,0
19:13:01,47.5,47.2,58.3,179,92,21,17,46.6,134,0
19:14:01,35.8,51.7,51.3,132,114,40,26,46.6,129,0
19:15:01,49.7,56.5,55.6,170,92,30,17,49.1,123,0
19:16:01,45.4,55.6,50.8,115,129,37,27,48.9,116,0
19:17:01,47.0,46.7,57.5,129,144,26,28,50.0,115,0
19:18:01,36.0,59.1,55.3,172,89,25,17,50.4,136,0
19:19:01,35.0,57.7,55.9,130,125,22,19,53.6,127,0
19:20:01,52.6,60.0,59.1,100,148,21,29,45.6,142,0
19:21:01,33.4,60.0,55.6,174,130,32,22,43.4,117,0
19:22:01,50.5,49.3,53.9,174,92,25,29,51.7,139,0
19:23:01,44.8,52.4,50.8,180,82,30,24,46.6,136,0
19:24:01,46.4,46.2,58.4,118,84,30,16,42.5,115,0
19:25:01,38.1,46.6,54.6,127,126,26,28,45.1,134,0
19:26:01,86.5,96.4,58.3,804,679,462,763,75.7,433,1
19:27:01,50.0,56.1,55.7,116,85,29,19,43.2,148,0
19:28:01,51.6,49.6,50.7,141,82,28,18,44.6,118,0
19:29:01,39.9,50.1,56.7,115,85,20,30,42.3,117,0
19:30:01,52.0,49.6,50.4,156,105,21,19,54.0,133,0
19:31:01,37.1,51.6,50.4,130,102,23,19,50.5,112,0
19:32:01,58.1,49.4,53.8,121,80,37,20,54.4,133,0
19:33:01,32.4,47.7,57.9,119,142,23,26,51.7,148,0
19:34:01,44.9,54.8,54.8,125,125,28,29,52.7,139,0
19:35:01,59.7,58.4,56.5,153,126,24,20,50.3,122,0
19:36:01,49.9,51.2,51.4,118,134,37,22,43.5,131,0
19:37:01,36.9,53.0,58.0,138,103,32,29,45.3,119,0
19:38:01,53.5,54.0,56.8,125,132,27,22,53.2,124,0
19:39:01,42.6,57.1,53.5,103,111,26,20,46.2,111,0
19:40:01,30.8,49.3,57.5,174,93,36,28,49.0,146,0
19:41:01,39.5,47.3,55.1,111,84,23,21,44.0,142,0
19:42:01,31.3,58.6,58.9,131,123,21,23,51.3,139,0
19:43:01,98.7,88.7,68.9,817,1218,727,496,75.2,501,1
19:44:01,36.4,50.8,54.1,178,143,29,23,54.6,147,0
19:45:01,34.4,58.8,50.3,108,94,36,21,46.8,125,0
19:46:01,51.1,45.4,59.1,161,138,29,15,51.5,144,0
19:47:01,55.1,58.4,54.6,126,119,33,28,54.9,143,0
19:48:01,41.0,56.8,53.6,111,142,34,23,47.3,129,0
19:49:01,52.0,54.1,53.1,133,119,40,18,44.3,117,0
19:50:01,36.5,59.9,51.6,128,101,30,15,50.6,120,0
19:51:01,35.3,56.4,57.2,115,114,31,15,53.4,146,0
19:52:01,55.6,47.0,54.6,138,138,25,29,50.6,145,0
19:53:01,36.2,47.8,52.1,112,98,21,28,51.9,148,0
19:54:01,90.4,99.3,64.7,775,1064,604,533,92.6,454,1
19:55:01,59.3,50.7,50.1,135,103,38,26,54.2,136,0
19:56:01,51.5,54.5,56.0,127,119,35,28,45.0,137,0
19:57:01,51.8,56.7,58.1,175,87,29,30,50.6,148,0
19:58:01,38.4,45.9,50.9,104,141,34,26,45.6,115,0
19:59:01,53.8,56.3,57.7,125,106,27,18,51.8,149,0
20:00:01,53.1,51.8,55.2,149,126,30,25,49.5,124,0
20:01:01,46.8,45.2,57.4,160,97,25,16,45.8,132,0
20:02:01,92.5,91.6,61.0,812,920,577,372,76.2,436,1
20:03:01,41.8,52.5,59.9,126,124,30,18,53.8,130,0
20:04:01,45.7,47.5,54.7,165,108,28,21,48.9,139,0
20:05:01,36.0,46.2,51.0,123,86,37,29,50.3,113,0
20:06:01,32.8,51.1,55.9,155,118,37,30,49.8,142,0
20:07:01,91.4,95.8,65.1,1043,1239,672,501,88.5,350,1
20:08:01,38.4,50.6,57.9,174,150,37,19,47.8,138,0
20:09:01,59.2,57.6,51.5,112,117,29,19,52.6,134,0
20:10:01,57.4,46.8,54.0,114,124,24,27,43.1,111,0
20:11:01,59.1,46.5,54.1,153,132,21,27,53.4,119,0
20:12:01,50.4,59.1,53.7,148,141,21,25,42.8,132,0
20:13:01,32.1,54.0,51.8,156,81,39,26,54.1,131,0
20:14:01,54.0,48.2,58.3,100,116,39,27,51.0,128,0
20:15:01,97.6,99.7,55.1,864,1383,894,475,75.2,483,1
20:16:01,41.9,52.5,56.1,171,80,24,28,50.7,121,0
20:17:01,30.5,50.3,51.3,130,120,28,29,51.2,130,0
20:18:01,36.3,59.7,51.9,165,100,37,30,50.6,122,0
20:19:01,34.9,54.0,59.3,120,126,36,20,47.4,144,0
20:20:01,31.2,55.9,52.6,165,116,32,21,46.7,129,0
20:21:01,46.4,52.8,51.8,179,106,37,21,52.9,113,0
20:22:01,94.6,89.9,55.5,968,1085,462,495,88.0,414,1
20:23:01,34.0,51.7,50.0,176,82,22,16,44.4,139,0
20:24:01,94.2,92.1,57.4,943,857,416,388,91.2,596,1
20:25:01,55.0,53.2,55.0,155,145,21,29,47.2,143,0
20:26:01,51.7,56.6,50.8,105,138,35,18,45.0,139,0
20:27:01,49.2,59.3,51.9,162,149,23,19,51.1,129,0
20:28:01,87.0,89.3,62.9,1464,663,863,347,79.8,357,1
20:29:01,44.2,59.3,52.5,156,107,28,26,46.0,123,0
20:30:01,47.1,47.1,52.4,157,82,33,25,43.8,112,0
20:31:01,39.4,57.0,59.3,118,114,22,15,52.1,120,0
20:32:01,49.7,46.9,50.8,138,116,21,22,53.9,133,0
20:33:01,52.5,51.2,55.2,115,127,30,24,52.4,141,0
20:34:01,30.4,49.0,58.9,177,94,40,16,42.2,133,0
20:35:01,47.8,57.1,58.7,164,90,39,20,54.7,136,0
20:36:01,56.5,46.4,57.8,161,141,22,19,49.2,140,0
20:37:01,52.6,59.6,56.5,173,123,24,25,47.2,121,0
20:38:01,51.7,56.2,55.3,160,130,24,20,49.1,138,0
20:39:01,59.1,56.0,55.6,119,106,23,15,48.9,120,0
20:40:01,40.7,49.1,54.8,122,121,30,25,48.6,141,0
20:41:01,46.4,51.6,55.9,146,83,20,21,51.8,140,0
20:42:01,43.1,45.2,56.7,164,144,36,24,49.3,131,0
20:43:01,31.9,54.6,53.6,108,142,29,19,54.7,129,0
20:44:01,36.6,51.6,58.5,115,115,29,26,45.9,131,0
20:45:01,45.6,48.6,54.1,135,132,31,17,53.4,135,0
20:46:01,36.3,54.9,58.4,119,111,22,30,54.7,139,0
20:47:01,37.4,47.6,53.6,145,100,34,15,50.0,126,0
20:48:01,57.6,46.0,59.3,154,114,21,28,46.2,149,0
20:49:01,43.8,50.0,53.4,115,148,21,21,47.1,125,0
20:50:01,49.2,50.6,52.0,147,119,35,15,47.8,114,0
20:51:01,52.0,48.1,57.6,162,84,32,15,42.7,120,0
20:52:01,37.3,51.0,54.8,124,90,33,22,50.9,118,0
20:53:01,88.9,98.0,62.9,1477,899,650,374,91.0,368,1
20:54:01,38.1,48.3,50.4,139,80,20,28,47.2,132,0
20:55:01,50.6,57.7,53.6,109,82,20,23,47.0,145,0
20:56:01,30.6,53.4,59.9,155,121,39,19,45.0,144,0
20:57:01,30.0,50.5,56.5,110,121,24,19,45.6,129,0
20:58:01,31.7,48.2,52.1,107,102,34,24,53.6,119,0
20:59:01,55.3,49.2,51.1,116,118,27,25,44.1,123,0
21:00:01,45.4,48.8,57.7,164,147,36,30,50.0,129,0
21:01:01,44.1,54.1,53.0,121,134,25,20,46.9,113,0
21:02:01,54.3,54.0,56.4,105,149,38,27,50.0,120,0
21:03:01,54.2,49.3,51.5,156,97,21,26,45.3,134,0
21:04:01,33.2,50.1,55.2,168,148,20,24,54.5,144,0
21:05:01,41.7,58.5,56.1,123,133,36,29,42.4,135,0
21:06:01,49.9,55.0,58.3,109,108,39,15,44.0,131,0
21:07:01,32.3,47.2,55.3,150,121,37,25,42.2,120,0
21:08:01,32.0,49.2,54.9,147,80,24,30,46.7,137,0
21:09:01,45.2,45.4,51.5,144,138,34,25,50.7,136,0
21:10:01,49.6,46.4,56.8,128,148,37,17,44.5,123,0
21:11:01,56.7,51.1,57.8,116,97,35,17,43.9,117,0
21:12:01,32.2,54.8,52.6,141,137,23,21,52.9,117,0
21:13:01,36.3,55.2,57.1,110,88,29,21,52.1,150,0
21:14:01,47.8,51.1,58.0,179,91,25,16,44.2,131,0
21:15:01,53.3,56.2,52.6,137,100,27,24,42.5,148,0
21:16:01,37.5,49.0,50.2,166,113,29,30,42.1,140,0
21:17:01,36.1,55.6,59.3,151,105,36,28,44.4,136,0
21:18:01,46.9,56.9,51.4,126,95,30,20,42.4,140,0
21:19:01,44.8,46.7,59.2,132,103,39,15,51.5,142,0
21:20:01,59.5,53.8,52.5,156,117,36,30,43.3,112,0
21:21:01,43.7,56.0,56.7,157,107,20,29,51.3,118,0
21:22:01,34.3,57.4,56.2,116,150,39,17,43.3,110,0
21:23:01,41.0,47.8,52.4,172,89,33,20,48.2,139,0
21:24:01,59.4,53.5,57.5,164,108,21,24,48.1,136,0
21:25:01,56.9,46.8,53.8,121,107,24,22,45.3,112,0
21:26:01,94.2,93.3,61.7,730,667,724,543,90.5,390,1
21:27:01,40.8,52.9,57.1,174,119,24,28,42.5,112,0
21:28:01,44.1,45.9,59.7,170,145,20,29,50.7,122,0
21:29:01,59.2,51.3,53.0,105,132,39,19,45.5,122,0
21:30:01,33.3,59.2,57.9,101,147,35,16,43.5,127,0
21:31:01,51.3,55.4,50.1,125,103,20,23,49.8,114,0
21:32:01,42.1,56.6,50.1,104,99,36,19,43.8,116,0
21:33:01,55.6,51.3,56.3,143,82,32,18,46.4,145,0
21:34:01,35.6,49.2,51.5,127,140,23,19,45.6,115,0
21:35:01,55.7,49.0,51.2,137,128,40,18,48.1,138,0
21:36:01,45.4,53.3,52.9,138,110,35,18,47.3,141,0
21:37:01,30.5,53.4,51.4,177,150,34,25,49.9,112,0
21:38:01,43.0,56.1,55.9,135,114,31,24,51.6,111,0
21:39:01,43.0,50.5,53.6,177,120,24,24,52.1,146,0
21:40:01,57.8,52.9,54.1,109,132,25,29,50.5,113,0
21:41:01,87.8,89.5,63.0,1129,1214,377,795,81.0,395,1
21:42:01,38.5,47.3,55.9,137,89,37,30,42.7,142,0
21:43:01,51.8,55.0,58.2,121,88,38,27,42.3,137,0
21:44:01,38.8,51.6,55.9,114,103,30,18,48.9,149,0
21:45:01,59.2,57.7,55.1,106,88,35,17,46.1,128,0
21:46:01,47.3,55.3,54.3,102,119,32,20,44.6,148,0
21:47:01,31.2,59.2,50.1,127,109,23,19,48.9,132,0
21:48:01,50.0,48.4,59.2,103,119,33,26,45.3,148,0
21:49:01,37.0,57.0,56.6,123,123,26,15,52.6,114,0
21:50:01,47.2,56.0,50.6,159,85,36,21,46.2,142,0
21:51:01,41.8,57.6,56.7,139,85,36,24,51.1,131,0
21:52:01,49.3,55.0,51.7,121,108,30,19,43.1,119,0
21:53:01,52.3,57.9,57.0,151,98,23,15,47.9,123,0
21:54:01,40.9,45.3,51.8,138,133,38,20,51.8,123,0
21:55:01,32.6,45.1,51.3,179,134,21,23,45.0,122,0
21:56:01,55.8,58.6,59.7,175,113,21,29,48.4,113,0
21:57:01,52.3,55.8,53.4,135,90,28,24,47.2,138,0
21:58:01,56.4,45.3,58.7,117,115,32,29,52.6,139,0
21:59:01,46.5,45.5,59.2,148,90,31,24,48.3,110,0
22:00:01,37.2,53.6,58.3,161,87,32,15,43.6,133,0
22:01:01,51.3,51.7,52.0,117,122,38,23,45.1,148,0
22:02:01,55.7,52.2,53.8,169,148,27,30,44.1,117,0
22:03:01,48.7,48.2,55.2,154,127,29,18,51.9,141,0
22:04:01,48.3,54.4,53.9,147,150,25,29,47.8,111,0
22:05:01,42.0,55.3,57.0,148,150,23,26,45.3,117,0
22:06:01,57.7,53.5,59.4,110,110,39,27,45.0,150,0
22:07:01,44.1,46.6,59.4,173,90,30,24,45.4,137,0
22:08:01,38.8,58.5,54.7,106,88,25,18,48.5,125,0
22:09:01,41.3,54.3,59.6,137,128,25,28,53.0,132,0
22:10:01,46.7,46.1,50.9,127,112,40,30,52.1,125,0
22:11:01,55.2,55.7,56.0,107,124,37,25,49.9,128,0
22:12:01,41.7,49.5,51.5,173,128,40,30,43.9,137,0
22:13:01,31.3,54.3,54.2,159,91,40,18,52.1,143,0
22:14:01,44.0,47.7,57.4,100,134,29,26,49.2,121,0
22:15:01,58.1,48.2,53.5,110,80,22,21,47.8,138,0
22:16:01,39.2,54.4,55.9,147,112,24,26,46.0,118,0
22:17:01,49.7,49.5,56.1,118,130,30,27,47.7,114,0
22:18:01,44.4,46.9,53.3,108,131,35,21,44.3,128,0
22:19:01,88.6,89.5,62.7,1289,1256,866,512,86.2,430,1
22:20:01,53.1,53.6,51.0,151,146,26,25,50.5,116,0
22:21:01,51.9,56.4,53.9,180,126,22,21,48.3,118,0
22:22:01,53.3,51.0,51.9,152,120,26,20,42.8,134,0
22:23:01,97.0,88.8,65.4,764,1359,478,533,91.3,551,1
22:24:01,97.9,99.2,53.4,1249,1193,856,480,76.8,372,1
22:25:01,37.4,59.2,60.0,111,81,34,23,54.1,119,0
22:26:01,36.1,54.9,55.8,128,137,34,15,52.7,138,0
22:27:01,44.6,56.2,53.1,141,96,32,26,54.6,145,0
22:28:01,47.2,54.2,52.2,160,124,37,24,48.6,135,0
22:29:01,30.9,58.3,54.5,162,150,22,28,52.6,128,0
22:30:01,38.6,57.8,51.0,137,120,23,25,42.5,111,0
22:31:01,37.3,56.0,53.2,138,129,30,21,53.9,120,0
22:32:01,34.5,54.8,56.0,179,89,40,20,44.8,114,0
22:33:01,88.5,85.5,65.0,1054,979,368,435,86.0,420,1
22:34:01,34.6,53.3,51.4,108,96,22,27,49.4,136,0
22:35:01,87.8,99.2,66.8,1198,777,548,409,81.7,533,1
22:36:01,30.1,47.4,59.2,154,80,32,26,44.6,127,0
22:37:01,32.2,48.3,55.6,133,91,21,26,49.3,140,0
22:38:01,55.5,51.2,51.8,122,141,30,26,44.9,146,0
22:39:01,34.8,45.3,53.9,120,150,28,24,48.5,142,0
22:40:01,56.4,47.9,52.0,109,138,28,15,51.0,139,0
22:41:01,43.1,56.6,50.0,135,87,34,19,47.1,135,0
22:42:01,55.2,52.8,56.5,129,146,24,21,53.2,116,0
22:43:01,37.5,51.4,59.6,168,149,28,21,46.7,141,0
22:44:01,54.9,58.5,52.3,130,82,36,23,42.2,142,0
22:45:01,39.5,45.3,53.6,175,133,31,15,46.0,135,0
22:46:01,56.1,56.4,57.4,110,136,38,21,47.1,150,0
22:47:01,35.7,49.4,53.5,105,150,21,24,49.4,130,0
22:48:01,33.3,53.8,57.4,149,113,37,15,45.1,134,0
22:49:01,57.0,45.9,50.5,125,150,30,24,53.3,129,0
22:50:01,33.8,45.6,58.4,111,112,26,28,44.0,146,0
22:51:01,54.9,48.5,51.6,105,93,22,19,52.6,133,0
22:52:01,37.9,50.4,50.5,109,115,29,17,51.8,114,0
22:53:01,33.3,53.5,53.9,102,119,27,25,51.5,114,0
22:54:01,57.2,51.6,54.3,123,84,23,16,54.1,148,0
22:55:01,44.9,50.7,57.7,155,121,37,16,48.9,141,0
22:56:01,44.6,52.9,58.3,149,128,35,27,43.2,145,0
22:57:01,33.8,54.2,57.9,153,140,39,30,51.3,121,0
22:58:01,53.9,50.7,53.5,144,81,34,30,42.6,139,0
22:59:01,47.9,48.7,55.7,137,144,38,17,54.5,116,0
23:00:01,42.6,52.6,54.0,116,83,36,18,51.7,142,0
23:01:01,50.3,57.3,52.8,176,92,34,30,49.7,126,0
23:02:01,32.9,52.7,51.2,161,82,28,26,47.6,123,0
23:03:01,37.1,54.9,58.5,175,87,26,29,49.6,120,0
23:04:01,53.6,53.4,59.3,141,147,26,23,48.6,128,0
23:05:01,49.3,47.2,57.9,129,142,28,27,43.4,147,0
23:06:01,47.2,51.6,57.4,175,111,22,27,49.0,122,0
23:07:01,58.4,54.0,58.7,113,91,37,30,54.3,141,0
23:08:01,59.1,45.3,50.2,139,147,26,30,52.8,144,0
23:09:01,42.3,51.8,58.5,150,149,26,20,44.8,134,0
23:10:01,46.5,56.5,54.1,101,139,26,16,54.7,120,0
23:11:01,35.6,51.0,54.7,148,84,24,19,43.6,140,0
23:12:01,36.1,45.7,51.6,135,83,20,17,52.2,118,0
23:13:01,35.5,50.6,58.1,172,108,28,15,43.1,116,0
23:14:01,43.6,56.4,56.8,116,148,20,19,43.0,146,0
23:15:01,31.9,47.3,56.0,117,114,40,18,50.2,123,0
23:16:01,95.8,88.4,68.3,786,864,432,307,75.0,411,1
23:17:01,49.8,47.7,56.1,150,139,26,30,48.5,127,0
23:18:01,46.1,45.8,52.2,118,108,39,26,44.1,123,0
23:19:01,55.6,51.4,58.8,152,105,32,25,43.2,136,0
23:20:01,31.6,58.5,55.8,135,119,33,21,53.5,141,0
23:21:01,56.8,54.2,54.1,178,94,21,21,42.2,130,0
23:22:01,47.4,47.8,55.6,167,147,27,30,51.9,119,0
23:23:01,57.1,55.1,58.3,120,103,23,27,52.6,130,0
23:24:01,55.5,47.8,58.2,132,80,27,19,47.8,143,0
23:25:01,46.5,55.1,52.3,180,139,28,15,46.1,119,0
23:26:01,55.4,46.9,59.2,132,149,24,29,49.2,130,0
23:27:01,45.0,50.9,57.4,140,101,23,30,52.5,130,0
23:28:01,48.7,47.6,55.5,137,126,28,17,45.9,143,0
23:29:01,54.1,48.0,54.8,140,143,25,20,44.4,131,0
23:30:01,90.6,97.5,62.5,1462,1054,899,774,86.1,492,1
23:31:01,45.8,52.9,54.3,114,83,40,18,49.2,133,0
23:32:01,41.3,54.0,57.6,132,101,31,21,47.6,119,0
23:33:01,57.8,53.1,57.5,172,122,33,17,44.5,113,0
23:34:01,36.8,46.0,53.3,109,144,40,23,43.4,125,0
23:35:01,30.1,53.6,52.7,145,149,39,28,46.2,120,0
23:36:01,35.5,51.4,58.0,119,138,40,17,42.1,140,0
23:37:01,39.2,51.5,54.1,179,111,23,26,44.2,144,0
23:38:01,31.9,47.7,57.7,107,134,31,28,49.0,115,0
23:39:01,54.7,49.1,51.2,122,150,32,15,43.8,130,0
23:40:01,46.3,52.0,53.1,102,140,34,30,45.8,129,0
23:41:01,58.9,56.7,57.7,100,108,37,28,45.8,143,0
23:42:01,33.8,46.8,50.4,157,120,29,28,42.2,131,0
23:43:01,41.0,52.7,51.1,100,143,37,28,45.7,143,0
23:44:01,57.5,46.1,58.1,113,83,38,27,46.6,146,0
23:45:01,39.2,55.8,59.5,179,91,20,28,45.0,147,0
23:46:01,46.1,52.6,52.2,117,148,22,30,54.6,121,0
23:47:01,37.1,53.9,51.8,131,133,34,15,47.2,126,0
23:48:01,35.5,58.9,55.3,123,142,28,23,47.1,128,0
23:49:01,42.4,53.3,56.5,132,80,25,29,51.1,133,0
23:50:01,57.9,51.9,53.0,113,127,35,20,44.1,148,0
23:51:01,42.5,54.6,54.0,151,99,22,25,43.3,137,0
23:52:01,46.9,52.3,59.5,114,137,27,26,53.6,150,0
23:53:01,94.0,89.8,60.2,815,1108,556,738,90.5,505,1
23:54:01,56.8,47.9,58.4,125,137,35,18,49.7,129,0
23:55:01,35.5,59.5,55.7,134,96,35,27,48.0,145,0
23:56:01,36.2,45.7,51.9,107,129,39,23,50.3,132,0
23:57:01,40.0,58.4,51.0,134,95,23,22,55.0,144,0
23:58:01,34.7,47.2,51.6,142,107,39,25,49.1,149,0
23:59:01,31.6,57.3,53.2,141,147,24,18,51.5,150,0
00:00:01,57.7,46.0,56.9,140,80,32,19,50.2,119,0
00:01:01,49.1,50.8,50.6,120,139,40,29,48.1,120,0
00:02:01,57.6,47.6,58.9,167,87,24,20,46.7,126,0
00:03:01,31.1,45.4,56.7,137,116,38,15,54.8,132,0
00:04:01,31.5,49.6,53.4,153,128,23,30,52.2,116,0
00:05:01,48.6,54.3,55.1,156,94,30,26,53.6,115,0
00:06:01,38.0,57.7,54.1,138,142,38,16,43.1,138,0
00:07:01,46.2,48.1,58.2,137,98,39,16,44.1,120,0
00:08:01,52.1,47.9,57.6,126,94,26,25,53.8,124,0
00:09:01,53.8,47.6,56.2,167,110,37,21,51.5,128,0
00:10:01,51.7,46.7,55.6,160,122,26,15,54.5,132,0
00:11:01,30.5,54.7,50.4,138,150,21,23,48.8,112,0
00:12:01,40.2,57.4,55.5,142,127,34,22,44.5,134,0
00:13:01,39.3,45.6,56.7,117,143,32,16,52.0,139,0
00:14:01,44.3,55.3,58.7,150,140,32,25,45.8,139,0
00:15:01,50.9,48.2,54.6,113,81,38,25,54.7,132,0
00:16:01,52.2,55.5,54.5,152,120,23,15,54.7,141,0
00:17:01,58.1,57.3,50.7,175,106,37,28,43.1,124,0
00:18:01,36.0,56.3,53.3,108,133,21,28,46.7,150,0
00:19:01,52.5,54.0,57.6,110,138,38,17,49.1,111,0
00:20:01,40.9,55.6,55.6,144,143,26,25,43.2,147,0
00:21:01,44.5,56.9,58.8,159,138,34,30,54.7,131,0
00:22:01,42.0,47.7,51.3,106,82,30,15,47.5,117,0
00:23:01,57.3,47.1,52.0,156,95,22,16,50.0,147,0
00:24:01,90.5,86.0,65.4,1267,738,761,530,76.1,523,1
00:25:01,52.1,58.8,59.2,116,139,32,26,43.6,122,0
00:26:01,55.4,46.6,56.5,160,124,39,21,43.8,120,0
00:27:01,50.7,46.6,52.3,153,98,35,17,45.8,136,0
00:28:01,31.1,55.7,59.4,144,122,28,23,51.6,131,0
00:29:01,44.2,50.7,50.6,162,107,33,28,54.0,114,0
00:30:01,42.7,52.4,57.0,180,148,20,18,44.8,124,0
00:31:01,38.4,55.2,59.1,137,95,34,17,44.0,125,0
00:32:01,32.0,54.2,51.6,136,141,23,25,44.4,116,0
00:33:01,51.2,55.6,57.8,138,108,21,17,42.8,132,0
00:34:01,58.0,59.0,50.5,116,116,32,24,54.1,124,0
00:35:01,54.0,56.8,55.0,178,102,27,16,51.5,143,0
00:36:01,32.5,56.9,55.1,156,143,26,20,47.2,139,0
00:37:01,45.8,54.6,59.5,143,147,24,25,42.3,147,0
00:38:01,51.7,55.7,58.8,166,109,34,17,47.5,141,0
00:39:01,32.8,55.8,52.5,161,107,33,22,52.5,119,0
00:40:01,48.3,54.4,51.1,167,99,21,15,46.5,110,0
00:41:01,53.2,45.3,58.1,109,110,25,18,54.3,145,0
00:42:01,53.8,52.1,57.0,106,113,25,18,45.1,149,0
00:43:01,47.8,58.7,52.6,123,142,38,15,48.6,119,0
00:44:01,52.1,46.7,50.2,134,129,40,29,50.7,147,0
00:45:01,41.4,53.8,53.7,141,129,39,27,48.9,145,0
00:46:01,36.7,59.8,53.5,162,136,23,26,42.7,133,0
00:47:01,51.3,49.7,58.8,118,91,31,28,52.8,140,0
00:48:01,43.3,45.1,54.0,136,123,31,23,44.0,122,0
00:49:01,88.0,90.8,63.0,1428,1171,478,697,76.5,458,1
00:50:01,53.1,52.3,55.3,124,91,31,15,48.0,113,0
00:51:01,54.5,49.3,55.4,140,95,39,21,51.3,119,0
00:52:01,30.0,57.0,52.3,153,85,23,20,53.5,116,0
00:53:01,38.3,56.7,53.7,140,97,23,17,52.7,132,0
00:54:01,53.9,48.6,53.6,126,85,35,15,52.3,136,0
00:55:01,55.7,55.3,58.8,123,139,24,30,45.9,118,0
00:56:01,35.3,55.4,57.5,170,135,24,27,49.1,115,0
00:57:01,59.4,49.2,55.4,103,90,40,18,50.1,147,0
00:58:01,35.0,57.0,50.6,108,108,40,28,43.5,149,0
00:59:01,33.3,58.4,52.1,123,141,30,29,52.2,136,0
01:00:01,42.9,59.4,59.4,116,82,29,29,49.8,142,0
01:01:01,33.1,54.3,57.3,121,148,22,27,52.7,117,0
01:02:01,38.7,59.5,53.2,158,137,24,22,49.6,146,0
01:03:01,50.1,45.6,55.8,103,138,36,24,54.9,141,0
01:04:01,51.4,55.4,50.1,149,136,36,21,48.1,115,0
01:05:01,53.7,59.5,58.1,112,98,28,23,53.8,119,0
01:06:01,46.4,58.2,53.6,133,148,35,22,45.4,137,0
01:07:01,35.5,53.0,50.4,151,124,24,25,45.8,135,0
01:08:01,54.7,53.0,50.4,112,95,38,25,42.0,122,0
01:09:01,38.8,58.6,55.0,151,104,26,28,54.3,132,0
01:10:01,39.9,58.9,59.5,177,82,30,19,51.6,128,0
01:11:01,46.2,59.3,57.2,172,81,26,20,52.1,117,0
01:12:01,51.3,46.7,52.9,122,87,37,22,48.8,125,0
01:13:01,57.4,51.5,55.7,150,108,35,20,49.1,142,0
01:14:01,53.6,46.8,51.4,146,146,34,15,49.4,141,0
01:15:01,48.3,46.6,54.9,159,117,22,20,46.8,124,0
01:16:01,49.0,54.2,59.4,122,99,24,27,44.9,146,0
01:17:01,59.5,52.0,51.3,148,102,30,28,43.9,139,0
01:18:01,56.6,51.4,50.3,128,144,33,29,52.5,116,0
01:19:01,31.2,55.3,57.6,115,123,37,28,44.5,110,0
01:20:01,54.1,45.6,56.7,108,88,37,21,54.6,150,0
01:21:01,30.0,57.4,52.5,111,119,23,23,54.3,144,0
01:22:01,51.8,52.8,59.6,180,150,30,15,43.4,113,0
01:23:01,54.7,48.3,51.9,144,85,25,20,53.7,127,0
01:24:01,38.6,56.2,53.4,101,145,30,16,47.5,141,0
01:25:01,33.8,47.8,55.5,145,146,35,30,42.8,110,0
01:26:01,43.5,48.1,51.5,174,111,21,28,53.0,145,0
01:27:01,55.2,56.1,50.4,128,120,31,15,53.4,116,0
01:28:01,45.9,58.7,56.3,157,128,37,27,51.2,140,0
01:29:01,58.1,50.6,59.6,130,113,31,20,42.2,118,0
01:30:01,38.1,48.5,55.5,171,86,40,18,49.7,127,0
01:31:01,31.6,47.9,51.2,117,144,27,23,42.0,150,0
01:32:01,55.5,59.6,55.0,135,92,30,30,53.2,137,0
01:33:01,34.1,45.6,54.7,127,119,22,21,46.6,138,0
01:34:01,51.4,56.1,59.6,148,110,23,22,48.7,149,0
01:35:01,56.4,50.6,50.2,150,115,28,22,50.0,132,0
01:36:01,38.2,47.6,52.1,177,100,31,16,43.6,127,0
01:37:01,56.7,56.6,59.5,139,89,26,20,44.5,116,0
01:38:01,36.4,56.8,58.3,152,84,35,23,49.0,117,0
01:39:01,41.1,54.2,54.6,153,80,38,29,48.6,129,0
01:40:01,93.6,93.6,56.8,723,969,850,301,78.9,412,1
01:41:01,35.0,54.5,50.1,167,84,31,27,51.1,120,0
01:42:01,36.0,50.0,59.2,175,102,32,26,50.5,113,0
01:43:01,38.8,57.1,52.7,116,93,40,28,53.4,130,0
01:44:01,34.8,59.4,50.9,129,128,39,17,42.6,112,0
01:45:01,53.8,53.3,50.8,147,116,26,20,49.9,150,0
01:46:01,41.1,54.5,54.0,156,97,28,27,49.2,113,0
01:47:01,39.3,45.1,50.3,173,129,37,17,47.1,145,0
01:48:01,91.8,89.8,65.8,921,991,513,798,81.9,434,1
01:49:01,42.5,55.6,50.5,105,130,23,30,45.1,123,0
01:50:01,50.3,46.2,56.4,145,133,39,21,46.9,115,0
01:51:01,40.9,54.4,58.5,173,132,21,17,47.1,124,0
01:52:01,58.2,57.7,59.2,102,133,31,28,43.9,125,0
01:53:01,36.0,56.0,58.1,129,148,38,15,54.1,111,0
01:54:01,36.3,53.5,57.0,144,86,22,23,49.1,119,0
01:55:01,50.0,46.5,55.5,130,80,39,19,49.0,120,0
01:56:01,33.0,59.7,52.4,135,99,38,24,51.8,141,0
01:57:01,45.1,58.2,53.8,135,134,22,23,50.9,141,0
01:58:01,34.1,53.9,52.2,161,141,40,18,50.3,146,0
01:59:01,49.4,55.0,52.6,171,150,24,18,54.9,119,0
02:00:01,37.5,47.4,52.1,133,80,33,26,48.5,137,0
02:01:01,52.5,59.3,58.5,161,127,40,30,44.2,141,0
02:02:01,32.7,55.8,53.0,139,144,25,20,44.6,145,0
02:03:01,89.4,97.0,63.7,984,884,396,660,86.4,454,1
02:04:01,31.3,47.9,57.3,136,125,24,28,53.7,141,0
02:05:01,41.1,54.4,53.5,179,117,37,21,42.9,145,0
02:06:01,34.3,55.1,54.3,116,117,28,16,53.5,119,0
02:07:01,45.1,58.5,57.8,173,131,31,25,49.8,112,0
02:08:01,35.3,49.1,50.8,149,111,32,16,45.9,120,0
02:09:01,53.3,50.6,57.7,136,145,25,27,45.5,112,0
02:10:01,46.1,59.6,58.7,164,101,37,23,50.7,137,0
02:11:01,37.2,59.5,56.0,126,96,23,21,43.8,129,0
02:12:01,54.7,47.2,53.1,109,148,22,30,47.0,111,0
02:13:01,48.4,48.5,59.9,122,91,34,18,42.3,119,0
02:14:01,35.6,51.3,57.8,129,95,29,17,54.1,123,0
02:15:01,90.3,88.7,54.3,746,945,430,317,84.3,538,1
02:16:01,46.3,51.0,50.9,151,143,35,30,45.9,125,0
02:17:01,40.4,45.9,57.4,135,91,23,29,53.8,130,0
02:18:01,59.1,51.1,51.4,160,135,30,16,45.3,115,0
02:19:01,54.0,55.0,51.0,175,147,28,20,49.5,148,0
02:20:01,44.1,52.8,50.8,141,115,21,21,48.1,125,0
02:21:01,43.4,48.9,56.5,147,105,32,24,49.0,124,0
02:22:01,34.0,51.7,51.9,119,147,20,27,42.9,147,0
02:23:01,55.9,51.4,56.7,142,138,24,18,42.5,124,0
02:24:01,94.1,91.6,55.7,996,924,449,313,89.6,386,1
02:25:01,56.4,54.0,55.1,135,115,33,23,43.0,133,0
02:26:01,53.7,53.2,50.9,127,113,24,19,50.1,121,0
02:27:01,53.7,60.0,52.0,136,98,21,21,54.1,143,0
02:28:01,52.6,46.4,55.1,166,131,26,19,50.3,115,0
02:29:01,43.6,54.0,50.4,112,90,31,18,53.8,133,0
02:30:01,47.5,50.5,53.2,155,113,23,26,43.0,131,0
02:31:01,36.6,58.2,51.1,165,90,39,29,54.7,150,0
02:32:01,32.6,46.8,58.7,178,99,21,22,50.5,149,0
02:33:01,57.5,56.4,57.1,145,134,30,29,50.3,138,0
02:34:01,43.9,49.2,56.1,104,148,36,21,53.1,122,0
02:35:01,36.7,49.7,55.8,174,108,33,24,43.2,111,0
02:36:01,49.1,50.8,54.3,167,118,38,24,45.5,126,0
02:37:01,33.7,54.3,58.9,150,116,24,22,44.0,131,0
02:38:01,46.0,52.1,51.9,178,131,35,30,44.0,123,0
02:39:01,51.1,56.6,55.8,103,140,20,27,53.4,130,0
02:40:01,95.2,87.2,57.4,1452,817,431,485,79.5,596,1
02:41:01,52.2,57.3,53.6,104,133,37,15,48.0,139,0
02:42:01,52.9,57.2,53.7,166,147,28,28,43.1,145,0
02:43:01,41.5,46.3,57.4,112,106,38,18,52.4,144,0
02:44:01,40.6,56.8,53.2,144,109,27,20,46.3,133,0
02:45:01,56.1,54.3,52.7,161,114,38,18,46.7,133,0
02:46:01,33.4,60.0,57.8,122,139,33,16,53.1,125,0
02:47:01,47.4,56.5,53.2,143,130,28,26,50.6,125,0
02:48:01,31.5,57.0,52.4,118,80,36,22,47.9,129,0
02:49:01,41.9,56.8,51.8,108,90,37,20,43.3,122,0
02:50:01,32.1,55.1,59.3,155,119,37,21,52.0,148,0
02:51:01,42.7,53.3,58.0,141,145,21,29,46.4,112,0
02:52:01,49.1,56.7,55.1,175,115,40,19,50.9,117,0
02:53:01,33.6,59.3,57.5,104,82,21,18,47.3,138,0
02:54:01,49.7,45.5,56.8,167,126,39,29,49.2,138,0
02:55:01,35.0,53.8,55.9,164,85,23,27,42.2,147,0
02:56:01,93.5,93.1,60.7,1049,1295,561,503,94.3,457,1
02:57:01,46.9,58.1,59.1,103,114,39,23,43.2,126,0
02:58:01,34.7,52.1,57.5,165,141,36,30,47.5,111,0
02:59:01,44.1,55.9,52.0,115,108,30,16,43.7,117,0
03:00:01,49.4,57.1,53.0,133,107,32,18,44.6,129,0
03:01:01,30.6,46.3,57.8,116,120,39,27,50.1,145,0
03:02:01,40.6,56.1,59.9,154,113,26,17,54.5,114,0
03:03:01,55.8,50.0,56.4,141,121,35,23,54.7,140,0
03:04:01,54.5,49.0,53.2,148,104,39,17,54.7,146,0
03:05:01,40.7,51.5,52.9,150,130,28,28,48.2,131,0
03:06:01,55.4,55.2,58.1,123,125,34,27,49.8,135,0
03:07:01,57.8,52.9,54.9,111,85,39,29,51.9,110,0
03:08:01,35.4,55.0,54.9,146,81,35,30,44.3,112,0
03:09:01,57.2,53.5,58.9,170,109,35,16,43.7,117,0
03:10:01,36.0,57.0,58.2,169,135,36,15,43.7,145,0
03:11:01,48.9,50.4,58.9,112,124,29,30,50.7,128,0
03:12:01,45.9,59.0,51.4,142,109,21,25,53.2,126,0
03:13:01,50.3,47.8,57.8,172,111,23,26,45.4,149,0
03:14:01,57.3,54.6,51.6,117,98,25,29,54.0,114,0
03:15:01,58.5,57.6,56.6,170,102,29,24,46.2,143,0
03:16:01,53.3,48.5,58.0,107,140,22,15,51.1,143,0
03:17:01,33.0,47.2,55.3,164,129,39,20,49.1,110,0
03:18:01,52.3,56.6,56.4,120,148,38,19,43.1,115,0
03:19:01,49.8,53.3,53.7,174,120,25,15,49.4,113,0
03:20:01,40.3,52.6,50.1,157,101,39,18,50.3,138,0
03:21:01,35.9,45.8,58.0,119,133,37,20,43.2,119,0
03:22:01,59.2,45.6,59.2,114,145,22,24,47.2,125,0
03:23:01,41.9,45.1,50.5,117,88,27,25,42.0,126,0
03:24:01,33.5,46.3,52.8,113,117,21,19,52.0,124,0
03:25:01,31.1,48.9,56.8,159,126,34,28,52.7,130,0
03:26:01,43.4,45.3,54.4,154,117,29,22,49.2,121,0
03:27:01,45.1,57.7,56.4,162,117,31,20,50.9,122,0
03:28:01,33.6,45.1,51.2,162,149,30,23,42.2,138,0
03:29:01,37.6,58.9,58.7,174,100,36,17,45.8,140,0
03:30:01,35.5,57.1,57.7,175,149,25,28,49.0,132,0
03:31:01,44.5,49.9,58.3,139,122,37,21,46.3,147,0
03:32:01,92.7,90.1,65.6,923,1296,763,443,92.2,461,1
03:33:01,33.1,45.1,52.2,120,88,25,19,47.7,126,0
03:34:01,41.9,53.2,58.8,144,111,24,16,52.1,128,0
03:35:01,39.6,52.8,53.9,104,99,28,23,46.6,145,0
03:36:01,53.6,52.5,56.9,156,105,22,29,53.5,115,0
03:37:01,42.0,48.6,58.1,164,128,27,21,48.6,122,0
03:38:01,31.1,45.4,57.7,126,139,30,30,43.2,116,0
03:39:01,32.3,48.4,58.7,139,126,30,29,47.8,131,0
03:40:01,42.2,52.6,51.2,132,101,35,20,51.2,139,0
03:41:01,52.2,53.0,58.5,176,125,37,25,48.1,137,0
03:42:01,50.6,56.9,57.4,173,145,21,21,53.2,116,0
03:43:01,55.4,51.4,53.1,104,128,24,26,54.5,143,0
03:44:01,56.3,55.5,53.7,166,141,31,25,44.0,146,0
03:45:01,46.6,48.0,55.6,131,97,24,19,43.0,139,0
03:46:01,32.0,50.9,52.3,118,114,32,22,48.2,112,0
03:47:01,46.4,46.1,55.5,172,92,35,15,47.6,137,0
03:48:01,53.4,52.5,59.5,180,132,36,28,47.5,148,0
03:49:01,35.1,47.2,56.7,169,98,24,28,52.6,118,0
03:50:01,46.0,56.9,59.4,112,119,20,21,50.3,149,0
03:51:01,41.0,45.5,53.4,161,93,34,18,50.9,131,0
03:52:01,39.3,48.3,57.4,124,122,37,21,46.6,139,0
03:53:01,54.0,57.1,54.9,177,103,38,23,52.4,113,0
03:54:01,49.3,50.1,50.2,171,130,38,22,45.3,111,0
03:55:01,49.1,58.1,51.0,110,91,21,27,48.2,146,0
03:56:01,33.9,48.3,57.3,151,150,26,16,47.0,150,0
03:57:01,42.2,48.6,57.2,109,136,40,30,49.4,139,0
03:58:01,91.4,98.5,63.5,1140,1386,892,371,79.3,372,1
03:59:01,92.8,85.7,69.2,1020,835,792,503,87.8,490,1
04:00:01,42.3,53.4,51.4,163,108,28,16,47.2,116,0
04:01:01,47.0,48.1,52.4,170,130,39,28,54.7,115,0
04:02:01,35.8,46.7,51.8,132,106,38,21,47.8,147,0
04:03:01,42.9,55.0,53.9,162,97,34,25,48.9,117,0
04:04:01,36.1,49.3,52.7,161,115,34,30,54.1,148,0
04:05:01,42.8,46.0,58.1,118,83,24,21,51.1,141,0
04:06:01,56.4,49.3,57.4,148,108,33,24,44.6,131,0
04:07:01,55.9,54.7,55.5,163,114,21,18,44.6,145,0
04:08:01,58.6,56.9,56.9,144,116,32,21,48.1,136,0
04:09:01,44.2,48.2,57.7,172,86,36,26,50.1,147,0
04:10:01,48.5,52.0,57.7,158,133,36,28,43.8,149,0
04:11:01,30.6,46.3,57.3,179,145,32,21,51.2,119,0
04:12:01,35.6,59.7,50.9,129,95,29,20,46.2,146,0
04:13:01,44.6,57.7,53.9,139,132,25,27,45.1,112,0
04:14:01,39.9,56.9,58.6,121,139,36,20,43.0,142,0
04:15:01,41.1,53.1,58.1,116,111,37,24,49.6,141,0
04:16:01,90.8,89.9,56.3,1002,1219,428,582,93.1,535,1
04:17:01,56.1,57.8,54.6,111,126,25,16,45.9,128,0
04:18:01,31.2,47.2,57.7,124,93,39,15,47.3,146,0
04:19:01,38.7,54.3,59.5,143,149,33,29,47.7,119,0
04:20:01,55.6,59.7,52.9,157,110,27,27,43.9,147,0
04:21:01,89.5,96.2,69.1,1343,688,646,405,76.3,564,1
04:22:01,44.4,51.6,60.0,141,123,35,19,44.4,114,0
04:23:01,53.6,45.2,51.8,163,84,33,18,46.8,130,0
04:24:01,47.7,53.8,55.0,163,100,25,18,49.3,115,0
04:25:01,30.1,46.9,56.7,122,110,37,23,49.5,129,0
04:26:01,53.1,55.0,50.4,180,107,35,24,44.6,114,0
04:27:01,95.2,88.1,66.7,888,1216,489,783,88.2,377,1
04:28:01,55.4,51.4,55.0,143,145,37,21,50.0,125,0
04:29:01,50.4,48.5,51.0,131,105,20,22,45.9,129,0
04:30:01,49.3,59.1,51.4,156,116,28,25,44.1,138,0
04:31:01,49.7,45.5,58.0,136,124,33,25,43.1,125,0
04:32:01,42.4,50.0,56.0,102,149,27,16,52.7,142,0
04:33:01,54.4,52.1,52.0,140,133,26,28,48.6,133,0
04:34:01,35.4,49.1,52.5,169,139,28,30,49.9,123,0
04:35:01,52.7,56.6,53.1,146,141,36,22,49.5,110,0
04:36:01,30.7,52.5,54.8,172,90,26,16,54.9,112,0
04:37:01,36.8,55.1,53.7,157,109,36,28,43.8,129,0
04:38:01,56.4,54.4,58.9,134,83,29,21,42.5,134,0
04:39:01,92.3,87.4,61.9,725,1359,895,732,85.5,381,1
04:40:01,45.0,55.5,58.2,156,147,21,19,54.7,111,0
04:41:01,43.2,58.6,50.1,167,95,38,15,46.0,112,0
04:42:01,31.7,58.6,59.3,104,82,32,22,46.7,135,0
04:43:01,53.7,59.6,59.0,171,87,34,19,51.0,121,0
04:44:01,48.7,56.2,59.5,176,114,30,26,45.4,123,0
04:45:01,31.6,49.4,53.5,173,123,23,30,45.9,115,0
04:46:01,54.9,51.1,54.9,105,125,40,25,50.4,124,0
04:47:01,54.2,55.5,55.9,150,106,36,30,42.5,117,0
04:48:01,52.0,49.5,54.0,139,149,29,17,50.3,140,0
04:49:01,43.5,48.3,57.8,134,114,29,27,48.3,134,0
04:50:01,97.5,86.9,58.4,749,989,603,655,94.8,508,1
04:51:01,58.1,45.8,53.6,167,144,23,23,50.5,150,0
04:52:01,55.1,46.4,59.4,155,124,29,15,47.4,116,0
04:53:01,40.9,46.8,52.0,124,129,37,25,43.1,141,0
04:54:01,41.9,49.5,55.7,102,90,27,30,50.1,131,0
04:55:01,44.5,50.9,50.3,141,91,39,16,53.9,120,0
04:56:01,53.1,60.0,57.0,106,110,36,21,47.3,135,0
04:57:01,36.7,51.5,58.1,165,138,24,29,46.8,148,0
04:58:01,59.7,47.2,51.4,163,107,35,15,48.0,111,0
04:59:01,45.1,45.9,58.1,146,135,33,16,48.2,120,0
05:00:01,58.4,55.0,53.6,144,88,36,28,44.2,123,0
05:01:01,35.5,52.9,58.5,123,100,34,24,52.6,128,0
05:02:01,60.0,45.8,55.4,178,107,24,27,44.0,114,0
05:03:01,33.4,49.2,52.2,154,85,26,28,48.0,119,0
05:04:01,58.8,58.3,54.8,127,132,27,16,50.3,135,0
05:05:01,56.9,54.9,59.0,100,117,38,29,45.4,123,0
05:06:01,46.0,58.1,50.8,143,90,40,22,45.6,132,0
05:07:01,34.6,49.3,50.4,103,110,38,21,42.5,111,0
05:08:01,48.3,46.5,57.8,143,144,28,21,45.0,118,0
05:09:01,49.4,51.8,52.9,164,129,37,20,42.9,125,0
05:10:01,89.9,95.3,55.1,1192,717,516,328,79.1,410,1
05:11:01,49.5,51.9,55.7,117,137,33,24,46.6,148,0
05:12:01,86.9,87.9,67.9,1476,1171,717,589,78.2,375,1
05:13:01,56.7,54.9,50.5,105,150,27,17,44.3,147,0
05:14:01,93.5,96.4,62.5,987,764,775,400,85.2,570,1
05:15:01,35.3,58.8,54.4,107,82,33,16,53.0,129,0
05:16:01,54.7,60.0,54.0,118,113,35,21,50.5,122,0
05:17:01,92.0,89.1,62.3,1411,1313,622,708,94.0,462,1
05:18:01,50.5,59.5,55.5,128,133,39,29,54.2,133,0
05:19:01,34.2,59.6,54.0,131,121,24,25,46.6,117,0
05:20:01,94.7,86.5,68.8,1103,1384,486,681,91.2,512,1
05:21:01,45.7,50.2,50.5,119,89,32,24,42.1,123,0
05:22:01,58.7,59.7,53.3,171,112,22,24,54.6,136,0
05:23:01,53.0,49.3,51.2,135,141,37,27,50.0,134,0
05:24:01,47.5,53.4,59.6,177,137,35,25,52.5,150,0
05:25:01,32.5,54.3,56.4,100,134,23,22,54.8,129,0
05:26:01,34.3,58.0,52.3,127,124,22,21,44.9,116,0
05:27:01,93.7,97.8,63.2,953,1209,878,576,80.4,472,1
05:28:01,48.6,46.2,56.6,137,128,36,24,43.7,125,0
05:29:01,40.2,49.3,55.5,106,139,34,29,52.4,121,0
05:30:01,45.7,52.9,56.8,131,98,35,27,50.2,137,0
05:31:01,49.3,52.6,51.8,141,105,37,16,51.0,115,0
05:32:01,48.5,56.7,54.0,117,112,26,16,44.4,113,0
05:33:01,33.4,54.9,59.3,102,87,27,19,49.8,120,0
05:34:01,95.0,90.9,61.6,1270,1099,393,331,77.5,589,1
05:35:01,57.8,50.8,51.3,127,137,29,23,51.8,138,0
05:36:01,45.6,50.6,55.3,150,100,28,22,43.0,120,0
05:37:01,46.7,48.6,50.5,165,100,35,18,50.2,133,0
05:38:01,40.1,46.4,58.5,114,126,37,24,48.6,143,0
05:39:01,52.6,48.8,57.2,149,119,25,26,42.3,118,0
05:40:01,35.3,49.5,55.6,180,87,33,24,49.1,150,0
05:41:01,34.3,58.4,60.0,109,98,24,21,52.7,148,0
05:42:01,31.9,52.6,52.6,150,94,34,18,50.1,130,0
05:43:01,49.8,47.8,56.1,170,126,35,23,52.7,116,0
05:44:01,41.3,45.2,59.8,116,104,36,19,48.0,111,0
05:45:01,54.9,53.8,52.4,179,114,21,25,50.6,128,0
05:46:01,57.3,53.6,51.0,130,144,24,16,51.0,122,0
05:47:01,45.0,59.2,57.4,101,110,23,22,42.7,143,0
05:48:01,46.7,46.9,56.3,110,90,38,25,45.0,113,0
05:49:01,35.6,59.1,57.1,149,141,31,30,51.0,110,0
05:50:01,59.9,49.3,58.7,131,98,37,21,45.5,131,0
05:51:01,39.3,48.9,54.2,138,127,30,24,47.4,150,0
05:52:01,56.3,52.8,57.8,117,144,27,29,48.5,147,0
05:53:01,59.2,49.2,52.3,114,115,21,24,45.3,115,0
05:54:01,53.7,57.0,56.1,106,90,31,30,52.4,150,0
05:55:01,32.3,50.4,54.4,102,147,35,16,48.8,123,0
05:56:01,33.6,59.7,59.3,148,111,28,30,43.2,131,0
05:57:01,36.5,56.3,59.8,145,115,27,25,49.7,120,0
05:58:01,33.7,56.9,56.1,129,98,30,25,53.2,120,0
05:59:01,51.1,54.7,58.6,114,86,22,22,47.8,133,0
06:00:01,36.2,45.4,56.2,180,135,21,28,43.8,135,0
06:01:01,44.2,52.9,57.8,133,134,38,19,50.8,114,0
06:02:01,43.4,53.7,56.0,151,119,28,25,50.9,149,0
06:03:01,57.9,57.4,51.5,156,139,34,24,53.4,112,0
06:04:01,56.0,47.2,56.2,146,114,26,23,53.5,149,0
06:05:01,93.9,95.8,57.0,1385,1098,845,400,78.4,393,1
06:06:01,58.6,45.2,53.4,151,150,28,23,49.9,124,0
06:07:01,56.1,57.5,59.5,155,105,35,17,45.3,112,0
06:08:01,99.4,99.8,69.7,1066,688,486,396,92.5,597,1
06:09:01,41.9,55.0,50.1,145,106,21,29,53.2,127,0
06:10:01,50.1,50.1,51.8,149,100,32,25,49.0,143,0
06:11:01,38.2,54.0,57.9,103,115,35,17,43.7,147,0
06:12:01,46.0,51.4,51.4,140,124,24,21,42.3,121,0
06:13:01,30.9,55.5,54.4,120,120,21,30,50.0,146,0
06:14:01,53.1,48.3,56.4,122,83,35,24,43.3,135,0
06:15:01,50.0,49.3,54.4,164,128,26,29,49.1,129,0
06:16:01,45.0,47.7,55.3,176,110,20,20,47.4,134,0
06:17:01,39.1,49.6,56.7,170,119,22,21,54.7,140,0
06:18:01,35.1,52.3,53.4,125,100,34,18,43.1,135,0
06:19:01,54.3,46.2,54.2,171,141,24,27,54.1,141,0
06:20:01,38.0,49.9,58.2,132,112,20,20,45.8,137,0
06:21:01,53.5,50.8,55.4,177,111,22,21,51.7,119,0
06:22:01,44.0,59.2,56.1,162,81,25,24,52.9,150,0
06:23:01,52.3,46.6,51.4,131,138,21,30,43.0,128,0
06:24:01,38.9,50.9,51.9,148,93,25,23,49.6,142,0
06:25:01,38.6,56.0,56.3,158,149,27,17,53.1,119,0
06:26:01,35.6,55.0,58.8,166,103,33,19,48.3,119,0
06:27:01,45.5,49.0,53.6,175,135,20,27,54.5,143,0
06:28:01,49.3,58.9,58.1,154,87,29,21,50.6,146,0
06:29:01,37.1,59.0,55.8,159,83,29,16,42.3,130,0
06:30:01,39.1,55.8,55.0,154,80,31,29,51.5,149,0
06:31:01,48.7,51.9,57.2,174,150,24,22,45.2,125,0
06:32:01,49.6,54.6,52.5,160,103,25,19,50.8,122,0
06:33:01,56.6,56.8,50.0,124,92,32,18,51.2,142,0
06:34:01,42.0,56.2,53.3,114,121,21,29,48.3,113,0
06:35:01,51.0,45.2,51.7,139,108,37,30,54.6,150,0
06:36:01,46.6,45.9,50.1,135,120,39,20,53.7,124,0
06:37:01,41.9,55.9,59.6,116,81,21,23,53.1,120,0
06:38:01,40.3,47.7,51.1,106,118,37,18,43.9,142,0
06:39:01,49.0,45.6,57.4,139,113,31,21,43.4,136,0
06:40:01,35.1,54.4,58.6,122,127,31,25,42.5,143,0
06:41:01,51.7,54.6,50.6,167,94,35,26,53.4,129,0
06:42:01,35.0,52.8,54.7,131,131,34,21,47.1,143,0
06:43:01,37.6,59.6,57.2,100,98,27,24,45.3,136,0
06:44:01,59.5,58.1,55.0,144,88,22,24,49.8,130,0
06:45:01,35.5,49.4,58.9,118,87,38,24,47.4,132,0
06:46:01,37.7,54.4,50.4,153,92,33,24,42.3,119,0
06:47:01,50.8,52.3,52.5,139,93,39,21,49.1,115,0
06:48:01,30.2,53.8,56.6,122,144,31,22,42.7,140,0
06:49:01,36.8,49.5,54.8,126,108,22,25,54.7,123,0
06:50:01,33.1,58.4,50.5,101,147,32,22,48.6,147,0
06:51:01,31.4,55.6,57.7,150,116,35,23,50.8,146,0
06:52:01,46.4,48.6,54.8,131,119,20,27,46.6,126,0
06:53:01,43.3,54.1,59.0,154,138,25,15,50.3,140,0
06:54:01,39.2,47.3,54.8,155,83,25,22,50.9,127,0
06:55:01,30.8,45.2,54.2,129,114,39,26,52.3,145,0
06:56:01,48.1,56.2,59.4,156,105,29,23,54.6,130,0
06:57:01,35.0,55.9,55.3,171,140,40,19,44.3,117,0
06:58:01,57.6,50.3,56.4,104,94,35,19,46.9,123,0
06:59:01,35.8,54.4,50.1,109,100,34,28,48.7,134,0
07:00:01,45.6,56.9,58.9,162,138,32,17,47.6,128,0
07:01:01,39.9,54.9,59.5,179,105,38,25,48.4,146,0
07:02:01,50.6,56.4,56.6,148,105,38,20,54.1,115,0
07:03:01,46.2,58.6,52.5,117,118,23,24,47.3,117,0
07:04:01,52.4,55.1,54.9,143,123,32,18,50.7,136,0
07:05:01,37.1,53.3,54.6,123,149,38,27,53.7,125,0
07:06:01,48.3,53.1,52.2,108,101,35,30,54.4,117,0
07:07:01,30.4,50.3,59.1,167,83,20,17,52.8,128,0
07:08:01,55.8,54.5,56.6,127,146,32,27,46.0,116,0
07:09:01,53.3,53.3,58.0,134,117,28,21,45.3,113,0
07:10:01,37.0,51.2,56.9,178,134,39,23,48.8,146,0
07:11:01,57.6,57.6,53.1,151,86,27,15,46.7,121,0
07:12:01,55.7,58.2,57.5,134,147,35,26,44.9,136,0
07:13:01,34.1,47.8,52.1,150,150,26,22,44.5,119,0
07:14:01,54.9,56.0,56.1,155,133,39,24,49.0,121,0
07:15:01,58.6,58.1,56.0,175,96,34,18,44.1,129,0
07:16:01,90.6,92.9,54.7,1149,1375,403,795,90.3,448,1
07:17:01,32.0,54.4,53.3,176,149,22,18,52.8,142,0
07:18:01,48.3,55.2,57.0,168,129,23,20,46.2,140,0
07:19:01,35.9,51.5,58.1,156,134,31,21,54.8,127,0
07:20:01,93.4,93.0,57.9,1028,887,610,564,81.0,504,1
07:21:01,54.4,56.7,53.4,173,122,33,23,53.6,127,0
07:22:01,41.7,52.7,52.0,144,101,31,29,44.2,148,0
07:23:01,33.9,46.7,59.6,114,130,23,28,44.4,134,0
07:24:01,37.5,46.3,58.1,130,121,34,15,43.6,148,0
07:25:01,34.6,52.3,56.1,175,97,31,25,52.4,110,0
07:26:01,39.7,59.1,50.7,119,107,40,29,42.7,115,0
07:27:01,42.9,53.2,55.4,153,129,21,21,49.6,124,0
07:28:01,54.9,53.1,56.3,168,110,25,30,53.9,147,0
07:29:01,33.2,49.7,51.3,171,115,38,27,48.5,128,0
07:30:01,33.7,58.6,59.5,176,105,29,19,46.1,143,0
07:31:01,35.6,52.4,50.6,156,106,40,28,54.6,134,0
07:32:01,58.9,53.2,52.6,180,117,34,19,46.2,149,0
07:33:01,41.5,45.4,50.5,160,80,38,19,44.8,122,0
07:34:01,90.9,95.7,61.2,959,918,511,332,75.3,464,1
07:35:01,37.9,46.3,51.5,126,129,27,28,51.4,135,0
07:36:01,92.4,91.1,52.4,1019,1056,714,504,92.5,485,1
07:37:01,49.7,57.2,58.9,173,114,31,26,42.8,115,0
07:38:01,32.3,47.9,59.1,115,116,30,24,49.0,125,0
07:39:01,60.0,49.9,59.8,145,125,34,21,51.8,147,0
07:40:01,54.4,56.2,55.0,112,150,28,19,47.0,118,0
07:41:01,47.1,55.4,54.8,111,141,39,24,49.6,123,0
07:42:01,35.9,56.1,57.6,133,125,38,19,43.0,141,0
07:43:01,58.3,49.1,56.9,119,89,30,18,49.9,142,0
07:44:01,46.9,50.1,56.6,177,108,33,24,49.7,150,0
07:45:01,40.2,46.5,52.6,169,112,36,18,42.1,112,0
07:46:01,39.5,51.3,58.6,119,82,28,28,48.7,146,0
07:47:01,36.8,59.5,56.1,114,135,20,26,50.2,142,0
07:48:01,94.4,98.4,61.9,1168,1378,539,573,79.1,589,1
07:49:01,30.2,57.4,52.3,125,115,24,15,49.7,114,0
07:50:01,56.3,55.2,51.8,119,83,32,23,54.1,140,0
07:51:01,34.5,56.7,55.9,168,146,29,19,44.3,133,0
07:52:01,48.3,60.0,53.0,145,119,32,29,45.7,139,0
07:53:01,39.1,55.9,52.6,117,95,37,30,54.7,117,0
07:54:01,40.3,48.3,53.4,135,142,29,25,43.5,145,0
07:55:01,48.6,46.7,53.0,146,137,33,18,54.9,150,0
07:56:01,54.7,46.1,56.2,141,96,33,19,43.7,136,0
07:57:01,52.9,55.5,53.1,130,81,32,26,50.9,129,0
07:58:01,51.6,54.3,58.5,105,105,24,29,51.4,141,0
07:59:01,43.8,46.9,51.2,129,130,35,30,50.2,119,0
08:00:01,48.9,55.9,51.0,137,142,39,18,44.9,135,0
08:01:01,94.7,95.2,64.0,1305,1078,536,710,83.7,445,1
08:02:01,36.3,49.0,53.9,148,85,23,20,45.4,111,0
08:03:01,44.1,54.9,59.7,169,128,22,30,50.2,118,0
08:04:01,40.1,50.0,57.5,137,96,20,22,47.5,131,0
08:05:01,32.9,58.9,56.2,122,124,23,26,49.4,137,0
08:06:01,53.8,53.9,59.1,176,118,33,22,54.5,114,0
08:07:01,42.2,49.6,58.6,101,147,26,15,47.9,145,0
08:08:01,54.2,57.6,50.3,107,101,26,17,44.2,123,0
08:09:01,44.6,45.0,50.6,173,98,20,15,47.2,131,0
08:10:01,48.9,59.3,55.3,129,87,33,30,51.7,137,0
08:11:01,57.1,53.0,50.8,164,149,34,16,42.1,139,0
08:12:01,43.7,55.7,51.5,178,145,37,21,45.9,111,0
08:13:01,55.3,45.5,53.3,158,106,31,20,48.2,113,0
08:14:01,40.4,51.5,52.0,168,124,32,24,54.7,139,0
08:15:01,53.4,47.1,53.4,144,142,38,30,54.6,117,0
08:16:01,35.2,55.1,57.6,161,88,36,20,50.9,119,0
08:17:01,40.9,47.9,56.5,154,102,40,25,48.7,113,0
08:18:01,43.1,51.0,50.7,154,132,27,30,51.3,121,0
08:19:01,43.9,46.3,53.0,143,92,38,17,48.8,149,0
08:20:01,59.4,57.7,50.6,152,104,30,29,49.1,136,0
08:21:01,55.3,54.5,51.3,122,91,38,29,49.5,126,0
08:22:01,34.4,50.1,52.7,119,87,22,26,48.3,118,0
08:23:01,38.7,45.8,52.2,118,92,34,17,50.5,137,0
08:24:01,40.7,48.6,59.5,107,146,21,27,43.0,135,0
08:25:01,47.4,48.8,51.7,126,124,34,28,43.3,133,0
08:26:01,47.6,53.5,52.8,126,112,34,19,44.0,135,0
08:27:01,46.2,51.6,58.0,105,123,30,29,54.4,128,0
08:28:01,46.4,56.5,59.2,133,80,22,16,44.7,149,0
08:29:01,56.2,54.3,54.1,142,139,36,18,51.5,142,0
08:30:01,44.7,55.0,50.0,118,94,31,30,50.3,149,0
08:31:01,44.2,51.6,57.7,102,149,23,26,52.2,143,0
08:32:01,57.4,50.5,52.4,116,100,29,18,45.6,123,0
08:33:01,51.8,59.2,52.8,131,125,33,30,52.8,120,0
08:34:01,40.9,45.1,53.7,149,101,27,23,47.7,117,0
08:35:01,34.2,49.2,53.8,147,81,26,29,53.7,135,0
08:36:01,54.6,48.6,57.9,120,145,36,26,45.8,121,0
08:37:01,91.5,89.0,54.5,715,1164,887,695,90.3,440,1
08:38:01,49.6,55.8,58.9,169,129,20,16,43.2,138,0
08:39:01,31.5,57.0,58.9,154,123,20,26,53.9,122,0
08:40:01,89.9,97.2,59.5,893,692,705,724,77.5,426,1
08:41:01,41.4,49.6,59.3,154,110,34,27,48.5,133,0
08:42:01,52.5,46.8,54.0,111,128,31,15,48.5,115,0
08:43:01,95.5,93.7,57.6,916,1381,539,770,75.7,375,1
08:44:01,39.8,46.6,51.5,162,109,27,28,51.0,118,0
08:45:01,45.2,51.4,59.2,134,95,31,25,52.7,114,0
08:46:01,36.6,51.4,50.8,141,138,29,22,42.7,138,0
08:47:01,51.6,46.8,57.6,118,123,30,25,54.9,116,0
08:48:01,39.5,48.2,54.0,158,84,33,30,51.3,148,0
08:49:01,54.3,53.5,56.3,137,106,34,26,50.5,113,0
08:50:01,56.7,48.1,57.3,119,91,28,21,45.1,113,0
08:51:01,98.3,85.9,57.1,1332,850,683,424,91.9,471,1
08:52:01,51.4,53.3,59.5,111,82,29,28,49.6,146,0
08:53:01,42.0,57.1,56.7,101,139,22,22,46.3,116,0
08:54:01,56.8,51.6,53.1,156,129,32,20,46.1,122,0
08:55:01,33.3,55.3,51.3,125,136,37,30,52.6,110,0
08:56:01,51.9,56.6,54.0,147,129,39,15,51.7,118,0
08:57:01,41.9,55.7,59.0,145,122,29,25,45.8,146,0
08:58:01,48.1,51.8,50.8,167,126,30,22,48.3,119,0
08:59:01,57.5,59.1,53.8,132,103,29,21,54.5,138,0
09:00:01,42.5,50.3,57.4,169,141,39,18,54.9,142,0
09:01:01,59.1,53.4,57.3,162,83,21,25,43.2,134,0
09:02:01,41.3,56.8,52.6,154,132,21,21,52.2,116,0
09:03:01,54.4,47.8,50.3,129,120,36,21,48.1,150,0
09:04:01,43.0,55.7,54.1,152,113,34,28,49.1,117,0
09:05:01,58.3,50.0,59.9,163,92,29,16,51.8,135,0
09:06:01,32.5,53.4,58.8,140,126,24,23,48.8,132,0
09:07:01,39.5,52.1,55.8,159,147,23,28,42.6,114,0
09:08:01,49.8,45.3,56.4,141,87,27,26,51.7,116,0
09:09:01,35.5,47.0,54.3,171,93,27,24,45.3,115,0
09:10:01,50.2,52.4,56.5,170,91,20,15,51.3,144,0
09:11:01,30.2,47.5,57.9,158,135,36,17,54.7,133,0
09:12:01,43.2,56.2,50.4,108,116,36,18,51.9,150,0
09:13:01,42.4,59.5,50.6,135,149,21,28,43.8,125,0
09:14:01,35.1,47.9,56.0,129,149,30,20,52.3,148,0
09:15:01,41.1,57.0,53.5,173,113,26,17,46.5,121,0
09:16:01,45.8,50.4,52.9,117,139,24,16,44.7,140,0
09:17:01,34.4,56.2,57.7,165,145,20,28,43.0,140,0
09:18:01,36.0,57.7,54.1,102,116,20,19,48.3,138,0
09:19:01,54.6,46.7,56.6,143,104,37,15,49.3,123,0
09:20:01,35.5,58.4,52.2,124,134,35,29,51.9,137,0
09:21:01,33.0,53.2,51.0,166,147,40,24,48.0,147,0
09:22:01,55.9,56.7,54.4,171,142,20,30,54.1,137,0
09:23:01,45.9,50.9,53.8,135,131,22,17,50.1,149,0
09:24:01,58.4,46.4,60.0,134,116,20,28,53.8,116,0
09:25:01,91.9,92.5,59.2,1327,1047,432,397,75.5,463,1
09:26:01,58.3,52.3,53.8,156,125,24,22,54.3,140,0
09:27:01,33.5,51.3,59.9,161,144,38,29,42.8,118,0
09:28:01,85.1,92.1,64.4,955,1083,590,593,91.9,484,1
09:29:01,48.5,48.9,59.1,165,94,20,15,47.7,125,0
09:30:01,30.3,58.6,52.9,114,142,28,16,42.4,130,0
09:31:01,39.5,58.3,58.9,102,81,23,22,54.0,132,0
09:32:01,44.3,46.7,51.5,128,108,29,22,49.7,150,0
09:33:01,41.1,54.0,52.9,138,142,37,15,47.9,139,0
09:34:01,52.4,48.1,50.1,148,100,38,28,43.2,124,0
09:35:01,41.7,53.9,57.1,106,104,34,28,48.8,139,0
09:36:01,56.8,57.2,54.0,160,135,33,16,51.8,134,0
09:37:01,51.0,47.2,53.3,155,132,25,19,45.8,143,0
09:38:01,59.6,57.4,58.7,115,101,34,19,53.6,120,0
09:39:01,33.0,53.2,58.4,176,121,33,18,51.5,134,0
09:40:01,31.7,56.7,57.0,177,119,28,26,49.6,146,0
09:41:01,52.1,59.3,51.2,111,98,28,19,52.7,137,0
09:42:01,88.5,96.9,53.7,1038,1363,506,602,80.0,504,1
09:43:01,38.0,47.2,57.6,157,107,21,27,52.3,131,0
09:44:01,38.8,58.7,59.1,140,97,33,27,47.2,129,0
09:45:01,49.5,48.6,54.0,132,109,31,28,48.9,122,0
09:46:01,31.8,49.5,55.2,138,89,33,26,51.1,137,0
09:47:01,49.4,45.9,56.5,104,140,31,19,43.4,139,0
09:48:01,45.9,45.9,59.3,175,111,32,24,49.7,138,0
09:49:01,33.3,55.0,53.6,160,91,31,27,47.5,139,0
09:50:01,54.2,49.3,56.5,141,86,30,23,48.2,147,0
09:51:01,88.5,93.5,57.7,1257,1342,621,609,92.5,460,1
09:52:01,44.2,54.0,50.1,158,97,24,30,49.3,123,0
09:53:01,33.9,48.7,56.2,134,146,39,25,42.4,148,0
09:54:01,35.9,57.2,53.5,136,137,30,26,53.8,141,0
09:55:01,87.6,90.4,63.9,743,1157,832,408,79.0,371,1
09:56:01,47.7,48.9,55.3,155,82,21,24,51.6,136,0
09:57:01,52.2,46.7,54.6,127,143,22,16,46.4,131,0
09:58:01,46.8,46.2,59.1,100,131,23,26,47.3,143,0
09:59:01,39.8,52.6,57.5,131,123,26,18,47.2,140,0
10:00:01,39.6,49.8,53.2,126,150,22,30,43.6,131,0
10:01:01,45.6,60.0,52.6,105,85,20,23,48.0,132,0
10:02:01,33.5,47.9,54.6,171,125,22,19,49.6,139,0
10:03:01,54.4,57.5,52.1,154,120,22,20,43.4,143,0
10:04:01,38.7,52.0,51.0,179,92,30,29,49.2,135,0
10:05:01,52.2,52.4,54.8,176,114,22,24,50.5,124,0
10:06:01,33.0,55.9,52.7,114,126,36,29,43.0,131,0
10:07:01,37.7,57.2,53.4,173,131,35,27,46.5,118,0
10:08:01,43.7,54.9,52.6,179,147,35,15,49.2,133,0
10:09:01,45.9,45.6,50.0,138,94,40,25,44.3,140,0
10:10:01,35.6,53.8,50.7,119,126,35,18,49.5,147,0
10:11:01,45.0,57.8,54.7,108,112,24,18,46.3,130,0
10:12:01,49.4,59.1,50.5,137,150,22,27,52.7,130,0
10:13:01,94.0,86.5,58.0,1066,792,807,727,87.6,380,1
10:14:01,57.1,54.8,51.8,129,98,30,28,44.7,149,0
10:15:01,33.4,49.3,50.1,122,136,25,29,49.9,127,0
10:16:01,47.4,53.1,53.5,153,114,29,26,46.2,128,0
10:17:01,49.1,58.4,58.0,174,83,38,24,51.3,117,0
10:18:01,32.2,53.2,53.9,104,117,28,15,48.1,110,0
10:19:01,49.0,45.8,50.8,172,108,22,27,53.2,124,0
10:20:01,37.3,49.9,59.7,178,145,38,17,48.6,146,0
10:21:01,50.5,55.4,59.9,106,91,22,20,50.0,150,0
10:22:01,58.9,46.3,51.3,170,83,25,26,46.7,141,0
10:23:01,36.0,58.0,59.2,133,99,40,25,48.8,148,0
10:24:01,35.2,59.9,56.3,118,126,33,18,45.5,118,0
10:25:01,36.7,49.3,59.0,116,89,20,30,48.1,114,0
10:26:01,36.4,47.3,54.0,178,111,25,22,55.0,126,0
10:27:01,36.7,57.7,57.5,121,146,30,26,42.8,135,0
10:28:01,48.4,46.6,56.3,129,141,26,24,53.2,116,0
10:29:01,54.3,52.3,53.4,130,146,39,15,46.7,117,0
10:30:01,49.6,49.6,52.7,145,98,20,15,42.5,131,0
10:31:01,51.4,56.3,59.5,154,122,35,28,52.8,122,0
10:32:01,57.5,48.4,59.1,124,119,32,18,44.2,126,0
10:33:01,53.8,57.1,51.3,130,113,21,24,43.6,150,0
10:34:01,53.6,54.6,50.2,145,89,21,29,54.9,145,0
10:35:01,30.4,57.4,53.7,115,87,25,16,50.0,147,0
10:36:01,52.5,50.7,59.7,109,128,26,19,48.4,142,0
10:37:01,45.3,55.2,59.7,130,116,26,19,49.4,136,0
10:38:01,58.2,56.5,50.4,132,106,23,19,42.2,119,0
10:39:01,51.0,53.8,50.5,142,148,37,25,52.5,138,0
10:40:01,53.8,55.6,58.3,102,115,30,20,47.2,113,0
10:41:01,43.0,47.3,57.6,171,126,25,25,54.9,135,0
10:42:01,97.0,87.5,69.8,942,882,822,352,78.9,595,1
10:43:01,39.1,51.1,53.3,112,110,34,24,47.9,117,0
10:44:01,59.6,51.3,57.0,173,145,33,22,45.6,111,0
10:45:01,56.6,45.7,58.4,113,126,36,25,45.3,140,0
10:46:01,49.2,53.0,51.3,163,144,23,24,53.1,138,0
10:47:01,59.9,54.2,54.1,174,123,39,19,52.2,131,0
10:48:01,58.3,58.4,57.8,123,81,33,23,48.8,116,0
10:49:01,52.9,55.8,55.0,124,94,21,21,48.3,136,0
10:50:01,36.0,50.9,51.4,172,124,39,23,45.4,134,0
10:51:01,59.6,45.7,53.6,139,90,20,19,48.4,113,0
10:52:01,46.3,52.0,59.2,173,145,27,18,49.4,130,0
10:53:01,56.1,56.8,57.6,123,85,39,15,48.4,113,0
10:54:01,36.4,49.0,56.7,145,123,37,23,43.9,136,0
10:55:01,49.2,48.3,50.5,135,114,27,28,43.0,122,0
10:56:01,43.1,46.4,54.6,139,84,27,23,54.3,129,0
10:57:01,55.5,54.8,54.2,130,100,27,22,49.9,147,0
10:58:01,43.8,47.1,55.3,169,135,27,16,50.3,121,0
10:59:01,58.7,48.9,56.9,158,95,40,25,49.0,144,0
11:00:01,88.0,89.7,56.7,982,999,478,637,85.1,579,1
11:01:01,96.2,97.4,53.8,1033,742,352,727,79.7,459,1
11:02:01,53.3,47.6,51.1,142,86,39,16,43.7,119,0
11:03:01,40.4,58.4,54.1,124,105,22,30,46.4,149,0
11:04:01,32.6,52.3,59.9,118,114,34,19,43.4,143,0
11:05:01,50.6,53.4,57.9,130,138,26,29,52.1,110,0
11:06:01,45.5,46.0,57.6,151,126,24,24,47.3,150,0
11:07:01,37.1,51.4,51.8,100,102,29,20,54.0,145,0
11:08:01,44.6,59.9,53.7,100,89,28,29,42.3,130,0
11:09:01,50.6,53.1,50.1,168,150,22,19,52.7,133,0
11:10:01,43.8,51.9,59.9,169,109,32,20,48.8,115,0
11:11:01,38.4,52.9,58.5,179,84,31,19,43.5,144,0
11:12:01,60.0,56.8,52.4,174,91,31,29,45.3,113,0
11:13:01,45.2,49.3,52.2,144,135,26,29,48.7,121,0
11:14:01,39.6,46.5,58.1,145,130,23,17,45.9,130,0
11:15:01,45.3,55.3,50.2,154,121,31,29,43.9,111,0
11:16:01,33.2,47.6,51.9,167,127,37,29,42.8,136,0
11:17:01,30.0,53.9,50.7,121,143,30,28,50.8,124,0
11:18:01,37.0,52.0,51.9,142,91,30,25,47.8,133,0
11:19:01,49.6,49.3,53.8,147,113,21,23,53.6,122,0
11:20:01,48.9,54.5,58.7,169,110,31,26,54.4,123,0
11:21:01,43.7,49.9,58.3,175,133,29,29,48.1,122,0
11:22:01,42.6,51.5,52.1,147,85,33,19,53.6,141,0
11:23:01,33.5,46.5,50.7,159,147,27,19,51.8,146,0
11:24:01,31.3,56.0,52.9,109,120,33,16,44.0,126,0
11:25:01,54.6,52.6,53.0,103,145,20,23,54.0,116,0
11:26:01,42.6,50.7,52.3,117,144,23,25,44.0,120,0
11:27:01,40.0,56.5,51.2,161,111,35,19,42.4,127,0
11:28:01,50.7,55.8,56.5,125,99,34,27,42.2,148,0
11:29:01,55.8,50.6,54.8,160,115,38,18,50.7,131,0
11:30:01,42.8,57.8,58.6,101,91,32,21,50.1,112,0
11:31:01,36.3,57.6,51.1,164,124,26,24,43.1,129,0
11:32:01,35.2,51.3,58.9,116,149,39,15,54.6,135,0
11:33:01,35.2,47.4,59.9,151,81,23,25,49.8,117,0
11:34:01,43.0,55.1,53.3,134,92,32,30,52.4,140,0
11:35:01,54.5,48.1,56.2,145,133,31,18,53.9,127,0
11:36:01,41.0,59.7,57.7,102,123,30,15,52.9,144,0
11:37:01,86.6,97.4,68.9,1270,1050,521,521,79.5,585,1
11:38:01,48.0,50.8,57.6,171,92,22,24,50.7,145,0
11:39:01,42.8,59.2,57.6,145,127,30,22,48.8,143,0
11:40:01,88.7,99.1,59.6,1073,1027,625,326,82.7,531,1
11:41:01,41.6,57.0,54.9,170,86,32,26,43.5,139,0
11:42:01,45.9,45.7,57.9,155,149,38,16,54.6,111,0
11:43:01,43.2,55.7,51.3,136,116,23,28,43.5,129,0
11:44:01,37.0,57.3,58.6,172,109,24,29,49.8,136,0
11:45:01,46.8,46.6,56.6,117,129,20,22,45.9,118,0
11:46:01,49.2,51.4,58.6,150,136,32,21,47.4,121,0
11:47:01,33.3,54.2,50.9,137,85,22,21,53.0,135,0
11:48:01,91.3,92.1,53.4,1482,1323,566,311,92.1,469,1
11:49:01,32.2,47.6,56.4,147,95,29,18,51.6,113,0
11:50:01,49.5,57.7,50.2,131,119,35,28,52.9,144,0
11:51:01,42.0,59.3,51.4,159,145,22,26,53.2,143,0
11:52:01,32.8,52.2,57.7,121,82,22,26,49.7,149,0
11:53:01,41.4,50.9,56.7,120,82,35,18,44.5,132,0
11:54:01,58.4,58.6,59.0,146,125,38,21,42.1,117,0
11:55:01,40.2,57.3,51.2,128,126,21,30,53.9,133,0
11:56:01,38.6,45.6,55.8,165,102,36,22,44.8,130,0
11:57:01,51.3,50.7,51.1,127,98,34,27,49.7,141,0
11:58:01,59.3,50.5,56.1,133,147,30,22,48.8,131,0
11:59:01,32.1,47.3,58.3,155,149,31,19,44.3,123,0
12:00:01,39.1,46.1,57.1,155,121,21,15,46.6,132,0
12:01:01,36.7,50.4,55.8,123,81,23,19,48.5,120,0
12:02:01,31.6,56.6,53.6,127,149,39,20,50.0,111,0
12:03:01,30.0,50.7,53.2,106,84,38,23,43.0,131,0
12:04:01,53.1,54.2,57.1,111,145,36,27,47.8,121,0
12:05:01,96.4,90.0,57.3,1189,1387,354,753,86.9,505,1
12:06:01,88.5,86.1,59.8,1167,939,838,800,92.9,435,1
12:07:01,49.5,48.5,58.7,142,98,22,23,43.2,118,0
12:08:01,51.7,51.8,50.2,161,100,29,15,52.9,111,0
12:09:01,36.4,47.2,50.7,134,120,30,23,43.7,133,0
12:10:01,52.4,57.2,54.1,158,143,32,28,44.2,148,0
12:11:01,53.3,58.2,51.5,120,82,23,29,49.6,110,0
12:12:01,36.6,59.3,59.8,178,116,38,18,48.3,138,0
12:13:01,44.7,49.0,56.0,105,149,38,18,53.0,144,0
12:14:01,55.9,47.9,51.2,126,83,40,25,45.1,143,0
12:15:01,31.5,53.0,53.3,146,148,25,29,54.2,137,0
12:16:01,36.8,57.9,51.8,120,137,29,18,49.5,111,0
12:17:01,51.4,48.7,52.3,153,105,35,17,51.5,144,0
12:18:01,57.7,55.1,52.3,175,84,29,25,47.8,118,0
12:19:01,58.7,47.6,59.8,178,116,33,28,42.9,111,0
12:20:01,36.5,58.1,58.6,130,85,26,18,44.9,117,0
12:21:01,57.3,46.0,56.0,173,144,23,25,47.1,139,0
12:22:01,56.6,57.1,53.1,145,87,37,25,51.5,131,0
12:23:01,50.2,51.5,57.0,170,138,28,17,49.9,113,0
12:24:01,56.1,54.4,57.6,127,126,21,17,54.5,144,0
12:25:01,42.1,45.6,54.7,167,131,20,20,46.6,117,0
12:26:01,49.0,49.8,50.1,174,130,22,20,52.3,145,0
12:27:01,50.7,53.3,56.1,162,144,22,24,44.0,138,0
12:28:01,48.8,45.2,51.4,148,84,20,22,54.5,120,0
12:29:01,58.4,54.6,58.7,162,110,31,17,53.0,143,0
12:30:01,58.5,56.9,56.5,153,93,36,15,52.8,139,0
12:31:01,31.2,56.5,59.9,153,96,35,17,53.7,131,0
12:32:01,50.9,54.5,58.9,164,114,24,27,50.0,148,0
12:33:01,56.3,59.9,57.3,126,82,21,21,44.9,125,0
12:34:01,52.4,46.9,50.5,101,138,26,23,50.0,131,0
12:35:01,52.1,54.3,54.2,110,81,30,23,47.0,110,0
12:36:01,92.2,94.5,58.4,800,754,491,453,83.6,367,1
12:37:01,37.4,52.2,50.5,104,99,22,21,43.7,140,0
12:38:01,49.4,57.4,56.6,100,146,27,27,51.4,142,0
12:39:01,58.7,46.1,59.9,137,118,33,15,50.7,122,0
12:40:01,34.0,49.1,51.0,165,81,26,21,54.4,125,0
12:41:01,31.1,52.0,50.8,160,113,33,15,48.9,127,0
12:42:01,35.2,48.7,53.1,142,107,22,23,46.0,132,0
12:43:01,56.5,49.6,57.2,180,149,24,20,42.2,119,0
12:44:01,44.1,59.7,53.3,164,113,23,16,43.4,134,0
12:45:01,31.6,49.3,58.0,171,141,30,15,47.7,140,0
12:46:01,57.1,54.7,55.1,111,116,38,25,53.8,137,0
12:47:01,51.2,45.9,53.6,130,80,32,16,42.0,145,0
12:48:01,37.2,57.9,57.9,118,140,27,24,50.9,139,0
12:49:01,34.4,50.7,54.9,172,103,37,30,51.6,119,0
12:50:01,43.9,48.6,53.9,115,81,31,17,53.4,148,0
12:51:01,38.1,56.1,54.0,139,144,36,22,53.6,140,0
12:52:01,43.6,47.7,59.7,149,135,37,24,55.0,116,0
12:53:01,47.0,49.2,54.1,146,149,39,15,54.3,110,0
12:54:01,35.1,57.9,59.6,137,82,40,30,49.2,118,0
12:55:01,50.2,56.2,54.2,163,133,31,17,49.4,110,0
12:56:01,55.7,52.2,54.6,106,119,30,29,53.4,114,0
12:57:01,53.7,59.1,59.1,179,110,31,25,48.2,150,0
12:58:01,36.7,57.0,50.1,107,127,22,15,52.9,125,0
12:59:01,40.5,59.3,54.7,162,86,21,19,53.4,132,0
13:00:01,42.1,50.6,53.7,175,136,22,24,50.8,129,0
13:01:01,85.5,97.4,64.1,1182,1228,879,732,79.9,382,1
13:02:01,34.1,45.4,56.9,146,105,27,20,50.1,150,0
13:03:01,35.2,53.2,60.0,147,81,25,17,49.3,141,0
13:04:01,54.5,55.1,54.2,172,83,31,20,48.4,123,0
13:05:01,48.7,58.6,55.5,116,108,38,15,52.4,110,0
13:06:01,59.9,58.9,53.2,150,116,20,24,50.8,148,0
13:07:01,36.9,49.4,56.3,127,140,27,22,47.5,142,0
13:08:01,52.6,48.9,56.6,147,140,35,17,51.0,134,0
13:09:01,31.3,55.5,51.1,171,112,28,28,49.6,127,0
13:10:01,58.9,48.6,54.6,140,133,20,27,53.1,110,0
13:11:01,47.9,58.8,57.3,130,118,39,23,55.0,120,0
13:12:01,50.9,55.6,54.8,152,112,30,20,50.7,120,0
13:13:01,47.7,50.3,55.6,101,138,37,23,47.2,143,0
13:14:01,59.3,45.1,50.4,172,132,24,24,49.6,133,0
13:15:01,40.9,56.8,51.9,168,89,21,28,43.7,120,0
13:16:01,45.3,57.7,55.0,130,132,28,16,44.0,116,0
13:17:01,55.1,59.8,55.3,115,115,33,29,52.6,140,0
13:18:01,43.6,46.2,50.5,156,148,21,28,46.3,137,0
13:19:01,39.5,58.5,57.9,133,150,34,17,44.7,117,0
13:20:01,54.2,56.8,56.6,153,97,38,25,44.4,127,0
13:21:01,41.9,53.4,58.6,134,139,29,22,51.4,123,0
13:22:01,46.5,46.3,58.5,164,105,22,23,48.5,123,0
13:23:01,33.6,57.0,53.3,139,113,27,29,43.5,129,0
13:24:01,52.5,57.0,57.8,111,133,21,16,49.5,110,0
13:25:01,38.3,52.7,57.4,146,95,36,15,52.2,120,0
13:26:01,39.1,54.8,58.7,165,89,30,29,43.3,122,0
13:27:01,58.5,48.5,56.5,140,123,34,21,45.1,112,0
13:28:01,56.7,47.0,50.9,174,85,33,17,54.0,140,0
13:29:01,56.7,53.3,50.9,164,144,34,21,43.9,145,0
13:30:01,46.8,55.1,55.4,122,121,37,18,52.4,131,0
13:31:01,38.6,54.6,56.8,175,142,32,18,52.8,130,0
13:32:01,45.6,59.1,51.2,143,89,35,18,43.6,125,0
13:33:01,38.9,54.5,54.6,176,90,37,21,50.0,135,0
13:34:01,59.7,52.6,57.1,173,112,21,17,44.0,118,0
13:35:01,56.0,49.0,59.8,178,140,26,18,47.6,118,0
13:36:01,44.1,57.5,58.6,179,109,29,30,54.4,115,0
13:37:01,39.2,52.9,57.9,107,85,29,18,51.6,121,0
13:38:01,38.8,54.5,59.8,179,140,33,17,51.8,115,0
13:39:01,32.7,56.7,57.1,123,106,24,24,48.1,121,0
13:40:01,40.0,50.3,55.4,116,146,29,16,52.9,141,0
13:41:01,54.6,58.2,51.9,143,142,39,29,48.6,112,0
13:42:01,34.5,59.0,55.3,126,86,39,20,54.2,133,0
13:43:01,44.7,58.3,59.3,164,126,22,30,54.3,148,0
13:44:01,36.7,53.1,53.3,139,116,33,23,45.9,110,0
13:45:01,30.1,58.6,59.0,112,147,23,15,48.4,126,0
13:46:01,53.2,45.2,55.1,105,105,29,23,48.0,140,0
13:47:01,33.1,57.2,58.0,164,101,20,26,51.9,132,0
13:48:01,55.2,51.0,54.5,180,94,20,30,52.8,120,0
13:49:01,47.4,45.0,54.9,163,128,37,19,54.7,148,0
13:50:01,34.6,48.3,56.2,112,142,24,19,45.6,138,0
13:51:01,57.8,54.8,53.2,104,131,25,21,47.3,124,0
13:52:01,87.0,88.6,66.8,1335,1136,617,735,79.5,530,1
13:53:01,56.5,53.6,59.5,139,93,31,22,48.7,148,0
13:54:01,35.8,55.7,58.9,165,88,26,18,53.8,137,0
13:55:01,44.3,46.9,54.8,114,132,31,22,46.9,130,0
13:56:01,30.6,55.1,51.6,132,107,39,17,43.4,127,0
13:57:01,56.2,49.8,52.3,125,95,35,15,45.6,114,0
13:58:01,56.8,45.2,51.0,108,117,22,17,51.3,137,0
13:59:01,52.4,59.8,56.7,119,130,39,18,50.3,142,0
14:00:01,58.6,55.7,53.2,101,84,38,26,42.4,146,0
14:01:01,50.9,50.3,53.6,104,84,28,15,43.3,116,0
14:02:01,49.1,55.5,50.2,103,103,30,23,43.7,126,0
14:03:01,45.4,50.1,50.3,125,135,22,19,44.9,119,0
14:04:01,33.4,52.9,54.5,147,146,28,26,46.4,119,0
14:05:01,36.9,48.0,50.3,166,120,22,24,46.7,117,0
14:06:01,88.0,97.0,54.5,1405,906,738,448,93.0,434,1
14:07:01,40.9,56.9,53.1,137,141,34,24,48.2,132,0
14:08:01,48.5,59.9,59.3,125,143,28,20,44.4,131,0
14:09:01,50.4,46.7,50.0,165,141,31,29,49.6,111,0
14:10:01,41.5,58.0,59.3,163,129,40,23,46.4,129,0
14:11:01,37.2,57.1,56.8,163,106,23,26,50.7,117,0
14:12:01,31.0,46.3,55.7,103,137,35,21,50.0,133,0
14:13:01,59.5,49.3,55.9,101,89,25,27,42.3,126,0
14:14:01,35.2,55.0,50.1,135,146,20,16,44.0,132,0
14:15:01,40.7,58.1,51.3,168,96,25,30,45.3,122,0
14:16:01,49.0,50.7,57.6,110,93,33,27,44.8,145,0
14:17:01,40.0,59.7,59.0,143,111,34,30,43.4,140,0
14:18:01,86.7,95.5,67.4,950,819,720,440,77.2,535,1
14:19:01,31.5,49.6,58.5,165,111,33,15,45.9,117,0
14:20:01,56.5,56.9,56.9,131,150,37,15,48.6,131,0
14:21:01,37.3,59.1,59.9,110,93,27,30,53.2,147,0
14:22:01,35.3,48.9,51.8,111,140,26,24,48.8,131,0
14:23:01,43.5,45.4,51.3,164,105,29,23,48.6,139,0
14:24:01,55.8,51.8,57.6,134,80,29,23,50.7,119,0
14:25:01,45.1,51.6,56.6,136,101,25,24,47.4,113,0
14:26:01,57.4,50.3,59.2,138,132,38,17,49.7,112,0
14:27:01,44.4,58.9,57.9,148,80,23,29,52.6,139,0
14:28:01,41.8,54.1,52.4,114,85,20,29,47.8,137,0
14:29:01,50.7,46.4,50.2,152,136,39,26,53.1,129,0
14:30:01,36.6,49.3,55.1,170,110,30,17,46.8,113,0
14:31:01,54.1,48.4,59.0,114,87,25,25,46.2,126,0
14:32:01,45.7,55.8,56.1,119,130,37,15,46.1,137,0
14:33:01,55.7,59.4,50.7,145,140,30,20,48.8,150,0
14:34:01,48.0,49.3,53.6,110,127,27,26,50.1,124,0
14:35:01,51.6,49.2,55.6,146,117,28,15,46.2,113,0
14:36:01,91.5,89.9,54.6,1191,1126,712,538,88.8,521,1
14:37:01,48.6,57.7,55.4,153,88,32,17,48.1,114,0
14:38:01,40.2,53.6,53.9,108,115,40,19,47.5,118,0
14:39:01,30.1,50.0,55.4,161,109,24,27,53.2,139,0
14:40:01,33.4,53.6,53.1,164,86,30,18,49.4,144,0
14:41:01,39.2,46.3,56.5,138,128,31,15,53.9,139,0
14:42:01,30.2,52.9,53.0,110,130,25,21,53.5,146,0
14:43:01,96.7,90.9,59.9,883,826,502,676,93.9,445,1
14:44:01,57.2,56.3,56.4,146,83,21,22,49.6,148,0
14:45:01,46.5,59.8,57.5,169,113,29,29,46.8,126,0
14:46:01,57.4,51.3,59.3,144,141,26,24,45.9,146,0
14:47:01,53.7,55.0,57.3,172,110,27,18,50.7,131,0
14:48:01,92.0,90.3,58.0,1254,797,891,744,77.6,454,1
14:49:01,36.5,56.6,52.7,135,98,24,24,42.8,125,0
14:50:01,55.6,46.9,55.9,158,119,27,20,44.8,112,0
14:51:01,41.9,46.9,50.2,134,149,23,30,45.1,138,0
14:52:01,32.8,45.1,59.0,151,122,35,26,43.7,130,0
14:53:01,52.8,56.8,56.2,110,117,22,20,54.7,137,0
14:54:01,87.7,99.6,57.7,1116,697,889,341,75.6,430,1
14:55:01,40.3,49.8,59.8,163,108,30,26,47.0,132,0
14:56:01,54.1,55.3,55.4,110,108,20,24,51.6,140,0
14:57:01,59.2,58.5,51.3,144,95,25,27,51.1,118,0
14:58:01,40.3,53.7,57.3,147,110,20,20,53.8,133,0
14:59:01,58.6,51.9,51.4,102,82,24,19,53.5,124,0
15:00:01,36.8,48.9,56.6,148,104,38,25,45.4,150,0
15:01:01,48.8,53.6,54.5,170,123,27,28,54.4,110,0
15:02:01,33.1,48.3,59.8,149,115,25,20,52.4,115,0
15:03:01,41.2,45.5,57.1,124,149,40,17,45.4,142,0
15:04:01,58.3,48.0,55.0,114,143,31,30,43.7,150,0
15:05:01,58.0,55.5,51.6,158,94,34,30,44.9,124,0
15:06:01,54.9,51.5,53.5,104,140,33,20,47.6,142,0
15:07:01,35.7,54.0,55.2,116,132,37,30,44.7,118,0
15:08:01,58.4,45.1,55.8,122,83,29,25,54.9,148,0
15:09:01,52.5,47.5,53.5,178,130,39,15,52.6,135,0
15:10:01,87.8,91.1,67.2,735,1016,708,336,83.5,351,1
15:11:01,41.7,54.4,58.2,119,104,31,27,52.5,116,0
15:12:01,55.1,60.0,56.0,102,149,33,26,49.2,124,0
15:13:01,32.9,52.9,53.3,117,87,40,15,44.5,146,0
15:14:01,50.0,54.2,59.7,135,140,36,29,42.1,146,0
15:15:01,35.3,56.0,51.4,132,119,33,21,46.4,134,0
15:16:01,41.7,52.8,55.5,115,127,40,19,45.8,117,0
15:17:01,43.0,49.7,52.8,163,108,38,26,54.1,125,0
15:18:01,93.2,94.5,56.0,1406,914,787,507,88.0,369,1
15:19:01,44.9,54.6,56.3,178,117,26,17,44.5,132,0
15:20:01,54.5,57.3,50.9,104,104,23,26,43.1,127,0
15:21:01,58.9,53.8,50.1,175,120,38,24,45.9,119,0
15:22:01,55.5,55.0,50.9,178,144,20,24,53.6,116,0
15:23:01,43.7,56.7,54.0,132,130,20,29,47.7,132,0
15:24:01,51.1,48.7,53.0,105,121,28,26,52.8,142,0
15:25:01,59.9,58.0,53.6,123,98,22,29,45.5,146,0
15:26:01,41.1,58.2,56.2,157,113,29,30,53.7,135,0
15:27:01,31.7,50.1,56.0,133,93,35,18,49.4,121,0
15:28:01,38.3,51.1,52.2,150,99,32,18,46.1,144,0
15:29:01,47.9,50.6,52.9,117,120,24,25,50.5,113,0
15:30:01,40.9,45.5,52.4,162,99,20,26,50.9,125,0
15:31:01,48.5,46.0,51.3,102,118,23,29,52.5,149,0
15:32:01,48.7,56.9,57.4,152,112,25,27,48.2,145,0
15:33:01,46.9,56.2,54.9,127,98,20,23,51.3,129,0
15:34:01,59.7,57.7,56.4,179,128,35,28,53.7,123,0
15:35:01,54.6,45.5,50.8,110,129,23,18,52.1,113,0
15:36:01,58.7,48.9,53.4,165,87,32,19,54.4,117,0
15:37:01,34.1,48.5,51.3,117,146,22,28,50.1,124,0
15:38:01,34.2,48.3,52.1,126,114,38,25,47.5,136,0
15:39:01,45.3,48.4,50.9,102,108,30,22,42.1,144,0
15:40:01,36.8,58.8,52.4,161,82,21,22,48.9,150,0
15:41:01,31.3,54.0,55.1,112,138,24,20,47.0,121,0
15:42:01,40.1,46.8,53.1,119,105,32,17,50.2,130,0
15:43:01,51.5,48.9,56.6,115,135,30,26,48.8,115,0
15:44:01,45.8,45.3,51.8,165,84,24,22,50.0,118,0
15:45:01,54.1,48.6,54.0,153,141,33,27,54.2,143,0
15:46:01,52.6,45.6,59.7,140,91,29,26,46.4,136,0
15:47:01,97.1,90.9,63.5,700,1056,669,434,81.4,427,1
15:48:01,46.9,49.7,59.2,171,105,24,27,47.8,133,0
15:49:01,35.1,58.5,53.5,159,114,39,21,45.6,124,0
15:50:01,59.8,51.3,53.8,107,150,39,24,54.9,123,0
15:51:01,32.6,51.5,57.1,100,88,21,19,42.1,148,0
15:52:01,52.4,48.1,54.5,108,131,28,25,53.5,112,0
15:53:01,33.3,50.9,58.1,177,80,24,26,46.1,113,0
15:54:01,38.3,59.4,54.0,160,111,35,29,52.2,118,0
15:55:01,59.5,58.7,55.4,135,108,36,23,52.3,149,0
15:56:01,92.9,98.0,58.1,1223,879,651,441,75.5,366,1
15:57:01,50.7,48.9,56.2,160,94,22,16,44.0,145,0
15:58:01,85.4,85.6,58.6,1110,1177,483,752,86.0,402,1
15:59:01,90.6,93.2,67.7,1100,1056,599,497,75.1,455,1
16:00:01,50.7,55.2,54.1,167,116,26,26,47.2,137,0
16:01:01,34.9,51.8,52.9,128,95,25,28,49.3,148,0
16:02:01,31.9,47.8,57.8,129,125,30,15,53.2,142,0
16:03:01,38.1,46.0,58.9,116,103,34,19,44.7,112,0
16:04:01,50.9,49.4,54.8,144,117,23,18,47.5,126,0
16:05:01,35.3,45.2,53.2,148,127,24,22,45.4,128,0
16:06:01,38.9,57.3,53.0,129,137,37,28,47.4,119,0
16:07:01,59.2,48.6,56.2,159,120,29,20,45.0,136,0
16:08:01,58.8,47.1,55.7,104,112,32,15,43.3,132,0
16:09:01,55.7,51.3,53.5,110,129,22,30,50.7,143,0
16:10:01,35.4,57.6,55.5,168,131,24,18,42.9,116,0
16:11:01,50.0,59.2,53.2,153,132,31,18,54.8,113,0
16:12:01,50.7,48.0,55.8,130,139,26,24,50.9,139,0
16:13:01,46.8,45.5,58.0,171,130,20,15,51.0,114,0
16:14:01,49.3,48.1,55.0,142,88,21,19,47.8,145,0
16:15:01,57.1,49.4,55.1,176,80,39,22,51.2,138,0
16:16:01,41.0,47.9,51.2,109,99,24,19,52.1,138,0
16:17:01,56.2,50.6,56.4,123,115,38,30,43.5,112,0
16:18:01,33.8,50.5,56.5,108,120,32,21,53.1,134,0
16:19:01,35.3,54.0,50.3,174,95,23,22,50.8,143,0
16:20:01,54.0,45.5,59.1,129,133,24,20,49.8,113,0
16:21:01,95.2,96.4,63.7,1083,1299,578,623,75.2,370,1
16:22:01,55.2,48.7,55.5,140,121,29,29,52.6,110,0
16:23:01,57.7,45.1,56.6,105,131,25,28,46.5,145,0
16:24:01,51.1,58.3,52.5,167,139,26,20,46.7,136,0
16:25:01,31.2,57.0,53.0,170,135,24,28,46.5,138,0
16:26:01,33.1,49.3,50.6,163,97,35,15,55.0,125,0
16:27:01,59.7,50.6,57.6,125,142,25,17,54.8,149,0
16:28:01,51.4,55.2,59.8,117,116,39,22,47.0,130,0
16:29:01,50.1,50.2,51.9,123,94,35,25,47.0,118,0
16:30:01,54.7,57.3,57.6,119,116,36,29,42.7,119,0
16:31:01,39.2,45.6,51.0,166,80,21,21,50.3,133,0
16:32:01,44.0,59.8,50.5,143,137,39,27,53.5,145,0
16:33:01,46.4,48.7,56.2,177,92,38,23,52.7,127,0
16:34:01,46.4,58.6,56.6,167,101,23,19,48.1,141,0
16:35:01,52.5,56.2,58.4,107,149,20,16,49.8,114,0
16:36:01,48.8,55.8,56.9,166,136,31,28,48.2,120,0
16:37:01,42.5,51.7,59.2,115,115,21,29,44.6,114,0
16:38:01,34.7,54.2,51.3,164,84,31,27,42.5,111,0
16:39:01,58.4,57.2,57.3,162,117,33,16,46.2,135,0
16:40:01,42.3,45.6,53.6,171,99,31,20,44.5,120,0
16:41:01,30.3,49.8,54.5,116,141,28,23,54.9,134,0
16:42:01,56.2,50.2,52.4,137,102,35,16,51.9,134,0
16:43:01,86.9,91.8,66.1,960,891,604,411,78.4,392,1
16:44:01,31.2,59.1,59.9,175,88,30,23,52.0,149,0
16:45:01,50.2,58.2,54.5,113,145,35,26,52.6,133,0
16:46:01,55.3,56.8,56.1,125,105,22,27,45.9,133,0
16:47:01,39.1,45.3,55.8,142,118,30,19,45.1,136,0
16:48:01,58.9,45.0,50.7,134,95,27,26,50.0,116,0
16:49:01,59.1,58.4,52.4,148,106,22,19,51.9,134,0
16:50:01,33.7,55.1,57.7,153,113,32,28,42.6,148,0
16:51:01,51.8,55.2,53.0,118,124,25,23,52.3,121,0
16:52:01,43.5,57.9,55.5,177,101,25,23,50.1,145,0
16:53:01,54.0,48.6,53.5,173,148,36,23,43.3,139,0
16:54:01,57.5,53.6,57.4,146,94,28,18,44.1,124,0
16:55:01,36.5,51.9,51.4,129,114,20,25,48.7,145,0
16:56:01,60.0,59.7,56.9,154,98,29,24,49.3,125,0
16:57:01,35.3,54.1,51.0,169,109,21,28,48.4,125,0
16:58:01,48.0,49.3,51.4,122,89,29,15,49.0,117,0
16:59:01,49.2,54.1,56.2,177,85,22,18,44.7,112,0
17:00:01,48.1,49.1,58.4,171,111,25,28,54.5,148,0
17:01:01,47.1,59.2,58.8,116,120,30,30,50.7,150,0
17:02:01,31.9,49.0,51.3,158,114,25,19,53.2,148,0
17:03:01,37.2,52.0,53.5,129,81,32,30,51.0,117,0
17:04:01,44.9,59.7,57.3,104,94,24,29,43.4,143,0
17:05:01,45.6,50.0,57.8,171,97,36,20,42.8,135,0
17:06:01,42.2,58.1,54.4,139,145,27,24,51.5,117,0
17:07:01,40.9,48.7,50.9,140,128,30,28,51.2,123,0
17:08:01,31.8,57.5,54.3,113,87,34,25,47.0,120,0
17:09:01,49.5,55.5,54.4,144,91,27,22,45.0,134,0
17:10:01,32.6,58.2,54.1,143,89,25,28,43.1,115,0
17:11:01,58.5,56.5,58.8,162,116,33,25,47.3,134,0
17:12:01,31.1,53.0,51.9,117,123,32,28,50.3,133,0
17:13:01,54.1,49.3,52.9,103,134,36,25,53.1,124,0
17:14:01,56.2,51.8,58.5,169,98,30,18,50.6,130,0
17:15:01,48.6,58.3,53.6,126,110,40,23,50.1,144,0
17:16:01,40.9,53.5,56.5,108,112,35,22,46.1,149,0
17:17:01,58.9,51.2,54.4,118,113,31,29,53.4,133,0
17:18:01,54.5,55.7,57.9,114,111,30,24,48.2,126,0
17:19:01,53.9,52.7,58.2,114,82,24,15,52.0,148,0
17:20:01,32.2,50.7,51.2,106,128,40,21,53.9,115,0
17:21:01,32.7,56.4,50.6,148,143,28,21,54.1,150,0
17:22:01,43.4,59.5,54.1,119,90,27,25,47.7,143,0
17:23:01,49.5,51.8,57.5,169,126,32,18,49.8,111,0
17:24:01,54.0,51.8,56.0,167,146,22,30,44.3,124,0
17:25:01,37.1,51.4,52.1,174,91,36,22,52.8,126,0
17:26:01,41.0,55.4,57.7,161,128,31,30,54.6,117,0
17:27:01,31.4,55.7,57.1,156,122,37,28,51.5,123,0
17:28:01,34.3,49.7,53.1,171,111,31,16,54.8,116,0
17:29:01,54.2,45.2,51.7,125,83,36,25,50.1,136,0
17:30:01,54.6,47.8,59.5,153,94,38,16,52.7,150,0
17:31:01,55.4,54.6,56.4,137,96,32,24,45.4,125,0
17:32:01,55.6,53.6,57.0,126,104,32,22,43.3,123,0
17:33:01,43.0,51.6,58.3,176,109,34,15,50.0,112,0
17:34:01,44.4,50.7,54.9,148,90,40,17,42.9,140,0
17:35:01,38.2,53.4,53.2,128,82,32,24,48.2,124,0
17:36:01,42.9,45.6,53.3,129,126,21,21,49.6,136,0
17:37:01,42.1,55.9,53.9,179,81,35,16,48.8,129,0
17:38:01,50.0,59.1,51.8,105,106,34,29,53.5,130,0
17:39:01,51.6,48.0,57.4,102,143,30,20,53.5,121,0
17:40:01,58.3,53.6,50.5,113,111,40,25,48.0,110,0
17:41:01,38.6,46.3,51.5,176,128,39,15,45.2,140,0
17:42:01,50.5,45.7,50.2,180,120,40,24,52.4,137,0
17:43:01,57.0,51.8,53.1,115,128,33,22,42.9,139,0
17:44:01,33.6,51.3,51.6,121,140,20,15,48.1,142,0
17:45:01,49.0,50.7,58.9,167,84,21,24,45.9,141,0
17:46:01,34.9,58.0,50.3,126,89,28,16,47.1,145,0
17:47:01,34.3,54.7,54.4,151,121,33,28,45.8,121,0
17:48:01,37.2,55.5,58.9,119,146,32,20,42.7,112,0
17:49:01,51.1,58.5,50.4,138,89,25,26,51.0,133,0
17:50:01,40.1,57.8,57.0,144,117,26,23,54.6,133,0
17:51:01,41.4,58.6,56.2,111,110,32,23,49.8,116,0
17:52:01,55.1,51.7,59.9,143,115,32,15,54.4,134,0
17:53:01,36.5,57.6,51.8,180,149,34,24,43.6,120,0
17:54:01,53.7,59.9,57.3,152,148,40,20,54.8,150,0
17:55:01,89.4,94.8,61.5,1431,710,705,567,79.4,540,1
17:56:01,35.8,59.8,58.7,180,89,32,27,47.2,117,0
17:57:01,44.5,53.8,51.9,168,148,35,28,50.9,140,0
17:58:01,92.1,87.6,64.4,1226,952,781,345,87.5,466,1
17:59:01,42.8,46.3,50.2,156,84,39,16,53.5,134,0
18:00:01,50.0,55.9,55.9,100,80,39,24,48.0,146,0
18:01:01,35.0,50.0,58.0,160,83,24,28,54.0,117,0
18:02:01,41.5,49.0,56.1,103,126,33,15,51.7,133,0
18:03:01,52.1,52.0,53.6,106,85,39,19,43.1,148,0
18:04:01,51.7,49.3,56.0,151,138,28,20,44.7,142,0
18:05:01,34.9,52.1,50.5,126,99,31,25,52.4,127,0
18:06:01,38.8,57.1,59.1,176,147,30,27,55.0,113,0
18:07:01,59.9,57.6,51.3,111,84,38,24,44.4,135,0
18:08:01,41.2,50.9,53.3,150,150,33,21,45.7,117,0
18:09:01,39.5,53.3,50.9,164,110,24,16,44.9,135,0
18:10:01,30.2,56.5,50.9,107,133,36,19,42.8,150,0
18:11:01,59.1,49.7,59.7,111,124,28,25,51.5,130,0
18:12:01,36.6,46.0,54.3,155,112,28,17,53.1,134,0
18:13:01,59.3,45.5,53.0,137,148,24,19,48.1,121,0
18:14:01,34.0,55.6,57.9,123,125,38,28,54.4,125,0
18:15:01,56.5,53.0,59.6,159,133,32,20,50.3,123,0
18:16:01,52.5,48.0,54.3,168,142,40,15,46.7,120,0
18:17:01,50.8,59.6,50.3,114,118,25,16,49.6,139,0
18:18:01,36.4,52.6,50.4,165,113,22,23,50.0,110,0
18:19:01,33.5,51.5,50.2,179,116,38,24,42.6,134,0
18:20:01,89.3,86.0,54.4,1453,1158,560,304,82.2,443,1
18:21:01,53.9,53.4,55.1,121,83,32,28,46.8,111,0
18:22:01,37.1,50.6,51.5,167,94,37,20,54.8,120,0
18:23:01,98.4,96.8,63.7,1037,1094,656,337,78.5,539,1
18:24:01,57.4,57.1,50.4,158,134,21,23,47.3,126,0
18:25:01,96.9,89.7,57.2,1386,1204,570,737,82.9,567,1
18:26:01,49.3,52.5,53.5,163,139,34,28,43.9,135,0
18:27:01,46.2,57.2,53.5,121,109,34,23,53.2,150,0
18:28:01,39.7,51.5,54.2,131,142,35,21,42.3,124,0
18:29:01,56.3,47.0,58.2,107,97,27,20,50.7,149,0
18:30:01,58.2,45.9,55.8,139,85,38,27,50.9,137,0
18:31:01,46.9,47.7,53.2,165,83,35,29,44.1,124,0
18:32:01,49.8,58.0,58.9,159,96,39,21,49.8,150,0
18:33:01,31.4,45.4,56.9,156,121,23,16,49.5,150,0
18:34:01,34.0,55.3,57.3,118,92,36,29,44.7,138,0
18:35:01,48.3,46.8,54.0,135,96,40,19,47.7,112,0
18:36:01,35.9,52.8,56.9,175,147,39,22,51.8,115,0
18:37:01,55.9,58.0,58.7,156,100,34,16,48.4,149,0
18:38:01,50.7,48.7,55.1,179,107,36,21,54.8,119,0
18:39:01,57.0,47.3,54.9,120,80,35,22,49.8,133,0
18:40:01,48.3,45.5,56.2,100,127,29,25,43.9,120,0
18:41:01,49.8,58.9,56.7,162,147,20,20,47.4,141,0
18:42:01,53.3,57.5,54.9,134,127,39,21,47.5,119,0
18:43:01,37.6,49.3,53.3,117,80,36,27,54.9,124,0
18:44:01,34.0,45.9,56.3,113,108,37,19,48.8,143,0
18:45:01,45.3,56.8,56.4,158,98,28,15,51.7,129,0
18:46:01,39.5,50.6,51.2,172,100,26,18,52.1,149,0
18:47:01,35.8,48.8,53.6,160,123,22,26,54.8,148,0
18:48:01,48.8,47.5,52.4,104,148,33,16,48.1,112,0
18:49:01,35.9,59.5,56.5,180,139,38,30,42.5,134,0
18:50:01,39.6,53.2,53.6,167,112,31,27,44.3,146,0
18:51:01,53.6,50.7,52.7,131,133,35,19,46.9,116,0
18:52:01,59.7,58.0,52.2,135,86,20,27,50.4,128,0
18:53:01,35.5,58.9,58.1,117,142,28,28,49.8,119,0
18:54:01,86.7,92.9,52.6,1155,1300,630,548,80.3,361,1
18:55:01,48.7,53.8,53.3,163,93,30,20,54.0,135,0
18:56:01,32.2,59.1,56.2,150,128,24,22,45.1,119,0
18:57:01,53.8,49.9,50.1,116,94,35,25,50.6,115,0
18:58:01,52.8,52.4,57.7,155,86,27,22,44.6,125,0
18:59:01,97.7,94.5,57.5,761,1272,799,596,83.9,508,1
19:00:01,37.8,45.5,58.7,135,84,36,28,50.4,124,0
19:01:01,96.4,85.4,60.7,710,764,832,608,80.8,366,1
19:02:01,34.2,45.3,52.7,176,120,21,16,53.3,117,0
19:03:01,59.4,50.2,54.6,139,86,24,23,54.4,130,0
19:04:01,53.0,50.0,58.8,166,128,36,28,43.5,117,0
19:05:01,40.0,45.6,52.7,142,136,31,15,43.4,132,0
19:06:01,49.8,57.0,53.4,165,112,26,19,46.7,125,0
19:07:01,59.9,49.7,54.2,104,104,30,21,47.0,113,0
19:08:01,58.9,46.3,51.5,118,122,29,30,47.0,132,0
19:09:01,46.1,51.8,56.4,146,99,37,15,49.3,140,0
19:10:01,30.6,50.7,59.1,153,89,32,20,44.2,138,0
19:11:01,33.4,47.5,52.0,106,134,35,30,43.0,144,0
19:12:01,40.1,53.2,53.3,151,101,29,29,51.0,111,0
19:13:01,36.1,54.0,54.0,118,146,38,21,50.9,133,0
19:14:01,34.1,50.1,54.0,140,103,36,23,50.1,146,0
19:15:01,51.5,51.0,56.1,112,140,29,22,44.4,121,0
19:16:01,91.5,94.3,58.5,1144,1006,694,521,84.8,497,1
19:17:01,36.3,59.6,51.1,157,111,22,22,44.0,148,0
19:18:01,33.9,55.3,54.6,124,87,29,26,52.6,148,0
19:19:01,43.1,52.2,50.1,144,127,30,25,53.0,144,0
19:20:01,59.8,48.9,53.2,160,109,32,19,51.1,134,0
19:21:01,40.6,46.9,50.3,154,142,24,26,52.4,135,0
19:22:01,32.5,59.2,50.8,157,83,38,28,45.9,132,0
19:23:01,42.7,49.4,58.1,154,90,38,27,49.3,117,0
19:24:01,41.8,59.6,59.2,118,136,40,17,44.9,115,0
19:25:01,42.0,56.4,51.7,180,89,32,17,43.0,125,0
19:26:01,47.4,55.3,52.3,115,149,27,29,47.8,111,0
19:27:01,35.9,52.6,57.0,125,140,23,24,42.0,129,0
19:28:01,90.6,95.2,55.3,1437,1389,458,462,87.1,562,1
19:29:01,52.3,58.1,53.7,155,105,26,28,45.1,149,0
19:30:01,34.1,48.2,57.9,178,127,26,29,51.2,133,0
19:31:01,52.7,53.4,54.3,180,113,36,26,43.2,124,0
19:32:01,53.9,48.6,52.7,135,150,22,17,47.6,137,0
19:33:01,50.9,54.9,50.2,146,92,40,23,52.7,133,0
19:34:01,45.7,48.8,55.8,113,122,32,28,43.7,119,0
19:35:01,38.5,51.0,51.5,169,138,31,18,42.3,144,0
19:36:01,51.3,59.9,55.9,140,109,30,20,51.5,132,0
19:37:01,59.1,59.5,50.6,115,89,28,28,44.3,119,0
19:38:01,57.6,51.1,54.7,164,107,22,20,45.3,134,0
19:39:01,58.8,45.3,58.4,178,135,32,22,54.5,136,0
19:40:01,88.9,85.4,52.5,845,1373,752,392,81.2,371,1
19:41:01,56.8,53.3,55.0,137,83,39,15,46.8,140,0
19:42:01,57.4,56.5,53.0,124,86,22,18,45.9,119,0
19:43:01,46.6,48.3,51.9,102,93,35,26,44.7,117,0
19:44:01,31.4,54.2,58.1,133,121,23,22,54.4,113,0
19:45:01,59.3,54.7,57.1,122,117,33,24,51.3,150,0
19:46:01,38.9,58.2,51.1,162,95,39,30,42.1,145,0
19:47:01,58.0,47.0,53.5,138,80,24,26,49.1,114,0
19:48:01,46.2,58.8,57.6,166,131,38,23,42.7,113,0
19:49:01,33.9,59.1,50.7,132,91,20,28,49.4,124,0
19:50:01,39.7,45.9,53.7,146,150,35,24,49.0,122,0
19:51:01,42.8,48.4,56.0,110,132,31,29,43.2,130,0
19:52:01,94.9,86.3,59.6,1331,1207,372,792,90.4,382,1
19:53:01,31.1,46.2,54.5,105,100,36,30,52.7,114,0
19:54:01,59.3,53.0,53.2,177,143,35,16,52.1,117,0
19:55:01,45.4,52.3,54.3,156,114,20,26,49.4,123,0
19:56:01,39.8,55.7,55.8,150,113,25,15,44.5,143,0
19:57:01,31.4,52.7,54.5,137,133,34,26,51.6,135,0
19:58:01,39.1,52.6,53.1,118,107,30,27,50.2,112,0
19:59:01,47.8,49.0,54.3,173,148,33,25,53.1,116,0
20:00:01,47.5,47.7,59.1,164,119,20,26,48.6,131,0
20:01:01,42.7,52.8,58.6,168,83,31,21,54.9,132,0
20:02:01,51.4,52.1,54.3,163,139,29,25,47.6,126,0
20:03:01,57.4,45.1,51.8,119,101,26,17,42.6,147,0
20:04:01,33.2,49.3,52.3,147,147,38,15,52.7,134,0
20:05:01,35.8,54.8,59.6,135,115,40,26,52.5,148,0
20:06:01,45.0,47.2,52.1,106,97,27,30,44.0,127,0
20:07:01,35.1,54.7,59.7,153,141,31,17,51.4,117,0
20:08:01,32.2,51.4,58.4,160,108,30,26,49.3,115,0
20:09:01,56.5,52.1,52.8,125,147,22,26,42.6,149,0
20:10:01,88.6,98.4,66.3,1118,884,600,790,75.6,477,1
20:11:01,39.8,46.0,52.4,130,92,20,23,51.4,119,0
20:12:01,90.8,90.0,57.3,849,1356,547,594,87.5,420,1
20:13:01,31.4,51.5,59.8,141,141,40,21,44.6,149,0
20:14:01,51.7,59.1,50.6,112,139,20,18,47.0,112,0
20:15:01,40.6,49.8,52.4,113,134,20,16,42.5,147,0
20:16:01,41.5,56.3,52.1,117,128,40,28,50.5,110,0
20:17:01,36.6,50.0,57.5,142,136,25,27,43.3,124,0
20:18:01,35.7,48.7,50.1,143,143,36,22,49.1,114,0
20:19:01,46.6,59.0,54.4,152,134,29,30,42.6,144,0
20:20:01,46.7,45.2,51.1,132,145,39,21,51.0,149,0
20:21:01,58.0,49.2,54.7,124,136,25,16,54.7,117,0
20:22:01,37.1,46.3,57.6,174,103,27,24,47.5,143,0
20:23:01,97.1,97.1,67.7,955,1382,547,384,76.5,504,1
20:24:01,40.8,46.1,55.9,128,147,21,24,51.9,143,0
20:25:01,48.2,48.2,50.3,170,118,32,26,51.2,120,0
20:26:01,42.9,58.6,51.1,169,119,37,19,54.3,131,0
20:27:01,35.6,59.3,57.5,141,101,23,30,42.6,147,0
20:28:01,36.1,55.0,56.6,128,96,26,24,45.6,124,0
20:29:01,34.5,50.0,59.5,113,150,40,18,46.3,142,0
20:30:01,55.4,56.2,58.3,103,149,23,15,49.2,136,0
20:31:01,59.1,46.9,56.6,111,82,24,27,44.4,113,0
20:32:01,55.6,57.2,55.7,143,104,25,17,48.2,115,0
20:33:01,36.4,51.3,53.6,144,142,22,26,43.5,116,0
20:34:01,59.8,54.9,55.3,124,111,26,28,47.7,118,0
20:35:01,35.8,50.1,51.1,149,120,28,17,52.4,116,0
20:36:01,30.8,51.7,57.0,131,125,21,18,50.7,141,0
20:37:01,35.0,48.7,60.0,155,80,27,28,49.4,147,0
20:38:01,90.9,95.7,67.2,1141,907,570,411,78.5,488,1
20:39:01,46.6,53.8,58.7,173,87,36,24,47.4,116,0
20:40:01,59.2,56.3,59.3,170,134,22,20,52.1,144,0
20:41:01,39.1,53.1,54.1,152,81,36,24,42.9,111,0
20:42:01,47.3,59.6,55.8,171,94,33,24,51.5,133,0
20:43:01,35.9,45.5,54.0,112,125,37,29,49.1,110,0
20:44:01,55.6,56.5,50.3,175,131,23,27,48.5,137,0
20:45:01,39.9,55.4,50.9,104,118,40,15,51.9,150,0
20:46:01,36.7,53.4,51.3,161,83,39,28,52.3,138,0
20:47:01,35.2,55.1,55.2,148,105,37,28,52.0,110,0
20:48:01,38.3,51.6,51.0,130,102,39,25,46.3,116,0
20:49:01,48.4,51.4,55.8,149,101,31,15,53.5,136,0
20:50:01,52.5,59.5,50.7,109,134,28,22,44.8,127,0
20:51:01,38.0,50.8,57.2,180,137,36,18,51.5,120,0
20:52:01,59.9,49.6,50.9,106,80,38,25,43.5,149,0
20:53:01,58.1,47.5,52.1,175,116,20,17,43.8,128,0
20:54:01,39.3,57.4,58.0,105,136,38,25,45.7,124,0
20:55:01,35.7,53.2,57.9,173,86,28,24,52.3,116,0
20:56:01,54.0,56.3,55.9,118,146,28,16,43.3,127,0
20:57:01,56.3,58.9,57.8,110,141,23,29,50.3,117,0
20:58:01,40.8,58.9,54.7,100,90,37,27,44.7,113,0
20:59:01,37.7,46.2,55.1,105,129,21,29,54.9,134,0
21:00:01,52.8,45.3,56.2,140,123,29,28,46.5,125,0
21:01:01,33.0,46.5,58.8,147,144,27,27,48.8,114,0
21:02:01,35.0,53.1,50.2,134,83,37,18,53.0,144,0
21:03:01,54.9,49.4,58.5,159,115,34,23,51.0,135,0
21:04:01,45.4,55.3,51.0,125,146,40,26,44.4,113,0
21:05:01,45.0,46.4,58.7,134,125,40,26,43.7,121,0
21:06:01,55.7,54.8,57.2,140,136,27,30,47.6,136,0
21:07:01,32.8,50.6,54.7,160,108,33,29,48.5,116,0
21:08:01,59.6,46.7,50.5,172,150,31,15,46.8,144,0
21:09:01,55.0,47.5,52.1,161,145,38,19,50.6,131,0
21:10:01,38.0,59.4,53.4,138,135,25,27,43.4,142,0
21:11:01,30.0,54.7,55.6,144,84,39,29,46.3,141,0
21:12:01,51.2,56.9,51.5,138,123,40,21,43.1,143,0
21:13:01,45.5,57.6,52.6,162,129,24,26,43.6,118,0
21:14:01,44.2,55.0,53.0,163,90,22,26,49.7,127,0
21:15:01,50.2,58.7,50.3,139,92,37,27,44.1,136,0
21:16:01,31.0,48.2,58.6,113,142,38,23,44.6,134,0
21:17:01,59.7,55.6,53.8,139,130,24,24,45.2,132,0
21:18:01,47.1,52.2,54.9,116,87,35,23,42.6,128,0
21:19:01,57.2,58.2,57.0,107,90,25,15,53.6,110,0
21:20:01,50.7,51.0,56.7,168,87,36,20,46.6,132,0
21:21:01,38.2,48.3,52.4,104,96,23,22,45.2,125,0
21:22:01,52.9,45.0,57.5,172,144,40,22,44.8,132,0
21:23:01,38.3,47.4,54.9,171,127,37,20,44.6,120,0
21:24:01,34.5,50.4,52.2,139,101,34,19,52.6,115,0
21:25:01,60.0,54.3,50.5,142,145,30,18,54.3,113,0
21:26:01,39.1,57.1,54.7,138,84,25,18,46.0,123,0
21:27:01,54.5,53.2,52.1,163,84,36,24,43.8,145,0
21:28:01,31.3,51.3,51.3,102,141,24,21,49.1,134,0
21:29:01,30.5,57.9,52.4,180,117,37,17,46.7,138,0
21:30:01,52.2,58.7,56.1,154,140,37,24,44.5,129,0
21:31:01,49.0,45.3,59.9,151,121,24,26,46.0,129,0
21:32:01,38.9,53.9,59.5,161,88,39,20,54.4,149,0
21:33:01,44.6,53.6,59.7,150,140,28,27,51.5,131,0
21:34:01,49.9,58.4,52.7,119,135,22,24,42.9,111,0
21:35:01,52.8,46.8,58.2,118,135,35,21,45.1,116,0
21:36:01,35.5,46.6,53.5,144,143,31,15,51.8,126,0
21:37:01,49.4,47.9,54.2,121,86,39,25,54.2,126,0
21:38:01,41.9,57.5,56.5,127,106,28,30,44.3,141,0
21:39:01,50.3,51.1,53.6,138,127,37,28,45.6,150,0
21:40:01,52.6,45.7,58.3,156,114,40,16,47.9,141,0
21:41:01,47.5,46.0,56.7,177,101,22,26,46.1,143,0
21:42:01,40.4,46.6,52.3,107,119,39,27,51.2,139,0
21:43:01,42.9,48.0,58.4,164,129,26,30,47.3,147,0
21:44:01,53.2,48.7,51.5,148,125,26,18,44.5,132,0
21:45:01,55.7,49.9,59.5,175,109,22,28,49.9,134,0
21:46:01,52.7,49.5,55.3,149,95,38,15,43.8,114,0
21:47:01,48.1,46.6,57.0,134,107,29,19,46.7,120,0
21:48:01,95.0,86.8,65.1,1205,1102,822,796,94.1,547,1
21:49:01,42.0,50.7,57.2,160,113,40,19,48.2,142,0
21:50:01,87.9,90.3,68.6,824,872,712,704,76.0,571,1
21:51:01,40.9,54.9,55.4,128,133,36,15,51.8,122,0
21:52:01,57.0,58.8,59.6,144,99,37,22,49.1,122,0
21:53:01,56.2,57.9,55.3,159,145,38,16,45.0,116,0
21:54:01,36.4,50.4,56.6,113,89,36,29,49.1,113,0
21:55:01,92.9,92.9,61.9,782,849,701,457,93.1,496,1
21:56:01,41.6,59.9,50.3,115,105,40,28,52.8,113,0
21:57:01,38.3,45.5,58.1,173,144,27,25,48.8,125,0
21:58:01,49.0,55.7,58.0,176,149,29,16,48.7,133,0
21:59:01,91.1,85.4,56.3,1005,1223,580,440,90.0,454,1
22:00:01,47.9,58.2,58.4,129,90,22,17,53.7,150,0
22:01:01,50.0,54.2,53.4,122,119,32,28,49.7,137,0
22:02:01,58.1,51.4,51.1,126,98,30,26,52.1,120,0
22:03:01,85.5,90.9,63.6,1141,915,455,753,88.1,549,1
22:04:01,35.9,50.8,59.5,158,150,21,25,54.8,146,0
22:05:01,49.0,52.3,51.1,112,111,28,30,53.4,145,0
22:06:01,48.6,48.9,51.2,117,81,33,25,48.9,111,0
22:07:01,30.3,51.0,51.2,116,99,32,16,50.3,123,0
22:08:01,53.6,48.1,54.7,129,129,26,28,45.2,143,0
22:09:01,43.5,56.8,53.6,111,97,28,25,52.8,120,0
22:10:01,52.8,56.9,59.8,137,103,30,22,53.3,139,0
22:11:01,38.3,56.7,52.2,156,89,31,17,53.4,133,0
22:12:01,41.3,57.4,54.0,144,114,26,16,47.9,121,0
22:13:01,51.6,54.5,60.0,180,96,23,17,45.1,127,0
22:14:01,49.9,50.6,53.2,148,126,22,25,50.7,131,0
22:15:01,42.5,59.7,51.7,116,128,33,16,52.0,112,0
22:16:01,34.1,55.4,55.3,129,88,31,20,48.1,135,0
22:17:01,59.1,49.6,56.8,116,119,34,30,43.6,127,0
22:18:01,36.4,48.0,51.9,157,129,30,16,50.6,120,0
22:19:01,41.4,46.4,58.4,121,122,40,29,45.9,119,0
22:20:01,32.1,57.3,55.1,153,138,35,29,42.7,131,0
22:21:01,30.1,50.4,59.9,126,106,30,22,46.0,116,0
22:22:01,55.5,57.9,57.1,133,127,36,19,45.9,139,0
22:23:01,30.7,51.6,51.6,171,115,22,25,44.3,110,0
22:24:01,85.2,94.4,65.7,968,1034,567,505,84.0,455,1
22:25:01,50.9,49.3,58.2,126,150,20,17,45.7,150,0
22:26:01,32.2,47.9,55.7,163,96,25,25,49.9,139,0
22:27:01,58.5,56.7,54.9,166,84,24,16,51.1,131,0
22:28:01,45.0,55.1,51.3,120,119,39,22,50.4,127,0
22:29:01,51.4,53.3,53.8,178,80,27,21,42.4,124,0
22:30:01,51.1,46.7,57.9,136,105,21,18,42.4,140,0
22:31:01,32.9,57.9,53.3,134,113,40,30,52.7,143,0
22:32:01,56.1,59.0,57.8,174,123,36,24,46.6,150,0
22:33:01,58.2,47.9,50.3,154,83,30,26,52.5,135,0
22:34:01,32.7,55.9,53.3,122,116,28,20,44.1,124,0
22:35:01,89.2,91.4,57.6,1216,935,782,320,78.4,449,1
22:36:01,33.7,51.0,57.3,178,104,34,28,44.3,139,0
22:37:01,45.0,47.9,54.6,144,146,32,18,48.9,134,0
22:38:01,37.3,54.9,58.7,160,99,30,18,44.5,115,0
22:39:01,42.6,48.0,56.9,130,126,33,22,48.3,121,0
22:40:01,53.8,54.4,53.0,110,131,25,20,51.6,132,0
22:41:01,47.4,53.6,57.8,104,85,22,24,43.1,115,0
22:42:01,39.3,54.5,59.9,137,123,27,28,43.5,116,0
22:43:01,33.2,59.7,50.0,143,123,33,24,51.8,124,0
22:44:01,44.0,56.2,55.3,127,144,39,25,43.3,115,0
22:45:01,54.7,51.8,57.4,121,88,22,19,42.8,150,0
22:46:01,87.4,97.6,63.6,1323,1072,535,457,92.5,386,1
22:47:01,49.5,56.4,55.3,134,98,28,23,49.5,141,0
22:48:01,85.3,86.1,58.9,1362,1326,601,573,89.6,510,1
22:49:01,97.0,85.1,52.6,1002,1385,460,497,94.5,463,1
22:50:01,44.0,51.9,52.6,121,92,35,15,45.8,144,0
22:51:01,33.0,48.7,53.9,115,83,23,19,43.1,132,0
22:52:01,48.7,53.9,54.2,164,106,37,30,44.5,123,0
22:53:01,94.4,96.9,53.2,931,721,839,548,88.9,428,1
22:54:01,51.7,59.7,57.4,155,113,34,24,53.0,124,0
22:55:01,55.3,56.8,59.2,108,129,34,30,50.5,146,0
22:56:01,56.3,52.0,56.0,156,132,24,26,43.7,143,0
22:57:01,45.5,59.0,54.0,138,100,30,21,53.7,117,0
22:58:01,38.1,58.4,55.3,134,124,20,23,52.3,135,0
22:59:01,44.3,47.9,55.9,107,123,29,30,52.8,125,0
23:00:01,44.7,56.0,59.2,160,122,36,24,54.8,139,0
23:01:01,48.1,53.2,55.7,114,109,24,28,45.3,119,0
23:02:01,48.2,50.3,51.0,171,112,30,18,48.2,128,0
23:03:01,42.5,45.9,59.6,176,138,23,25,45.1,121,0
23:04:01,30.5,58.8,54.2,132,150,37,21,49.0,115,0
23:05:01,58.7,53.1,57.9,178,89,29,26,50.7,122,0
23:06:01,32.6,45.3,59.6,126,114,40,16,53.9,116,0
23:07:01,56.1,55.2,56.6,177,97,21,26,52.9,132,0
23:08:01,59.7,55.5,59.0,176,150,32,18,53.1,150,0
23:09:01,36.7,45.2,53.1,159,134,30,26,53.8,138,0
23:10:01,41.3,50.5,57.7,169,103,24,15,45.5,124,0
23:11:01,49.2,59.1,58.6,172,130,37,18,52.5,136,0
23:12:01,34.4,47.3,52.4,171,146,25,21,46.9,138,0
23:13:01,38.1,48.3,54.9,133,120,38,23,49.7,112,0
23:14:01,37.4,50.3,57.9,107,125,31,18,51.0,148,0
23:15:01,47.5,55.4,50.3,145,95,38,15,49.3,143,0
23:16:01,51.9,54.1,59.1,131,103,31,18,50.5,114,0
23:17:01,36.0,58.5,56.9,164,87,21,26,50.4,123,0
23:18:01,60.0,47.9,55.5,131,85,36,25,43.0,145,0
23:19:01,53.2,59.9,51.6,168,150,25,24,54.3,119,0
23:20:01,49.2,55.0,56.5,113,102,29,29,53.8,139,0
23:21:01,53.5,51.7,58.6,171,92,36,25,45.6,148,0
23:22:01,37.4,52.6,50.7,103,93,36,29,45.4,139,0
23:23:01,31.7,48.2,59.5,179,123,30,30,51.5,144,0
23:24:01,52.6,51.5,53.1,141,94,29,30,42.7,115,0
23:25:01,49.2,59.7,53.9,115,86,33,17,46.9,110,0
23:26:01,35.7,51.9,58.2,163,115,34,21,43.1,150,0
23:27:01,53.7,48.8,59.0,112,123,29,15,42.2,150,0
23:28:01,34.7,54.1,53.8,152,116,35,20,42.8,111,0
23:29:01,48.8,48.5,50.1,171,126,26,24,48.9,132,0
23:30:01,40.3,57.6,50.3,143,140,22,18,51.5,146,0
23:31:01,51.3,53.4,59.6,172,115,23,21,50.8,146,0
23:32:01,47.8,47.3,56.1,168,131,29,29,50.3,111,0
23:33:01,94.9,91.1,64.6,1332,846,590,422,91.9,484,1
23:34:01,44.9,53.0,51.3,135,83,40,16,44.3,147,0
23:35:01,46.2,47.2,50.1,162,125,40,23,53.4,129,0
23:36:01,44.5,56.0,57.2,132,136,26,18,45.3,114,0
23:37:01,55.2,52.2,57.0,178,140,37,30,49.8,140,0
23:38:01,32.6,53.3,57.2,105,96,25,19,48.8,118,0
23:39:01,53.9,51.2,55.9,167,136,21,28,43.5,140,0
23:40:01,39.8,57.4,59.7,122,116,38,29,49.8,121,0
23:41:01,38.2,51.4,54.6,118,127,27,23,50.6,146,0
23:42:01,48.7,46.9,54.0,157,84,35,30,53.3,144,0
23:43:01,35.8,55.0,56.1,129,138,29,22,52.9,139,0
23:44:01,45.0,52.3,52.2,126,147,40,17,49.0,137,0
23:45:01,45.4,54.7,58.2,151,135,25,17,44.7,149,0
23:46:01,36.4,50.1,58.7,179,116,25,27,49.3,149,0
23:47:01,37.2,58.0,56.3,162,125,35,24,44.5,134,0
23:48:01,35.1,57.3,57.6,170,81,30,23,43.4,140,0
23:49:01,38.0,58.0,55.5,175,136,27,22,49.2,136,0
23:50:01,54.0,56.9,52.1,162,100,26,22,47.6,143,0
23:51:01,59.3,54.5,52.4,107,99,29,22,46.6,123,0
23:52:01,42.9,47.9,51.4,164,132,32,30,47.9,128,0
23:53:01,94.3,91.6,54.8,1071,979,789,463,81.4,516,1
23:54:01,36.5,54.8,51.8,156,104,24,20,49.0,130,0
23:55:01,50.8,46.2,58.9,126,80,30,21,43.4,114,0
23:56:01,35.8,56.0,53.2,156,117,34,15,50.7,126,0
23:57:01,56.8,45.1,57.6,158,148,38,18,48.6,117,0
23:58:01,42.1,50.5,55.4,125,103,28,30,43.6,118,0
23:59:01,30.7,49.4,54.2,106,111,38,24,44.0,146,0
00:00:01,40.7,50.1,55.1,120,123,27,19,46.8,128,0
00:01:01,36.0,52.9,54.5,169,148,25,27,46.1,130,0
00:02:01,50.3,56.9,51.0,130,113,32,16,49.5,119,0
00:03:01,95.5,98.9,59.7,1266,1108,836,454,87.2,529,1
00:04:01,51.4,59.5,54.5,177,127,27,23,53.1,128,0
00:05:01,42.3,52.7,54.0,148,118,25,20,42.8,144,0
00:06:01,52.8,46.9,59.7,131,114,24,20,50.1,150,0
00:07:01,54.6,54.8,54.9,166,144,20,15,54.2,115,0
00:08:01,42.6,50.2,50.9,150,109,31,25,52.1,119,0
00:09:01,43.2,56.8,52.9,114,150,25,22,53.2,145,0
00:10:01,33.9,56.1,57.6,180,98,26,22,44.9,113,0
00:11:01,41.0,49.6,54.6,106,91,28,21,44.8,127,0
00:12:01,37.3,57.8,54.3,106,115,37,25,52.3,145,0
00:13:01,38.1,51.4,53.1,156,94,35,20,48.8,131,0
00:14:01,93.6,97.9,66.2,715,769,476,706,83.6,414,1
00:15:01,46.7,55.2,55.2,131,84,20,21,53.0,134,0
00:16:01,57.9,47.5,52.4,125,132,33,19,43.6,140,0
00:17:01,56.7,58.7,56.7,105,117,23,16,47.8,134,0
00:18:01,42.8,55.2,50.1,166,136,40,20,52.3,132,0
00:19:01,49.0,59.6,53.8,115,107,29,22,47.3,130,0
00:20:01,46.0,58.4,55.9,123,117,31,21,50.6,124,0
00:21:01,46.8,45.7,58.1,176,95,22,25,46.2,133,0
00:22:01,52.6,45.3,50.8,157,105,24,23,43.9,141,0
00:23:01,33.0,48.9,51.7,118,102,23,19,44.1,146,0
00:24:01,41.8,52.5,50.3,135,93,29,18,44.1,129,0
00:25:01,31.3,58.7,55.1,159,127,27,17,43.9,123,0
00:26:01,35.6,58.2,57.7,126,109,26,19,51.8,150,0
00:27:01,35.1,45.6,58.1,170,133,39,29,43.0,142,0
00:28:01,58.9,57.3,56.9,152,102,28,19,47.9,111,0
00:29:01,32.6,59.2,54.2,153,98,28,19,50.8,135,0
00:30:01,55.8,46.8,51.8,132,88,24,25,47.8,127,0
00:31:01,39.1,51.3,55.7,106,110,40,23,54.7,132,0
00:32:01,36.3,48.2,55.4,142,120,28,20,47.7,135,0
00:33:01,58.6,54.7,53.0,129,142,30,29,42.2,136,0
00:34:01,34.5,46.0,55.7,149,127,32,29,49.4,113,0
00:35:01,56.6,45.5,52.3,165,100,30,27,43.3,131,0
00:36:01,32.1,46.4,58.6,156,145,36,26,45.5,127,0
00:37:01,54.3,47.6,58.2,164,114,33,23,52.4,125,0
00:38:01,86.3,96.0,64.8,1012,1079,748,609,93.7,408,1
00:39:01,44.6,51.6,51.8,112,121,22,23,46.2,111,0
00:40:01,55.0,57.5,53.0,126,148,25,24,45.4,131,0
00:41:01,30.9,48.7,54.7,105,139,28,22,54.0,127,0
00:42:01,57.6,53.1,59.9,130,116,38,27,52.8,124,0
00:43:01,50.8,57.0,51.9,159,116,25,27,48.2,110,0
00:44:01,45.6,46.1,57.5,157,91,37,22,53.1,132,0
00:45:01,49.9,55.2,58.7,144,99,25,23,53.0,145,0
00:46:01,47.9,59.9,55.3,123,99,25,29,53.8,142,0
00:47:01,45.1,46.9,59.2,179,139,26,21,50.8,123,0
00:48:01,35.8,59.8,52.0,117,86,28,29,50.7,128,0
00:49:01,32.5,45.9,55.6,142,141,28,23,47.6,110,0
00:50:01,41.8,47.9,53.2,178,104,30,18,47.9,150,0
00:51:01,42.6,58.0,57.9,124,98,23,20,46.1,110,0
00:52:01,59.2,59.2,57.6,132,112,37,28,50.7,133,0
00:53:01,43.0,49.0,59.0,159,82,39,23,44.0,145,0
00:54:01,37.7,49.6,59.3,146,127,24,30,42.9,117,0
00:55:01,41.8,54.9,57.2,166,145,26,27,44.7,114,0
00:56:01,55.8,57.1,58.4,106,147,20,19,42.0,114,0
00:57:01,35.6,52.8,51.9,165,114,22,22,51.7,140,0
00:58:01,50.4,59.0,57.3,100,92,29,28,45.8,124,0
00:59:01,53.1,47.9,58.0,157,97,33,30,48.3,150,0
01:00:01,35.3,50.7,53.4,109,139,24,25,52.5,134,0
01:01:01,41.8,52.9,59.0,174,108,36,29,53.0,111,0
01:02:01,59.9,52.5,51.5,105,103,23,27,42.8,111,0
01:03:01,88.5,96.2,55.4,1472,1323,458,622,79.6,477,1
01:04:01,54.3,51.2,59.9,141,123,24,24,52.9,135,0
01:05:01,31.0,48.9,58.2,165,132,21,16,47.5,123,0
01:06:01,58.6,53.0,59.2,177,133,28,18,44.8,127,0
01:07:01,37.9,53.8,57.5,143,126,34,25,54.5,140,0
01:08:01,37.9,51.0,54.2,170,83,20,18,52.8,110,0
01:09:01,40.8,50.3,56.9,100,115,40,23,49.5,124,0
01:10:01,87.7,92.3,67.9,917,966,393,624,80.8,514,1
01:11:01,44.7,54.3,55.5,156,104,33,26,54.5,136,0
01:12:01,34.9,49.0,55.6,112,136,35,24,51.2,113,0
01:13:01,55.0,50.9,53.2,150,107,29,18,46.9,113,0
01:14:01,37.4,51.5,56.3,170,82,36,25,46.0,143,0
01:15:01,35.5,55.7,54.5,105,102,32,24,44.6,126,0
01:16:01,31.2,59.2,52.9,139,143,33,28,43.4,142,0
01:17:01,48.0,59.9,52.5,113,145,33,15,43.5,140,0
01:18:01,39.4,59.4,57.3,134,104,28,29,51.0,122,0
01:19:01,45.4,48.3,54.8,154,130,32,24,44.0,125,0
01:20:01,85.8,98.3,68.8,1088,1009,464,352,77.4,417,1
01:21:01,32.3,55.4,56.9,129,107,21,29,50.8,129,0
01:22:01,48.1,45.6,53.4,135,109,39,17,44.7,136,0
01:23:01,37.1,49.5,54.6,103,140,37,15,45.5,148,0
01:24:01,55.3,52.5,56.4,144,119,39,28,49.3,115,0
01:25:01,53.2,56.6,52.8,106,110,22,29,43.6,141,0
01:26:01,30.2,56.8,54.4,158,84,34,22,46.7,130,0
01:27:01,58.3,51.2,51.7,145,132,27,16,50.7,110,0
01:28:01,54.8,54.5,57.6,161,103,35,21,48.1,116,0
01:29:01,34.5,52.7,50.5,153,103,39,18,42.8,141,0
01:30:01,49.5,59.5,50.2,147,140,28,20,45.5,129,0
01:31:01,52.9,45.3,52.5,148,139,38,27,42.5,139,0
01:32:01,90.7,86.0,66.7,1023,886,855,755,78.9,404,1
01:33:01,49.7,49.7,52.6,172,119,36,21,53.3,116,0
01:34:01,40.8,48.0,59.7,166,114,23,29,51.8,112,0
01:35:01,59.3,49.7,56.5,138,124,20,23,46.6,135,0
01:36:01,55.6,47.2,51.6,123,115,29,24,47.0,136,0
01:37:01,40.5,58.1,59.8,169,145,27,17,46.4,136,0
01:38:01,38.7,45.1,50.3,172,111,33,25,47.4,112,0
01:39:01,37.4,51.5,53.0,143,128,34,18,47.0,118,0
01:40:01,44.5,59.1,58.8,120,140,31,19,48.9,135,0
01:41:01,41.7,46.8,59.4,143,138,31,21,50.9,147,0
01:42:01,43.9,56.1,55.7,108,93,27,15,54.6,143,0
01:43:01,41.6,56.4,52.9,146,109,22,21,44.1,111,0
01:44:01,36.6,45.5,51.7,103,145,28,20,52.4,119,0
01:45:01,41.6,51.7,57.9,108,136,36,17,53.5,138,0
01:46:01,41.5,46.5,58.1,148,129,37,22,54.2,130,0
01:47:01,55.5,47.7,58.7,175,119,40,18,43.6,137,0
01:48:01,50.1,57.1,58.8,174,104,35,22,50.6,120,0
01:49:01,53.4,54.6,51.7,104,93,34,20,54.5,133,0
01:50:01,52.1,45.9,59.6,159,110,25,21,43.1,133,0
01:51:01,32.6,50.9,57.7,142,99,33,18,52.5,126,0
01:52:01,57.8,47.6,53.6,147,144,29,30,47.6,115,0
01:53:01,43.4,58.5,55.3,149,104,34,29,52.1,135,0
01:54:01,59.8,59.8,52.4,146,125,21,26,43.5,140,0
01:55:01,59.4,59.9,50.6,144,87,20,16,49.2,118,0
01:56:01,36.5,54.9,55.6,116,93,39,17,54.5,125,0
01:57:01,42.8,46.5,55.8,117,126,32,15,51.6,117,0
01:58:01,53.3,47.5,56.3,100,88,27,15,45.3,129,0
01:59:01,41.5,45.6,57.4,119,139,25,24,53.7,136,0
02:00:01,48.3,53.6,58.7,159,82,25,17,44.6,140,0
02:01:01,58.8,57.4,58.9,142,131,40,27,53.3,148,0
02:02:01,37.1,58.5,56.8,150,111,37,29,54.3,143,0
02:03:01,37.3,51.4,51.4,163,108,29,18,50.5,119,0
02:04:01,50.0,48.0,59.5,168,140,37,29,51.9,150,0
02:05:01,31.8,52.9,51.6,148,137,24,19,44.9,149,0
02:06:01,43.1,46.5,58.3,168,131,24,16,44.8,150,0
02:07:01,32.6,54.4,50.7,120,145,36,19,42.5,116,0
02:08:01,42.2,45.6,53.8,155,97,39,21,47.9,129,0
02:09:01,47.1,52.5,55.8,137,101,27,21,48.1,111,0
02:10:01,44.8,52.6,59.7,159,134,38,25,46.5,120,0
02:11:01,53.9,49.7,51.4,121,115,39,28,49.8,146,0
02:12:01,49.7,45.2,56.4,126,131,35,28,48.6,126,0
02:13:01,99.7,98.2,69.6,1191,1048,703,727,82.7,511,1
02:14:01,92.8,96.3,67.4,1245,917,698,460,84.4,594,1
02:15:01,52.7,53.7,53.0,119,101,35,27,46.4,139,0
02:16:01,42.2,45.7,54.1,174,150,39,22,49.4,140,0
02:17:01,38.7,52.6,55.3,100,87,30,26,52.3,138,0
02:18:01,50.7,58.3,58.0,165,97,35,25,52.5,142,0
02:19:01,43.5,48.0,58.9,152,87,22,26,45.0,116,0
02:20:01,31.7,53.8,58.9,117,108,38,24,53.3,127,0
02:21:01,58.3,57.8,53.2,101,138,21,17,53.4,126,0
02:22:01,44.9,45.5,56.1,132,117,28,24,48.6,116,0
02:23:01,49.7,50.4,51.9,167,95,39,23,42.7,141,0
02:24:01,52.3,50.3,52.6,136,144,27,30,43.1,149,0
02:25:01,37.9,57.8,57.4,136,131,29,15,44.1,147,0
02:26:01,53.9,48.6,55.1,160,92,26,24,47.6,147,0
02:27:01,31.5,50.7,50.6,168,119,28,15,48.2,142,0
02:28:01,42.1,49.2,53.2,143,126,29,19,46.6,148,0
02:29:01,36.5,52.8,53.9,149,121,29,27,50.5,150,0
02:30:01,54.7,48.3,54.8,128,93,25,18,49.6,119,0
02:31:01,54.3,48.9,51.8,119,97,24,24,42.9,146,0
02:32:01,35.1,54.3,51.9,150,144,29,28,48.7,144,0
02:33:01,35.6,59.5,57.2,157,126,29,30,48.3,113,0
02:34:01,37.1,50.5,57.3,132,139,28,19,54.9,118,0
02:35:01,40.7,54.4,59.7,148,134,39,29,44.6,145,0
02:36:01,92.4,85.8,54.7,1357,856,618,498,82.6,423,1
02:37:01,57.4,57.5,59.5,129,129,22,27,51.8,122,0
02:38:01,56.6,51.6,50.2,127,110,26,20,45.5,114,0
02:39:01,42.2,51.5,53.8,157,136,22,16,52.4,129,0
02:40:01,56.7,46.5,53.9,106,131,34,18,44.2,119,0
02:41:01,59.4,45.0,58.2,161,110,36,22,49.4,115,0
02:42:01,46.1,45.5,52.3,166,105,21,28,50.9,123,0
02:43:01,45.6,57.3,58.0,171,80,35,26,46.6,122,0
02:44:01,57.6,45.5,55.4,127,141,29,18,52.0,122,0
02:45:01,52.8,48.4,55.2,144,116,28,17,42.0,149,0
02:46:01,49.8,59.7,50.3,164,101,33,25,49.3,145,0
02:47:01,53.9,48.4,52.8,175,95,20,18,46.2,144,0
02:48:01,37.9,48.9,51.7,164,98,23,29,48.8,125,0
02:49:01,46.6,45.3,57.0,107,83,26,21,50.6,140,0
02:50:01,56.1,52.8,56.4,151,135,21,22,51.0,144,0
02:51:01,48.5,49.0,54.9,175,131,33,16,52.8,126,0
02:52:01,59.5,54.3,50.2,158,141,20,29,51.6,120,0
02:53:01,58.9,59.2,57.8,127,125,40,22,49.4,121,0
02:54:01,99.4,91.2,54.6,1066,1389,841,695,79.6,426,1
02:55:01,53.5,56.1,53.8,172,102,25,17,43.9,118,0
02:56:01,50.6,57.4,53.1,113,142,23,22,43.1,132,0
02:57:01,53.5,48.2,58.8,162,146,27,21,42.9,115,0
02:58:01,56.1,58.0,56.4,176,94,33,27,49.6,148,0
02:59:01,50.9,52.1,58.4,123,90,28,27,45.0,143,0
03:00:01,54.1,53.3,51.7,178,113,33,18,54.0,145,0
03:01:01,31.7,58.6,51.8,118,106,25,22,49.3,142,0
03:02:01,50.9,45.2,52.2,166,97,22,26,49.5,131,0
03:03:01,32.1,47.6,54.4,118,148,22,22,50.7,125,0
03:04:01,33.6,58.2,54.2,169,94,38,27,50.5,128,0
03:05:01,40.5,52.6,52.3,163,143,31,27,49.8,144,0
03:06:01,33.5,57.8,50.5,137,104,39,15,46.0,142,0
03:07:01,32.1,46.4,54.1,125,103,22,24,45.1,150,0
03:08:01,93.0,88.9,54.5,793,1226,808,431,91.6,482,1
03:09:01,34.8,58.0,56.3,179,130,35,30,42.4,115,0
03:10:01,86.2,85.7,62.5,1326,987,512,334,89.2,475,1
03:11:01,42.6,47.4,50.4,148,96,30,23,49.2,127,0
03:12:01,38.0,54.7,57.0,106,112,25,23,52.7,118,0
03:13:01,53.0,52.9,59.3,115,134,33,19,49.2,126,0
03:14:01,37.3,59.5,58.1,180,106,21,20,54.3,147,0
03:15:01,97.8,88.1,65.7,1118,769,783,644,83.9,407,1
03:16:01,34.7,51.4,50.1,140,100,26,28,49.4,142,0
03:17:01,39.0,59.1,50.7,105,128,33,30,52.8,117,0
03:18:01,53.3,48.4,52.2,114,137,39,23,43.2,138,0
03:19:01,42.6,59.7,51.2,127,116,36,28,49.5,147,0
03:20:01,44.6,53.1,54.7,122,91,30,24,48.7,122,0
03:21:01,47.4,58.0,58.6,120,91,32,26,48.0,121,0
03:22:01,59.8,47.6,52.7,125,95,26,22,42.6,130,0
03:23:01,95.1,87.3,55.8,1350,659,390,533,93.8,375,1
03:24:01,53.3,59.0,54.6,164,121,22,16,46.8,142,0
03:25:01,33.5,54.0,54.3,126,80,40,25,51.2,122,0
03:26:01,35.9,49.2,51.3,122,104,26,23,51.1,141,0
03:27:01,54.9,52.1,52.8,106,89,26,21,51.0,134,0
03:28:01,34.9,50.6,55.3,170,139,37,22,43.6,128,0
03:29:01,57.7,57.0,54.0,112,114,31,23,45.1,145,0
03:30:01,39.6,53.7,50.3,178,92,22,15,53.4,134,0
03:31:01,56.3,52.8,53.5,152,134,23,27,45.8,138,0
03:32:01,47.6,53.1,50.4,141,141,20,20,54.5,131,0
03:33:01,50.5,56.2,56.3,133,150,29,19,53.2,135,0
03:34:01,47.9,59.4,58.9,128,86,38,27,53.1,144,0
03:35:01,37.1,48.6,54.9,138,125,21,19,49.1,114,0
03:36:01,59.7,52.4,54.9,104,98,24,27,49.3,131,0
03:37:01,38.0,58.2,52.8,141,149,26,30,44.4,138,0
03:38:01,86.2,88.1,57.9,1301,886,751,513,76.1,513,1
03:39:01,37.0,47.2,55.3,180,97,37,25,43.7,138,0
03:40:01,44.5,54.2,57.5,156,115,33,25,49.7,135,0
03:41:01,59.5,49.1,54.4,109,129,31,27,46.8,119,0
03:42:01,54.2,50.7,51.7,127,123,30,23,52.6,124,0
03:43:01,57.4,49.9,54.0,102,116,37,20,53.9,122,0
03:44:01,41.3,48.4,57.1,180,82,21,18,53.9,120,0
03:45:01,36.4,50.0,56.7,137,98,26,26,45.8,126,0
03:46:01,94.0,92.8,67.1,1471,1333,796,414,78.1,353,1
03:47:01,30.2,46.6,51.7,176,91,26,29,49.7,148,0
03:48:01,34.8,50.0,50.2,113,83,29,27,49.8,150,0
03:49:01,51.0,48.5,51.6,125,106,39,29,42.9,136,0
03:50:01,42.2,59.5,58.1,130,110,31,23,50.5,114,0
03:51:01,31.8,57.0,50.3,148,84,33,26,46.5,117,0
03:52:01,50.5,59.2,53.3,134,97,22,18,54.0,122,0
03:53:01,39.3,53.3,55.9,160,84,22,27,54.9,143,0
03:54:01,33.9,50.3,59.9,170,85,27,27,50.2,138,0
03:55:01,88.0,91.6,58.0,826,1305,654,519,78.9,554,1
03:56:01,54.6,45.7,51.4,146,88,37,16,53.0,142,0
03:57:01,58.7,54.5,51.2,166,134,25,24,49.3,149,0
03:58:01,32.6,56.1,55.5,163,129,21,27,47.3,127,0
03:59:01,45.0,52.7,54.1,173,98,31,30,51.6,147,0
04:00:01,58.5,55.5,57.8,112,145,22,20,42.1,145,0
04:01:01,42.4,57.5,58.2,155,142,23,20,54.5,126,0
04:02:01,52.6,50.4,50.5,168,109,25,16,50.6,137,0
04:03:01,46.8,53.7,57.3,103,116,28,24,46.5,147,0
04:04:01,38.6,48.9,51.3,113,110,28,19,45.7,117,0
04:05:01,42.0,50.3,57.9,157,149,35,17,52.7,126,0
04:06:01,93.1,87.0,61.8,932,861,783,614,86.8,540,1
04:07:01,38.5,59.7,53.1,114,88,27,19,45.1,132,0
04:08:01,36.8,57.0,56.9,137,150,23,20,44.3,126,0
04:09:01,56.8,45.6,52.5,134,132,21,26,52.0,124,0
04:10:01,33.4,51.0,57.3,171,98,23,24,42.6,113,0
04:11:01,48.9,54.7,54.2,166,98,23,23,48.3,125,0
04:12:01,42.3,56.8,52.9,116,102,34,26,44.4,124,0
04:13:01,40.2,57.4,50.2,147,86,32,17,45.1,115,0
04:14:01,33.7,45.1,57.5,157,140,24,25,44.4,116,0
04:15:01,35.7,45.3,50.9,114,145,23,26,54.9,126,0
04:16:01,31.1,58.8,58.1,122,83,35,24,46.2,136,0
04:17:01,40.3,50.6,56.7,135,143,28,26,43.3,136,0
04:18:01,39.6,58.7,54.4,160,129,35,16,47.4,127,0
04:19:01,56.4,45.6,51.8,111,136,30,17,44.9,120,0
04:20:01,42.2,59.8,57.3,147,83,35,21,43.6,140,0
04:21:01,98.6,99.5,62.1,1113,1192,812,539,93.0,524,1
04:22:01,34.1,45.5,57.6,160,113,34,28,49.1,135,0
04:23:01,32.0,59.5,50.6,175,150,30,27,48.4,139,0
04:24:01,54.3,59.6,59.7,136,105,28,23,42.1,142,0
04:25:01,51.5,53.9,50.3,106,116,23,19,47.9,125,0
04:26:01,35.9,45.5,50.9,137,84,30,27,44.2,136,0
04:27:01,58.4,54.2,51.7,100,119,27,15,43.8,123,0
04:28:01,52.1,49.7,59.3,162,91,30,30,43.9,110,0
04:29:01,39.6,59.7,53.0,140,144,21,23,45.1,127,0
04:30:01,35.6,50.7,59.9,102,90,24,29,43.8,134,0
04:31:01,48.1,48.1,59.6,122,118,28,26,49.3,136,0
04:32:01,53.3,52.6,54.5,105,91,40,25,45.9,116,0
04:33:01,93.6,90.5,58.6,884,818,682,309,77.7,469,1
04:34:01,52.1,46.5,52.6,109,80,32,20,51.3,127,0
04:35:01,85.9,90.3,64.4,1428,1331,540,479,85.5,471,1
04:36:01,47.2,46.3,59.0,175,98,29,30,51.7,139,0
04:37:01,43.7,50.5,59.4,114,102,32,18,49.5,117,0
04:38:01,30.7,52.0,55.6,129,143,28,29,45.0,148,0
04:39:01,41.8,49.4,54.0,165,146,40,25,54.7,110,0
04:40:01,51.7,51.8,59.1,102,146,33,28,43.0,110,0
04:41:01,31.6,50.0,53.5,154,110,40,22,54.0,147,0
04:42:01,97.5,96.1,66.9,1121,1375,628,784,85.3,576,1
04:43:01,34.1,48.4,54.6,171,96,38,20,49.2,114,0
04:44:01,39.0,59.0,56.9,145,125,31,15,44.7,139,0
04:45:01,91.8,95.9,65.4,884,1060,668,464,78.8,368,1
04:46:01,41.4,48.8,55.1,129,109,26,18,42.5,115,0
04:47:01,46.0,50.2,52.5,171,127,27,18,42.0,141,0
04:48:01,37.7,59.4,56.9,155,112,22,23,51.4,140,0
04:49:01,44.3,47.8,52.6,174,89,38,26,53.1,123,0
04:50:01,34.3,59.5,58.4,152,97,33,26,51.7,149,0
04:51:01,35.9,54.6,52.6,169,110,30,16,51.3,145,0
04:52:01,38.5,48.3,58.1,106,128,33,25,51.9,144,0
04:53:01,34.0,48.7,50.4,176,97,35,25,53.0,114,0
04:54:01,36.9,59.0,59.1,165,120,26,15,42.4,126,0
04:55:01,49.1,57.6,59.0,119,83,20,15,51.2,126,0
04:56:01,48.1,54.9,51.5,136,98,26,17,43.4,111,0
04:57:01,55.0,53.9,51.8,153,84,24,21,46.4,140,0
04:58:01,32.4,49.4,53.3,150,90,32,26,47.6,138,0
04:59:01,43.1,58.4,52.3,171,87,36,23,53.1,144,0
05:00:01,53.8,46.7,55.0,119,133,37,21,51.6,112,0
05:01:01,40.0,46.6,59.4,177,95,39,20,48.7,114,0
05:02:01,34.4,49.4,55.3,155,102,40,28,54.5,119,0
05:03:01,35.4,54.7,59.4,120,107,34,20,42.7,123,0
05:04:01,35.8,57.8,53.3,105,140,21,15,49.8,121,0
05:05:01,44.0,52.6,52.8,162,80,33,15,54.6,134,0
05:06:01,46.1,47.9,56.4,162,106,32,27,51.0,139,0
05:07:01,57.2,48.2,51.4,127,141,25,25,46.1,136,0
05:08:01,55.6,55.6,54.6,118,103,40,15,48.4,114,0
05:09:01,38.9,59.3,50.3,169,149,33,19,49.3,136,0
05:10:01,31.0,59.3,50.4,102,142,32,16,43.6,135,0
05:11:01,49.4,52.7,58.1,164,149,30,20,47.1,136,0
05:12:01,47.9,59.1,59.6,168,108,35,24,48.1,114,0
05:13:01,40.6,52.7,54.7,134,128,27,16,54.4,129,0
05:14:01,36.8,47.0,56.1,107,111,37,27,52.4,142,0
05:15:01,57.7,49.8,57.2,172,138,21,21,44.8,122,0
05:16:01,59.8,56.4,59.4,141,106,28,24,46.7,148,0
05:17:01,56.9,58.4,55.2,149,121,34,18,52.4,114,0
05:18:01,31.7,53.2,51.3,157,80,31,30,50.5,119,0
05:19:01,51.1,47.0,57.4,147,106,39,19,46.8,148,0
05:20:01,42.8,51.7,59.1,179,112,35,29,47.9,118,0
05:21:01,31.0,57.7,60.0,114,133,32,17,42.0,138,0
05:22:01,35.0,53.3,55.1,146,118,33,25,44.4,136,0
05:23:01,43.6,51.3,52.6,111,138,32,29,51.5,143,0
05:24:01,87.7,87.7,63.9,1263,939,729,784,80.6,387,1
05:25:01,41.2,54.1,53.2,166,110,23,26,45.4,133,0
05:26:01,56.5,57.4,57.5,172,116,32,20,45.0,146,0
05:27:01,41.3,54.4,58.5,150,137,23,26,46.4,140,0
05:28:01,39.4,54.7,54.2,124,111,25,17,49.9,147,0
05:29:01,58.8,54.2,59.4,107,90,36,26,53.6,130,0
05:30:01,32.1,46.4,57.3,113,97,28,17,46.7,131,0
05:31:01,37.1,57.8,53.4,141,96,26,30,45.5,135,0
05:32:01,40.2,57.1,59.4,179,98,24,21,45.7,124,0
05:33:01,38.4,47.9,50.1,140,89,25,17,49.3,131,0
05:34:01,30.1,46.5,57.2,109,114,31,19,42.5,114,0
05:35:01,38.8,53.1,57.9,142,145,27,29,45.2,130,0
05:36:01,32.3,46.7,56.9,108,137,31,18,42.7,146,0
05:37:01,53.9,56.7,51.7,121,97,33,16,43.6,138,0
05:38:01,37.5,50.5,54.9,102,107,29,18,47.0,121,0
05:39:01,30.3,55.7,57.3,105,112,28,27,52.7,144,0
05:40:01,40.5,50.4,59.7,135,88,21,22,51.9,118,0
05:41:01,34.4,51.1,56.4,177,127,27,17,42.4,144,0
05:42:01,88.1,98.5,52.5,1258,1349,763,377,83.5,522,1
05:43:01,41.0,57.1,52.4,157,142,20,16,46.2,139,0
05:44:01,59.8,53.6,56.8,127,108,28,22,44.9,120,0
05:45:01,56.8,58.7,51.5,162,138,34,25,45.6,112,0
05:46:01,41.4,48.6,53.0,132,102,40,23,44.6,128,0
05:47:01,54.8,54.8,54.7,154,131,24,29,50.2,143,0
05:48:01,40.1,45.6,57.4,156,150,32,24,45.7,113,0
05:49:01,38.4,57.2,53.6,174,102,27,30,45.0,141,0
05:50:01,31.1,59.3,55.2,116,126,35,25,51.7,125,0
05:51:01,32.1,56.0,51.7,172,143,20,15,50.2,128,0
05:52:01,40.2,49.4,50.8,130,95,26,19,51.1,123,0
05:53:01,47.0,49.9,54.5,142,123,25,30,49.4,113,0
05:54:01,40.3,47.3,54.0,166,149,32,18,47.2,143,0
05:55:01,50.1,53.8,58.2,132,110,31,26,49.3,144,0
05:56:01,59.9,46.7,59.1,180,95,24,28,49.1,116,0
05:57:01,44.3,50.7,54.6,149,117,29,19,54.8,118,0
05:58:01,36.8,51.7,58.3,130,129,25,22,52.7,141,0
05:59:01,33.3,47.2,57.3,167,102,29,20,51.3,147,0
06:00:01,50.3,51.8,54.6,156,93,30,30,48.1,116,0
06:01:01,58.4,57.5,53.7,119,113,32,27,44.4,117,0
06:02:01,90.7,89.5,60.1,1399,845,727,316,76.9,460,1
06:03:01,91.4,96.6,55.9,1008,1055,838,331,79.1,371,1
06:04:01,55.9,49.9,54.4,144,133,23,26,50.7,143,0
06:05:01,51.7,48.1,52.1,169,90,22,28,42.6,147,0
06:06:01,51.7,54.4,52.9,160,106,26,25,42.7,120,0
06:07:01,47.4,55.5,56.7,134,98,26,15,54.0,146,0
06:08:01,47.5,46.0,58.0,112,149,37,19,47.5,148,0
06:09:01,44.8,55.4,53.7,115,133,29,29,51.8,140,0
06:10:01,55.6,49.7,50.7,151,144,28,27,43.7,112,0
06:11:01,55.5,49.9,56.9,117,111,38,21,45.6,132,0
06:12:01,39.2,58.8,51.8,176,139,36,24,48.1,123,0
06:13:01,35.3,49.5,51.7,117,114,34,16,53.9,134,0
06:14:01,58.5,45.6,59.4,145,138,37,17,54.3,130,0
06:15:01,57.2,45.0,54.6,131,105,30,28,43.7,120,0
06:16:01,91.4,91.7,69.6,773,879,605,645,91.2,417,1
06:17:01,88.4,90.0,54.6,1166,682,520,619,91.3,586,1
06:18:01,43.5,48.0,50.4,116,115,34,30,50.6,143,0
06:19:01,35.5,49.5,59.9,148,88,22,28,48.3,127,0
06:20:01,48.8,58.9,58.8,116,98,38,18,44.8,124,0
06:21:01,57.3,52.3,52.8,100,98,26,19,47.4,137,0
06:22:01,42.0,56.0,58.2,179,81,32,26,49.2,133,0
06:23:01,43.9,56.2,56.2,172,133,26,24,49.5,121,0
06:24:01,41.3,49.4,53.8,122,90,33,22,49.1,146,0
06:25:01,42.2,59.9,52.0,110,122,32,20,53.0,127,0
06:26:01,87.5,93.6,69.6,960,1388,727,520,94.2,361,1
06:27:01,41.8,56.4,54.9,142,103,32,29,50.7,133,0
06:28:01,54.4,47.1,58.3,151,133,27,24,42.0,145,0
06:29:01,44.9,45.9,51.8,131,85,22,25,48.8,134,0
06:30:01,40.2,48.8,58.3,163,113,33,17,50.1,148,0
06:31:01,40.7,47.1,56.4,156,95,38,20,52.7,120,0
06:32:01,58.2,47.7,52.9,119,135,36,15,50.5,118,0
06:33:01,58.5,49.8,57.7,177,138,37,27,52.6,119,0
06:34:01,43.2,55.5,51.4,137,91,32,21,47.5,123,0
06:35:01,37.5,48.9,55.8,142,119,22,19,53.2,137,0
06:36:01,47.5,58.4,55.0,128,106,25,18,49.9,143,0
06:37:01,38.3,55.4,55.1,121,93,40,29,48.1,145,0
06:38:01,32.5,51.6,54.3,114,102,28,28,52.3,127,0
06:39:01,41.2,58.5,55.6,171,94,22,27,49.3,124,0
06:40:01,45.6,58.4,52.9,113,142,27,19,49.8,125,0
06:41:01,52.0,46.3,53.4,169,144,30,29,45.6,116,0
06:42:01,35.1,52.4,51.8,144,135,29,25,47.7,114,0
06:43:01,30.9,57.5,57.7,164,86,25,17,42.9,144,0
06:44:01,52.3,49.5,53.7,112,97,37,16,47.3,148,0
06:45:01,49.6,51.7,52.5,116,102,25,30,52.2,145,0
06:46:01,59.8,58.9,53.9,108,125,20,26,49.9,140,0
06:47:01,95.2,96.9,53.6,784,770,490,728,83.0,542,1
06:48:01,52.7,46.8,56.0,150,87,22,17,54.3,120,0
06:49:01,33.8,47.0,56.3,171,137,22,18,42.9,126,0
06:50:01,44.5,52.2,52.0,126,88,40,28,48.3,143,0
06:51:01,48.1,54.6,54.9,175,101,22,28,44.6,127,0
06:52:01,32.8,51.4,53.6,149,98,32,15,49.1,129,0
06:53:01,89.5,91.4,56.7,1360,726,673,514,81.7,515,1
06:54:01,58.2,51.1,54.2,159,98,36,17,53.5,116,0
06:55:01,53.3,49.0,50.8,114,83,40,21,51.5,136,0
06:56:01,52.8,51.0,50.7,156,117,30,18,54.7,111,0
06:57:01,45.4,45.3,51.8,159,101,40,16,51.7,127,0
06:58:01,32.3,59.8,56.5,129,139,37,15,52.4,140,0
06:59:01,52.0,48.6,52.0,169,144,26,25,51.2,116,0
07:00:01,47.7,46.3,55.3,158,144,21,27,46.0,111,0
07:01:01,46.7,52.0,55.9,165,146,21,17,51.9,110,0
07:02:01,47.8,53.2,54.8,134,115,39,27,44.6,136,0
07:03:01,92.1,87.8,53.0,1240,1311,415,528,78.1,595,1
07:04:01,30.1,54.4,51.1,103,92,31,18,51.9,147,0
07:05:01,48.3,58.2,56.7,161,119,20,15,46.2,143,0
07:06:01,52.9,50.9,56.2,100,111,27,28,43.5,139,0
07:07:01,59.3,55.5,58.9,161,103,33,23,52.8,126,0
07:08:01,47.0,57.1,55.1,176,129,33,24,53.6,136,0
07:09:01,48.6,47.1,56.5,137,86,34,20,50.4,112,0
07:10:01,40.3,57.4,50.7,173,124,34,22,54.5,112,0
07:11:01,56.5,55.2,52.7,135,143,28,16,50.6,144,0
07:12:01,59.5,49.7,51.5,170,138,29,16,42.2,140,0
07:13:01,33.7,51.9,51.6,156,99,34,29,51.0,145,0
07:14:01,43.9,58.4,50.1,129,103,38,21,47.2,115,0
07:15:01,44.5,55.0,52.9,137,139,26,28,50.4,115,0
07:16:01,34.9,55.4,52.7,127,110,33,25,53.4,111,0
07:17:01,37.8,53.3,54.5,107,124,30,19,53.1,142,0
07:18:01,47.3,51.3,50.3,167,113,30,29,50.6,131,0
07:19:01,47.3,51.9,57.2,127,93,29,21,50.1,127,0
07:20:01,52.6,50.2,56.2,160,89,39,20,49.2,143,0
07:21:01,59.5,58.9,52.5,122,132,37,15,46.9,121,0
07:22:01,48.7,50.8,50.5,167,123,23,23,43.6,140,0
07:23:01,56.8,53.8,52.8,127,139,32,27,45.5,138,0
07:24:01,53.7,50.4,51.5,155,92,33,27,53.2,142,0
07:25:01,38.9,53.0,54.8,125,104,28,24,43.4,115,0
07:26:01,53.0,52.0,51.9,116,114,27,22,51.3,146,0
07:27:01,31.0,46.9,57.8,154,87,30,27,52.4,131,0
07:28:01,47.0,47.2,53.2,126,80,21,16,46.2,147,0
07:29:01,54.8,58.6,50.2,159,132,37,29,44.6,131,0
07:30:01,47.2,52.5,50.1,162,120,24,30,51.4,137,0
07:31:01,55.2,56.0,53.2,163,142,28,25,44.5,127,0
07:32:01,55.1,54.1,50.6,172,111,40,15,48.7,131,0
07:33:01,53.9,53.3,51.1,109,139,25,18,53.4,121,0
07:34:01,54.3,49.0,51.4,100,80,25,19,46.4,120,0
07:35:01,33.9,58.4,54.1,133,92,23,18,45.5,135,0
07:36:01,50.7,56.8,58.5,172,92,36,21,46.1,126,0
07:37:01,43.4,53.5,53.6,154,97,32,16,45.8,134,0
07:38:01,50.2,54.1,55.6,123,92,29,20,50.1,147,0
07:39:01,54.5,45.4,51.6,165,130,27,25,42.6,123,0
07:40:01,99.4,87.9,55.2,1023,1219,900,568,75.7,476,1
07:41:01,48.8,57.1,52.5,127,99,25,21,49.5,138,0
07:42:01,54.1,48.7,53.1,122,96,29,23,45.4,144,0
07:43:01,87.9,95.6,61.7,1362,1129,366,330,76.0,374,1
07:44:01,53.8,51.2,50.3,112,96,38,28,44.8,136,0
07:45:01,39.1,55.9,50.2,114,124,25,20,53.6,123,0
07:46:01,51.5,49.2,51.2,167,144,38,26,44.7,141,0
07:47:01,49.0,55.5,51.9,163,109,21,24,46.8,138,0
07:48:01,50.6,52.0,59.0,110,125,36,19,51.2,122,0
07:49:01,36.4,57.7,56.8,103,115,34,15,51.0,144,0
07:50:01,44.0,56.4,58.2,154,141,21,25,46.4,114,0
07:51:01,53.7,55.6,51.0,136,148,20,15,51.7,135,0
07:52:01,38.0,58.0,59.0,129,145,39,22,48.9,114,0
07:53:01,46.0,56.4,59.4,118,94,21,15,54.6,146,0
07:54:01,46.0,46.0,55.1,161,133,27,29,49.4,136,0
07:55:01,47.8,45.0,50.2,157,121,29,18,43.8,122,0
07:56:01,44.5,45.1,54.4,168,82,31,27,45.1,132,0
07:57:01,45.8,52.4,56.1,145,140,32,22,45.6,126,0
07:58:01,38.6,47.3,50.3,170,93,40,17,52.9,121,0
07:59:01,50.5,48.9,57.1,157,130,24,16,44.2,120,0
08:00:01,31.3,50.9,58.0,175,82,40,17,44.7,137,0
08:01:01,52.1,59.5,54.2,109,146,20,17,51.3,114,0
08:02:01,50.3,56.9,51.2,118,111,22,19,52.7,142,0
08:03:01,57.9,45.4,50.8,150,141,22,25,43.7,144,0
08:04:01,34.4,48.5,56.2,115,116,38,18,44.0,128,0
08:05:01,40.9,50.6,55.0,178,80,25,17,49.5,116,0
08:06:01,58.6,47.7,55.1,112,127,33,28,47.9,114,0
08:07:01,51.9,58.3,55.5,147,87,27,16,42.8,136,0
08:08:01,37.0,59.0,59.1,154,125,26,26,53.4,141,0
08:09:01,35.8,53.9,50.6,100,106,21,17,55.0,147,0
08:10:01,33.6,47.8,52.9,166,141,21,24,50.9,142,0
08:11:01,48.0,54.7,58.6,154,91,25,21,54.4,115,0
08:12:01,47.2,47.5,50.9,134,150,28,19,44.1,135,0
08:13:01,59.8,50.5,59.8,148,107,35,18,42.7,122,0
08:14:01,56.4,52.6,51.6,173,110,34,22,46.7,134,0
08:15:01,99.1,85.5,60.3,1395,682,731,354,88.5,361,1
08:16:01,57.1,46.9,56.1,146,82,36,20,52.1,129,0
08:17:01,36.2,59.7,57.6,107,127,38,17,49.2,116,0
08:18:01,34.0,45.3,57.0,103,80,39,22,50.1,139,0
08:19:01,58.3,52.4,54.3,138,87,24,25,45.7,146,0
08:20:01,58.6,59.8,55.4,125,88,36,18,47.2,111,0
08:21:01,36.3,57.7,58.4,156,108,22,27,45.9,150,0
08:22:01,91.5,96.7,65.1,1351,1189,527,484,79.8,467,1
08:23:01,40.0,48.7,52.1,144,83,39,26,44.6,122,0
08:24:01,56.4,46.4,53.6,114,144,40,27,54.0,145,0
08:25:01,30.7,49.7,57.2,102,111,20,20,52.4,130,0
08:26:01,43.8,51.3,50.6,179,139,37,22,51.1,119,0
08:27:01,42.4,59.1,52.6,112,87,29,30,42.7,111,0
08:28:01,47.7,55.2,52.6,139,120,33,19,44.0,120,0
08:29:01,43.9,48.7,53.8,152,123,32,30,48.9,115,0
08:30:01,54.3,47.5,58.7,176,106,33,16,49.9,111,0
08:31:01,46.3,46.5,57.6,149,118,23,22,54.2,124,0
08:32:01,58.7,57.6,52.6,176,132,26,28,44.6,127,0
08:33:01,41.7,55.0,55.4,105,83,34,17,47.6,121,0
08:34:01,51.6,46.9,58.6,172,150,32,24,44.1,110,0
08:35:01,36.9,53.9,51.5,159,108,38,20,45.5,131,0
08:36:01,55.4,51.2,55.2,131,145,39,18,49.6,134,0
08:37:01,32.4,52.5,59.3,174,112,28,27,42.2,112,0
08:38:01,41.2,58.1,59.5,122,97,39,22,42.2,132,0
08:39:01,43.4,51.9,53.7,157,144,40,15,50.7,141,0
08:40:01,98.0,91.6,54.6,933,916,488,374,81.3,397,1
08:41:01,34.1,51.8,59.5,109,87,20,28,55.0,145,0
08:42:01,58.9,52.3,52.8,148,85,40,17,46.1,145,0
08:43:01,38.1,46.1,50.8,177,122,22,30,50.8,135,0
08:44:01,38.9,46.9,53.2,138,114,39,20,47.0,146,0
08:45:01,37.8,51.5,53.5,159,91,39,24,47.1,141,0
08:46:01,41.5,48.2,58.3,159,109,25,26,54.6,120,0
08:47:01,53.4,52.9,59.5,180,146,21,28,52.0,139,0
08:48:01,49.0,48.5,59.2,158,120,27,17,52.2,119,0
08:49:01,99.6,93.0,65.3,1219,1348,789,630,75.0,590,1
08:50:01,47.3,47.7,53.1,176,108,22,28,48.9,126,0
08:51:01,50.8,51.1,54.2,127,144,37,23,50.7,114,0
08:52:01,48.9,46.4,55.2,112,110,37,19,43.0,127,0
08:53:01,90.9,99.7,57.6,1190,1035,642,357,88.0,515,1
08:54:01,92.0,97.0,57.6,1226,908,379,659,92.8,458,1
08:55:01,35.2,59.5,53.1,112,138,21,28,50.0,131,0
08:56:01,99.0,86.3,61.3,1322,1083,506,512,83.2,382,1
08:57:01,37.7,48.9,56.3,164,100,37,22,48.7,150,0
08:58:01,52.2,47.0,50.5,169,114,23,25,52.7,113,0
08:59:01,37.1,45.8,55.2,137,149,30,29,53.6,140,0
09:00:01,58.0,53.6,56.4,177,150,20,23,50.0,112,0
09:01:01,55.4,55.4,52.4,129,135,35,21,48.3,141,0
09:02:01,39.0,51.4,52.9,106,130,32,18,51.7,133,0
09:03:01,44.1,49.6,51.3,147,96,34,26,44.3,138,0
09:04:01,35.3,52.3,53.9,160,126,36,28,46.4,128,0
09:05:01,47.0,46.8,54.2,155,147,33,16,53.2,149,0
09:06:01,36.5,47.7,53.6,116,92,26,22,54.3,115,0
09:07:01,50.1,59.6,55.4,123,85,39,29,51.3,131,0
09:08:01,45.8,53.5,58.1,118,139,36,15,44.1,129,0
09:09:01,55.6,49.7,51.7,167,148,32,29,50.8,138,0
09:10:01,45.0,54.4,55.5,133,106,28,25,43.8,113,0
09:11:01,34.7,47.3,59.1,126,97,30,23,49.4,128,0
09:12:01,33.9,48.3,52.3,108,103,33,28,46.0,124,0
09:13:01,43.9,50.9,52.2,109,109,23,17,42.0,150,0
09:14:01,37.5,51.9,53.2,175,132,33,22,47.4,125,0
09:15:01,48.8,49.2,56.1,118,146,34,26,53.8,134,0
09:16:01,51.5,56.5,55.9,113,141,27,21,48.1,129,0
09:17:01,38.6,54.6,54.5,163,149,22,22,44.4,147,0
09:18:01,51.1,53.0,55.5,160,114,28,29,49.2,130,0
09:19:01,50.1,55.4,58.8,116,131,31,21,52.3,150,0
09:20:01,31.4,55.7,52.0,156,83,35,21,53.5,114,0
09:21:01,45.3,51.1,57.8,164,139,23,26,49.2,118,0
09:22:01,54.5,52.5,59.5,135,105,32,24,47.0,122,0
09:23:01,94.6,86.6,54.4,1015,1055,844,516,92.3,475,1
09:24:01,58.2,57.0,59.2,126,144,34,20,52.3,141,0
09:25:01,89.7,93.1,58.4,1491,1040,744,376,85.6,401,1
09:26:01,51.9,57.9,51.4,160,136,34,24,46.4,111,0
09:27:01,59.7,53.8,59.9,154,114,28,28,49.9,143,0
09:28:01,89.6,96.7,52.6,1472,1227,545,662,79.4,351,1
09:29:01,40.8,57.5,55.2,117,149,23,17,44.2,125,0
09:30:01,34.4,59.4,52.2,137,110,34,29,54.9,134,0
09:31:01,54.1,47.6,59.8,116,140,38,27,43.8,148,0
09:32:01,51.8,45.6,59.6,147,112,37,15,42.1,135,0
09:33:01,49.7,45.2,59.6,162,120,32,16,50.1,142,0
09:34:01,32.4,51.9,60.0,164,103,22,16,43.6,138,0
09:35:01,53.2,49.9,59.4,104,110,38,16,53.3,116,0
09:36:01,31.5,54.5,55.0,164,115,26,27,54.9,115,0
09:37:01,46.0,52.7,57.6,150,98,25,22,46.5,112,0
09:38:01,56.9,59.1,50.1,102,145,32,27,51.1,140,0
09:39:01,30.9,49.4,50.0,139,126,23,28,49.8,117,0
09:40:01,40.5,55.7,55.4,161,132,32,23,54.0,137,0
09:41:01,32.6,55.3,51.5,150,88,33,20,45.1,116,0
09:42:01,96.7,87.1,67.9,941,823,567,714,80.6,373,1
09:43:01,43.4,58.3,54.6,144,111,29,26,50.6,125,0
09:44:01,53.7,58.5,59.7,126,138,21,27,42.9,114,0
09:45:01,49.2,45.5,52.7,142,125,39,30,42.2,115,0
09:46:01,47.4,59.5,55.0,164,92,32,30,52.9,146,0
09:47:01,58.7,50.5,56.8,117,89,27,16,46.3,114,0
09:48:01,41.6,48.3,57.9,140,126,33,22,47.6,134,0
09:49:01,51.3,52.9,53.8,160,110,38,26,54.5,123,0
09:50:01,59.1,46.8,53.8,131,124,38,27,49.9,112,0
09:51:01,38.5,56.7,52.0,144,133,27,25,45.3,149,0
09:52:01,59.1,56.6,53.1,168,131,28,29,52.2,137,0
09:53:01,54.1,45.2,57.3,175,113,39,27,43.0,124,0
09:54:01,87.0,90.7,61.9,1494,784,656,337,82.7,591,1
09:55:01,54.7,48.8,53.2,122,95,23,23,53.2,140,0
09:56:01,57.4,57.5,52.3,102,82,27,16,43.6,137,0
09:57:01,39.7,55.3,57.4,162,146,27,25,51.0,136,0
09:58:01,92.3,96.2,69.6,1069,824,861,765,78.5,369,1
09:59:01,36.6,58.9,57.8,145,103,28,28,54.7,137,0
10:00:01,35.0,50.4,51.5,108,145,40,16,52.3,132,0
10:01:01,44.8,45.5,53.7,152,116,32,22,49.9,149,0
10:02:01,49.4,59.3,57.3,112,148,27,27,49.6,149,0
10:03:01,34.3,50.0,52.6,139,133,40,18,47.3,128,0
10:04:01,31.8,55.6,55.0,117,87,33,20,49.6,133,0
10:05:01,30.4,55.8,58.8,124,112,30,26,43.1,149,0
10:06:01,56.7,51.8,57.1,154,146,35,27,54.9,132,0
10:07:01,47.2,54.4,58.9,131,92,30,18,53.8,131,0
10:08:01,37.0,45.4,52.9,104,106,26,16,43.8,133,0
10:09:01,40.0,56.2,50.6,151,149,25,16,44.1,140,0
10:10:01,59.1,58.0,52.4,171,92,22,25,50.5,134,0
10:11:01,52.2,46.3,54.7,113,89,27,25,49.2,126,0
10:12:01,56.1,53.7,57.3,146,127,25,23,53.0,124,0
10:13:01,41.2,59.1,51.5,162,116,39,29,53.2,140,0
10:14:01,40.9,56.2,59.1,125,134,40,24,48.0,136,0
10:15:01,36.2,56.1,50.4,118,109,38,17,46.5,149,0
10:16:01,57.8,59.6,50.5,166,99,40,21,49.3,140,0
10:17:01,48.7,59.9,52.5,133,128,23,26,49.9,147,0
10:18:01,48.1,55.3,55.5,168,108,24,18,47.7,138,0
10:19:01,39.3,48.5,57.0,163,80,31,18,53.2,149,0
10:20:01,41.2,56.6,55.9,180,96,22,29,43.1,136,0
10:21:01,33.7,59.2,55.3,145,126,35,30,45.1,125,0
10:22:01,89.9,89.8,60.1,1278,663,679,490,90.8,564,1
10:23:01,42.9,47.6,55.6,180,145,29,15,42.0,150,0
10:24:01,33.6,54.6,58.9,122,142,38,20,51.2,142,0
10:25:01,50.6,52.5,58.0,155,106,21,23,52.2,115,0
10:26:01,46.7,54.9,54.8,101,90,37,22,54.4,115,0
10:27:01,46.7,51.3,56.8,139,93,30,16,51.9,138,0
10:28:01,52.3,45.8,55.6,142,110,30,17,50.6,125,0
10:29:01,42.3,58.4,56.7,167,84,21,21,44.3,136,0
10:30:01,54.7,52.9,52.8,140,127,24,22,42.2,138,0
10:31:01,42.0,55.6,53.3,173,123,40,28,42.3,144,0
10:32:01,58.5,46.8,54.0,165,126,22,26,51.0,110,0
10:33:01,58.9,48.1,59.6,172,122,37,23,47.8,134,0
10:34:01,48.3,51.0,54.7,158,140,30,16,52.2,110,0
10:35:01,44.6,56.1,59.6,104,143,36,28,53.3,150,0
10:36:01,30.6,47.0,59.9,143,114,20,19,44.9,116,0
10:37:01,57.0,57.8,54.0,133,101,30,24,43.6,121,0
10:38:01,38.5,55.8,51.2,117,136,36,17,43.3,119,0
10:39:01,53.4,48.5,58.9,145,111,37,29,46.7,146,0
10:40:01,33.7,52.3,55.9,129,89,27,18,48.1,121,0
10:41:01,40.9,57.7,58.4,113,135,31,24,44.3,112,0
10:42:01,47.0,58.2,56.3,168,97,38,15,48.2,144,0
10:43:01,38.2,58.0,57.6,155,122,37,26,52.6,134,0
10:44:01,43.7,51.2,52.7,134,142,37,28,47.6,129,0
10:45:01,99.1,98.3,55.4,1481,1388,877,677,79.8,439,1
10:46:01,47.6,45.4,59.9,117,90,40,20,53.9,138,0
10:47:01,97.5,86.3,61.8,1402,1202,701,343,89.0,595,1
10:48:01,41.5,51.9,56.8,124,84,40,16,48.8,110,0
10:49:01,93.3,85.1,67.1,987,770,379,481,81.3,549,1
10:50:01,42.0,59.9,59.7,159,145,38,26,51.6,134,0
10:51:01,51.1,57.4,54.3,129,105,23,20,45.9,134,0
10:52:01,32.8,47.7,54.6,118,106,23,25,53.9,146,0
10:53:01,39.1,56.8,53.0,109,114,29,15,42.5,116,0
10:54:01,47.7,58.1,51.4,178,89,31,28,51.5,125,0
10:55:01,45.4,53.8,52.9,176,129,33,16,54.0,124,0
10:56:01,38.9,59.9,52.6,140,86,39,26,51.4,138,0
10:57:01,48.2,54.0,52.0,157,91,24,19,47.2,133,0
10:58:01,47.9,47.3,56.4,149,94,38,30,43.1,146,0
10:59:01,54.2,47.7,54.0,147,126,32,30,54.4,134,0
11:00:01,56.0,53.5,52.1,106,136,27,26,44.9,118,0
11:01:01,51.3,49.3,51.7,159,83,22,19,50.5,122,0
11:02:01,51.8,45.6,56.4,151,108,29,25,49.9,149,0
11:03:01,85.6,89.6,59.4,911,1232,653,317,82.1,474,1
11:04:01,47.0,53.8,55.0,116,110,27,28,48.2,117,0
11:05:01,32.3,54.8,59.2,105,94,25,21,54.0,148,0
11:06:01,51.2,51.0,53.1,104,96,33,29,54.4,116,0
11:07:01,44.4,52.3,53.3,107,90,28,24,43.6,112,0
11:08:01,49.8,57.4,57.3,128,119,29,28,45.5,134,0
11:09:01,45.0,57.8,50.2,146,122,40,25,51.4,136,0
11:10:01,53.3,49.4,53.5,157,150,38,30,51.1,141,0
11:11:01,99.6,85.3,56.0,1465,769,623,470,76.8,538,1
11:12:01,32.4,52.9,55.5,167,91,26,30,52.4,116,0
11:13:01,41.6,49.9,56.2,159,142,28,23,45.4,137,0
11:14:01,52.3,57.5,55.1,122,97,30,15,48.4,145,0
11:15:01,55.5,58.4,59.2,107,116,24,27,52.1,117,0
11:16:01,43.4,55.2,54.3,103,145,25,30,46.6,123,0
11:17:01,39.1,57.1,59.9,118,95,32,18,47.8,145,0
11:18:01,54.0,59.1,51.2,165,110,36,19,44.8,143,0
11:19:01,93.2,88.6,68.0,1242,751,547,793,78.7,560,1
11:20:01,37.1,56.7,57.2,109,110,21,15,44.4,139,0
11:21:01,36.1,48.5,58.6,115,85,25,28,54.7,122,0
11:22:01,46.1,48.3,54.7,121,105,20,19,44.5,111,0
11:23:01,36.3,48.6,58.4,128,86,40,26,47.6,136,0
11:24:01,94.9,87.2,61.5,1296,1016,628,461,89.3,590,1
11:25:01,49.4,58.4,56.6,114,94,40,25,52.2,131,0
11:26:01,49.4,50.8,50.9,170,134,40,20,47.3,120,0
11:27:01,59.7,55.0,58.6,112,101,34,30,49.9,136,0
11:28:01,31.8,51.6,54.3,114,123,34,16,51.2,124,0
11:29:01,51.6,45.5,53.8,143,101,32,21,54.7,142,0
11:30:01,41.6,48.2,57.1,149,93,30,21,45.5,132,0
11:31:01,41.8,52.1,59.8,110,125,38,30,42.4,149,0
11:32:01,44.1,45.7,57.1,138,96,35,26,45.9,142,0
11:33:01,51.1,56.3,57.3,171,101,39,17,48.8,144,0
11:34:01,32.2,54.9,56.7,178,123,24,18,52.8,114,0
11:35:01,49.5,58.2,51.8,108,82,21,16,49.8,120,0
11:36:01,56.6,56.4,51.6,126,95,31,15,50.7,142,0
11:37:01,46.8,49.5,56.2,170,112,25,30,49.2,140,0
11:38:01,51.9,56.3,58.0,124,108,22,25,49.4,131,0
11:39:01,39.2,55.6,50.0,122,104,25,28,55.0,125,0
11:40:01,38.4,51.3,53.1,125,117,22,18,45.7,131,0
11:41:01,32.6,51.0,56.8,148,111,38,29,48.3,139,0
11:42:01,57.1,56.7,55.9,174,112,23,20,50.9,116,0
11:43:01,41.7,52.1,55.9,137,113,21,24,43.9,114,0
11:44:01,31.0,45.8,52.9,143,148,23,28,42.1,133,0
11:45:01,41.7,51.0,56.6,111,137,25,16,44.5,116,0
11:46:01,56.0,54.8,59.0,174,148,26,19,52.4,124,0
11:47:01,97.0,98.8,63.8,1218,837,828,576,85.0,575,1
11:48:01,47.7,51.5,58.0,143,118,23,23,49.2,125,0
11:49:01,48.0,47.1,58.4,145,134,28,23,51.2,115,0
11:50:01,35.4,55.3,51.8,177,110,27,19,46.8,148,0
11:51:01,44.6,52.0,53.5,139,92,25,25,53.3,126,0
11:52:01,49.1,55.8,57.8,180,135,39,20,47.1,120,0
11:53:01,58.4,53.4,51.0,141,149,35,30,49.9,127,0
11:54:01,54.0,51.5,52.8,179,110,26,29,54.8,124,0
11:55:01,56.2,52.6,50.0,125,118,33,20,49.9,110,0
11:56:01,51.2,52.8,57.2,123,123,32,19,45.7,137,0
11:57:01,34.0,57.6,55.9,137,119,34,27,51.8,119,0
11:58:01,59.2,53.5,55.4,113,84,40,20,46.5,127,0
11:59:01,97.9,99.1,64.6,886,950,825,444,80.5,535,1
12:00:01,49.3,50.4,52.8,108,146,35,15,45.1,144,0
12:01:01,56.9,49.4,56.3,113,113,35,18,42.1,118,0
12:02:01,31.0,48.1,56.9,130,123,25,15,52.3,110,0
12:03:01,45.8,45.8,54.9,170,130,25,19,47.7,149,0
12:04:01,50.5,47.8,50.4,130,93,28,25,51.8,118,0
12:05:01,37.1,49.2,56.6,121,130,29,28,49.2,116,0
12:06:01,49.3,58.9,57.8,105,122,27,22,47.8,142,0
12:07:01,53.5,46.1,55.6,158,141,37,17,54.8,119,0
12:08:01,48.0,58.6,56.4,102,138,25,27,46.9,113,0
12:09:01,35.5,50.1,58.0,141,91,21,21,43.3,134,0
12:10:01,40.8,50.7,54.8,154,130,20,28,52.6,114,0
12:11:01,35.0,50.3,54.3,133,132,35,23,54.5,140,0
12:12:01,42.1,50.3,54.6,172,146,27,30,47.7,125,0
12:13:01,47.1,54.1,57.9,145,107,40,25,54.3,125,0
12:14:01,56.1,57.8,51.5,101,86,31,21,46.9,116,0
12:15:01,38.3,58.7,58.9,106,132,32,25,46.1,117,0
12:16:01,42.7,45.5,59.4,178,85,28,19,50.3,134,0
12:17:01,35.0,54.3,59.7,152,133,38,17,48.7,127,0
12:18:01,37.8,55.8,55.8,121,84,35,18,47.7,134,0
12:19:01,44.5,48.6,57.7,157,110,37,23,43.2,143,0
12:20:01,44.6,56.6,59.3,155,127,33,20,44.5,139,0
12:21:01,45.0,52.8,52.0,148,91,26,25,46.0,118,0
12:22:01,40.0,47.1,56.6,117,96,36,17,52.9,146,0
12:23:01,59.7,56.8,57.5,108,146,26,17,43.2,134,0
12:24:01,89.5,97.0,65.0,756,1201,744,345,94.1,556,1
12:25:01,49.0,49.7,54.2,146,96,28,19,52.6,146,0
12:26:01,53.3,56.6,60.0,175,102,37,27,47.8,130,0
12:27:01,34.4,46.7,55.6,163,97,34,17,49.6,135,0
12:28:01,36.6,45.7,51.7,160,145,27,26,48.7,148,0
12:29:01,51.3,48.6,56.6,173,128,20,28,49.1,120,0
12:30:01,57.9,52.5,58.6,141,103,25,20,44.0,126,0
12:31:01,43.4,59.2,55.7,116,141,25,26,49.6,145,0
12:32:01,95.5,95.0,62.0,943,720,541,337,83.3,399,1
12:33:01,59.3,52.6,56.6,135,142,32,25,46.0,144,0
12:34:01,31.5,46.4,57.5,133,134,39,15,52.7,149,0
12:35:01,50.5,52.0,57.4,170,128,27,15,52.1,150,0
12:36:01,52.3,49.3,56.5,148,105,30,29,48.5,147,0
12:37:01,90.4,87.6,54.8,838,1173,651,795,92.8,421,1
12:38:01,56.4,48.2,58.1,113,150,22,25,48.0,128,0
12:39:01,35.9,48.1,57.2,133,120,35,19,46.0,122,0
12:40:01,58.6,53.3,57.9,140,84,21,17,43.2,147,0
12:41:01,36.3,47.0,59.9,127,91,34,19,54.3,127,0
12:42:01,92.1,89.0,66.0,1071,894,461,746,85.4,381,1
12:43:01,46.5,53.4,54.3,173,131,31,25,50.6,140,0
12:44:01,35.3,46.4,59.6,164,128,23,20,44.3,144,0
12:45:01,36.0,56.6,53.3,124,107,29,16,48.2,128,0
12:46:01,45.0,50.4,57.5,129,87,31,27,45.8,136,0
12:47:01,33.1,49.4,51.8,172,93,33,30,49.6,128,0
12:48:01,36.9,56.1,53.1,112,85,23,26,46.0,140,0
12:49:01,40.8,45.0,51.4,133,134,33,27,54.1,118,0
12:50:01,58.3,46.8,56.1,165,88,20,23,48.7,131,0
12:51:01,93.8,91.3,54.8,1365,692,495,326,88.5,563,1
12:52:01,31.3,49.3,56.6,172,140,34,27,47.3,125,0
12:53:01,56.4,58.7,57.7,109,117,32,16,43.5,132,0
12:54:01,43.7,46.0,51.9,170,117,34,15,47.0,135,0
12:55:01,57.2,53.1,51.9,142,107,31,18,49.9,129,0
12:56:01,37.5,59.1,59.2,168,98,21,17,45.3,125,0
12:57:01,59.3,50.7,58.8,150,147,26,23,43.0,115,0
12:58:01,46.8,48.4,52.4,137,114,21,21,48.6,129,0
12:59:01,42.4,51.3,54.9,102,139,27,29,50.0,129,0
13:00:01,40.8,54.8,56.9,103,90,36,30,46.9,113,0
13:01:01,40.0,49.0,58.6,174,134,20,26,53.5,127,0
13:02:01,47.1,52.8,59.6,137,147,34,25,47.9,134,0
13:03:01,39.7,53.8,58.1,129,98,22,24,53.5,138,0
13:04:01,92.6,97.3,58.4,1310,1346,631,648,81.7,590,1
13:05:01,50.3,51.5,58.5,111,114,24,24,46.0,136,0
13:06:01,34.4,54.9,53.9,176,144,32,18,45.7,142,0
13:07:01,56.6,51.5,51.3,163,105,38,23,54.2,118,0
13:08:01,53.4,56.1,55.3,136,105,39,16,53.1,138,0
13:09:01,53.4,45.4,56.3,140,137,35,27,45.3,136,0
13:10:01,90.1,88.5,69.5,999,1156,478,405,92.1,428,1
13:11:01,30.3,50.6,58.9,149,126,36,25,48.8,126,0
13:12:01,57.0,46.8,50.7,144,137,20,20,43.4,133,0
13:13:01,59.6,48.3,51.2,100,148,32,17,46.7,147,0
13:14:01,36.5,50.9,55.3,145,88,39,23,54.5,129,0
13:15:01,49.1,54.3,59.0,108,104,31,16,49.2,141,0
13:16:01,51.2,53.1,53.5,136,112,24,19,54.1,140,0
13:17:01,47.4,49.2,53.8,165,86,37,27,49.8,148,0
13:18:01,58.5,52.5,56.4,161,131,37,19,53.5,149,0
13:19:01,32.6,51.3,51.3,120,89,28,19,42.3,113,0
13:20:01,59.3,53.0,53.6,147,127,39,17,44.6,114,0
13:21:01,93.4,97.8,61.4,1370,877,561,562,83.1,592,1
13:22:01,86.4,95.7,55.1,1350,655,784,460,79.9,520,1
13:23:01,47.8,49.6,58.6,160,100,30,20,51.8,122,0
13:24:01,56.9,46.7,56.7,108,132,27,19,50.0,110,0
13:25:01,40.8,51.8,58.7,107,90,34,28,46.8,132,0
13:26:01,57.3,56.9,51.0,175,113,21,16,54.0,121,0
13:27:01,37.7,59.8,57.6,144,120,34,26,49.1,133,0
13:28:01,38.8,51.4,60.0,132,130,40,15,49.8,138,0
13:29:01,37.6,51.3,50.6,137,88,26,18,54.8,123,0
13:30:01,43.3,46.6,53.1,155,98,30,28,51.8,146,0
13:31:01,34.4,57.1,51.6,146,121,34,23,42.4,137,0
13:32:01,58.4,48.9,53.4,140,90,24,17,48.9,133,0
13:33:01,55.1,55.5,56.0,158,94,33,28,46.2,149,0
13:34:01,37.7,50.0,51.6,100,128,40,25,48.8,133,0
13:35:01,52.6,51.1,52.0,164,93,37,26,42.2,133,0
13:36:01,44.2,54.6,54.1,139,141,28,21,43.7,123,0
13:37:01,43.2,52.9,57.7,146,115,25,22,46.5,146,0
13:38:01,35.3,58.3,51.7,113,92,29,16,54.8,146,0
13:39:01,37.1,47.7,51.2,159,118,33,22,52.0,119,0
13:40:01,55.4,58.0,59.5,125,95,38,30,54.3,137,0
13:41:01,41.6,51.9,59.2,143,102,28,26,48.4,144,0
13:42:01,36.6,45.8,55.5,125,132,23,20,45.5,124,0
13:43:01,56.4,58.2,53.5,167,121,34,29,52.4,147,0
13:44:01,51.9,57.1,55.6,156,99,25,26,43.8,111,0
13:45:01,33.9,51.6,55.5,151,134,25,15,44.4,117,0
13:46:01,40.5,59.6,57.2,121,150,26,18,51.9,138,0
13:47:01,31.2,46.3,59.0,178,142,32,25,48.4,145,0
13:48:01,46.8,52.5,59.1,174,83,30,20,45.3,110,0
13:49:01,32.6,49.1,57.1,162,134,34,30,48.5,141,0
13:50:01,98.4,91.4,68.8,1460,801,463,315,88.1,494,1
13:51:01,49.8,59.2,51.6,122,80,23,28,48.2,136,0
13:52:01,55.0,45.6,50.5,115,82,30,24,53.7,148,0
13:53:01,51.8,56.2,50.7,167,106,23,18,47.6,117,0
13:54:01,39.9,46.4,50.9,170,125,21,19,48.5,132,0
13:55:01,37.8,57.1,56.5,104,94,22,22,48.1,113,0
13:56:01,41.7,54.4,50.1,113,89,20,16,54.4,128,0
13:57:01,34.3,46.8,51.9,140,142,26,19,45.5,114,0
13:58:01,58.6,59.9,52.1,114,112,26,21,48.8,119,0
13:59:01,52.3,48.2,55.5,149,98,34,30,54.4,150,0
14:00:01,46.6,56.0,58.0,107,118,21,16,54.0,132,0
14:01:01,35.8,45.1,50.9,112,105,23,19,46.8,126,0
14:02:01,35.3,51.3,53.3,159,94,40,21,43.7,131,0
14:03:01,49.4,56.5,54.2,162,105,32,17,50.8,150,0
14:04:01,48.5,58.0,56.2,174,85,21,17,48.2,126,0
14:05:01,54.7,56.9,59.8,122,136,28,23,43.6,113,0
14:06:01,50.4,45.7,59.2,148,131,31,29,50.0,146,0
14:07:01,47.2,53.2,56.8,104,144,24,28,44.5,141,0
14:08:01,37.9,56.5,59.7,160,102,28,25,54.2,136,0
14:09:01,45.7,52.3,51.5,127,111,33,21,48.2,124,0
14:10:01,45.0,58.1,58.1,168,133,37,21,48.3,143,0
14:11:01,53.9,49.3,51.1,147,103,28,30,45.4,111,0
14:12:01,58.0,47.4,52.9,109,116,35,25,54.0,135,0
14:13:01,43.6,49.0,57.9,155,120,39,25,53.7,139,0
14:14:01,37.9,57.2,50.1,115,141,23,26,51.1,127,0
14:15:01,90.6,91.9,69.2,1045,1049,889,513,85.4,540,1
14:16:01,88.8,95.2,67.9,1419,1293,512,508,90.0,530,1
14:17:01,59.9,45.3,53.5,133,124,33,30,49.7,117,0
14:18:01,40.1,59.5,52.8,144,128,35,20,54.0,115,0
14:19:01,30.7,52.1,50.9,136,98,23,27,51.5,141,0
14:20:01,52.9,49.9,51.9,178,142,26,27,44.1,145,0
14:21:01,52.8,50.9,57.1,164,136,29,26,44.1,129,0
14:22:01,48.8,46.2,56.3,159,142,24,19,44.1,143,0
14:23:01,47.9,55.0,54.3,164,140,39,29,52.3,119,0
14:24:01,46.8,58.5,51.2,168,145,30,25,44.9,111,0
14:25:01,37.1,47.7,51.8,153,91,38,24,54.2,127,0
14:26:01,34.1,46.2,57.5,119,106,21,20,53.2,139,0
14:27:01,56.5,53.0,54.0,100,95,31,20,47.6,131,0
14:28:01,89.6,85.0,65.1,1379,1273,537,646,88.7,530,1
14:29:01,52.0,57.3,56.7,125,103,20,25,54.8,121,0
14:30:01,88.7,95.1,67.6,908,1318,681,602,77.4,400,1
14:31:01,92.4,92.3,60.2,1238,708,880,572,93.0,469,1
14:32:01,31.5,47.7,55.0,110,94,31,23,52.1,145,0
14:33:01,33.8,51.9,51.5,109,92,26,30,48.6,142,0
14:34:01,59.8,58.1,51.6,106,136,35,17,43.5,128,0
14:35:01,47.3,58.9,52.2,104,86,24,16,53.3,140,0
14:36:01,98.2,96.4,62.9,737,1140,377,441,87.8,479,1
14:37:01,46.9,57.6,57.7,166,87,31,18,52.8,141,0
14:38:01,41.7,59.3,54.2,164,84,36,20,48.7,143,0
14:39:01,52.1,48.5,52.6,105,143,25,24,52.0,147,0
14:40:01,59.3,47.1,52.3,117,128,31,15,54.6,139,0
14:41:01,30.3,50.9,54.6,101,125,25,18,46.3,130,0
14:42:01,39.1,58.5,58.9,142,80,30,17,42.8,118,0
14:43:01,50.6,53.6,53.5,162,149,38,21,45.0,142,0
14:44:01,30.5,47.2,50.6,123,140,36,24,45.4,132,0
14:45:01,46.6,59.5,57.7,177,140,36,26,51.5,110,0
14:46:01,32.8,59.4,52.3,147,111,40,29,53.1,149,0
14:47:01,38.4,49.4,52.6,171,83,26,30,53.3,142,0
14:48:01,34.4,47.2,59.1,141,132,27,20,46.6,128,0
14:49:01,31.4,45.5,54.1,118,111,36,20,50.2,127,0
14:50:01,91.5,98.0,54.9,1335,1094,384,585,79.5,399,1
14:51:01,56.0,48.4,57.3,111,119,24,19,44.6,130,0
14:52:01,36.9,52.4,56.8,173,143,29,30,45.5,120,0
14:53:01,36.6,45.8,57.7,142,89,28,24,51.9,117,0
14:54:01,40.5,46.1,57.1,165,111,35,26,46.4,117,0
14:55:01,59.2,53.9,56.4,163,119,37,23,52.0,145,0
14:56:01,39.6,48.4,56.9,115,135,29,25,50.7,124,0
14:57:01,47.7,57.6,57.9,145,80,31,24,46.6,124,0
14:58:01,56.0,47.2,50.1,168,126,39,15,48.0,124,0
14:59:01,41.6,59.3,51.7,128,129,37,28,53.1,149,0
15:00:01,48.4,59.7,52.5,141,119,25,21,52.1,138,0
15:01:01,45.8,54.1,57.0,176,140,27,20,51.9,118,0
15:02:01,59.3,52.6,57.0,101,80,20,21,44.0,115,0
15:03:01,35.4,46.7,56.8,152,102,31,16,48.8,121,0
15:04:01,34.9,53.1,52.1,164,146,24,24,52.5,147,0
15:05:01,56.4,50.9,55.1,165,112,30,21,46.3,123,0
15:06:01,41.7,54.8,52.1,134,137,34,24,46.5,117,0
15:07:01,47.7,52.5,57.4,140,132,23,28,43.3,137,0
15:08:01,58.2,48.0,59.2,121,146,22,15,53.8,120,0
15:09:01,85.3,98.4,68.2,1237,779,734,744,79.8,489,1
15:10:01,58.5,46.0,50.8,131,99,39,17,45.5,110,0
15:11:01,32.7,48.4,53.3,174,83,27,17,44.0,134,0
15:12:01,39.3,59.7,55.7,180,103,38,29,42.9,127,0
15:13:01,59.0,50.2,50.1,119,145,37,27,52.8,144,0
15:14:01,54.4,53.3,51.1,127,101,38,18,50.2,123,0
15:15:01,50.2,46.9,54.3,147,142,26,20,45.6,143,0
15:16:01,50.5,52.5,51.2,119,100,33,29,43.3,135,0
15:17:01,30.9,49.0,52.1,150,120,30,19,46.2,113,0
15:18:01,32.3,55.0,59.0,146,110,34,30,54.9,145,0
15:19:01,34.7,54.9,51.3,140,88,29,22,45.6,150,0
15:20:01,53.8,47.3,59.8,167,80,36,29,43.2,136,0
15:21:01,46.8,54.7,58.4,176,148,20,20,42.6,119,0
15:22:01,47.2,54.0,54.2,125,91,23,18,54.2,117,0
15:23:01,31.8,48.0,55.9,130,135,30,25,47.7,146,0
15:24:01,85.9,88.8,61.0,1268,1101,562,337,90.4,482,1
15:25:01,43.9,48.6,53.1,128,105,24,24,54.4,136,0
15:26:01,45.9,55.8,56.7,142,128,33,28,47.3,131,0
15:27:01,50.5,52.8,51.1,180,116,23,28,46.8,146,0
15:28:01,41.4,48.1,56.2,169,124,30,21,43.0,134,0
15:29:01,38.6,53.4,52.0,139,131,33,24,42.4,124,0
15:30:01,92.4,97.3,60.3,710,772,425,593,78.3,531,1
15:31:01,60.0,53.2,51.5,161,107,37,27,51.9,118,0
15:32:01,34.7,51.8,57.2,155,118,29,24,50.7,142,0
15:33:01,38.4,45.5,53.0,170,143,30,21,43.8,115,0
15:34:01,53.1,48.0,52.2,129,146,23,24,47.4,129,0
15:35:01,40.5,53.0,52.0,173,99,34,15,42.4,121,0
15:36:01,36.6,58.1,55.1,130,87,37,24,51.3,110,0
15:37:01,87.4,98.6,60.2,1461,1072,817,736,81.8,480,1
15:38:01,56.4,52.1,50.4,147,80,21,23,51.4,125,0
15:39:01,55.0,48.6,55.1,114,148,28,26,46.9,135,0
15:40:01,52.8,47.3,55.0,118,94,22,20,52.0,129,0
15:41:01,40.7,48.5,51.2,173,109,25,20,46.5,135,0
15:42:01,45.8,58.3,52.2,101,148,28,25,52.7,146,0
15:43:01,36.5,45.8,54.8,168,148,26,20,51.3,135,0
15:44:01,33.9,55.9,56.0,110,94,34,22,54.5,132,0
15:45:01,33.5,57.6,59.0,172,88,21,30,51.4,127,0
15:46:01,53.3,58.9,58.1,130,134,22,24,49.7,121,0
15:47:01,48.3,48.0,50.0,147,81,35,20,43.5,148,0
15:48:01,46.8,49.5,54.3,168,115,35,25,54.6,122,0
15:49:01,32.1,47.9,57.7,171,139,26,27,48.5,123,0
15:50:01,41.5,45.1,53.6,173,92,26,19,46.0,143,0
15:51:01,56.7,56.9,59.4,104,146,29,21,48.4,123,0
15:52:01,32.7,47.7,59.6,172,116,33,19,52.7,124,0
15:53:01,48.5,49.5,55.2,106,93,25,24,48.4,121,0
15:54:01,85.4,89.0,59.3,1353,866,547,554,91.8,555,1
15:55:01,31.6,49.6,56.6,132,141,22,24,49.2,122,0
15:56:01,54.7,55.0,57.4,142,123,36,26,51.3,139,0
15:57:01,31.1,48.7,58.8,129,128,40,22,54.9,127,0
15:58:01,33.4,54.7,51.2,127,110,35,24,51.1,120,0
15:59:01,42.9,55.9,58.1,161,107,38,27,42.8,122,0
16:00:01,48.4,45.9,53.1,161,132,29,25,51.9,131,0
16:01:01,99.1,93.4,69.4,845,752,443,702,83.6,564,1
16:02:01,30.2,45.2,56.7,176,125,37,22,49.3,148,0
16:03:01,35.4,45.8,56.3,164,145,36,20,47.7,148,0
16:04:01,35.6,51.5,57.9,111,135,21,23,53.3,136,0
16:05:01,52.5,57.8,57.3,125,138,23,18,42.0,148,0
16:06:01,47.4,51.9,58.4,115,91,20,20,43.4,110,0
16:07:01,45.3,60.0,59.8,169,100,36,17,51.0,114,0
16:08:01,33.1,48.0,55.2,163,133,36,29,44.0,138,0
16:09:01,55.3,48.8,56.0,136,83,37,17,52.5,142,0
16:10:01,51.8,58.9,56.2,140,96,37,27,44.6,148,0
16:11:01,50.2,55.6,51.0,174,105,21,27,46.2,147,0
16:12:01,55.7,59.0,56.8,139,117,27,29,48.5,113,0
16:13:01,89.0,100.0,57.0,893,1277,524,624,86.8,425,1
16:14:01,48.4,53.1,50.9,117,98,26,18,48.2,134,0
16:15:01,44.7,53.9,57.6,150,143,30,23,53.2,137,0
16:16:01,87.8,93.4,66.2,943,1177,775,612,76.5,500,1
16:17:01,43.2,48.7,50.9,139,128,23,20,47.6,111,0
16:18:01,51.6,52.0,51.9,135,150,21,22,50.9,128,0
16:19:01,48.8,51.9,51.5,164,150,21,28,47.1,148,0
16:20:01,58.2,50.0,53.2,177,122,24,26,49.9,113,0
16:21:01,46.4,56.4,53.1,176,138,38,16,46.7,118,0
16:22:01,33.0,49.9,56.6,113,99,33,16,46.4,116,0
16:23:01,42.1,56.8,50.7,106,105,22,18,53.5,140,0
16:24:01,32.0,46.6,56.5,128,119,23,26,52.0,129,0
16:25:01,52.6,56.0,54.0,116,120,36,16,53.9,123,0
16:26:01,45.7,51.6,55.4,146,109,21,29,45.1,110,0
16:27:01,36.8,45.1,52.9,160,136,20,16,42.5,130,0
16:28:01,32.8,58.1,58.1,107,112,38,29,48.8,118,0
16:29:01,57.4,45.4,58.2,110,111,24,30,51.0,142,0
16:30:01,32.7,59.8,58.5,114,101,23,16,49.9,112,0
16:31:01,59.9,52.5,52.8,157,127,27,25,51.4,127,0
16:32:01,52.4,55.5,58.5,166,137,37,25,48.0,131,0
16:33:01,41.8,57.6,56.3,134,120,36,15,43.5,147,0
16:34:01,57.0,51.6,53.8,122,99,35,23,45.3,114,0
16:35:01,43.4,51.4,51.0,162,113,32,15,50.6,134,0
16:36:01,51.6,47.5,56.5,119,113,31,28,52.8,135,0
16:37:01,33.2,50.1,52.2,113,142,27,18,53.8,115,0
16:38:01,34.9,52.5,57.1,107,100,31,17,48.2,134,0
16:39:01,51.5,59.7,57.9,118,129,33,20,47.3,148,0
16:40:01,48.3,48.2,53.7,104,137,31,28,52.7,131,0
16:41:01,36.7,51.9,52.6,170,131,23,19,45.3,117,0
16:42:01,48.5,48.0,51.0,137,120,40,27,44.0,119,0
16:43:01,52.5,50.3,57.5,103,88,30,18,43.0,148,0
16:44:01,51.6,56.6,56.3,117,138,33,30,46.0,132,0
16:45:01,48.6,57.0,54.9,143,138,24,21,42.8,110,0
16:46:01,52.0,58.9,52.5,115,80,30,21,43.2,142,0
16:47:01,32.2,48.7,59.6,124,147,37,23,46.6,117,0
16:48:01,37.8,45.5,50.1,138,132,31,18,42.3,145,0
16:49:01,56.4,54.2,56.1,104,106,37,27,42.9,131,0
16:50:01,97.8,96.8,61.7,1110,1013,887,502,92.6,486,1
16:51:01,52.0,57.0,56.3,124,99,33,19,45.4,122,0
16:52:01,50.3,59.4,50.2,150,109,36,24,43.1,143,0
16:53:01,39.4,51.5,50.6,156,133,39,28,46.0,125,0
16:54:01,40.8,51.4,57.5,122,122,26,30,45.9,149,0
16:55:01,54.7,50.3,59.1,168,122,31,23,45.8,150,0
16:56:01,49.8,49.4,59.9,177,117,20,15,46.8,145,0
16:57:01,32.9,49.4,50.6,179,149,34,17,48.4,133,0
16:58:01,36.0,55.2,52.8,171,149,40,21,54.8,111,0
16:59:01,38.7,48.4,51.9,168,121,31,28,54.9,137,0
17:00:01,48.1,49.3,56.5,109,122,28,30,49.9,131,0
17:01:01,52.4,56.5,57.9,107,88,21,23,46.2,114,0
17:02:01,33.6,52.7,56.0,168,133,26,26,46.6,142,0
17:03:01,34.5,51.1,56.0,103,105,34,18,52.2,119,0
17:04:01,45.0,59.3,58.8,132,118,23,21,52.5,137,0
17:05:01,33.5,51.8,50.0,142,144,37,23,54.2,111,0
17:06:01,33.6,60.0,50.3,170,119,23,30,51.9,148,0
17:07:01,55.5,47.6,57.3,131,99,39,18,44.1,125,0
17:08:01,59.3,49.8,54.2,156,107,36,21,54.3,117,0
17:09:01,32.5,49.3,57.2,168,113,35,17,50.7,111,0
17:10:01,46.6,46.2,55.8,127,142,40,26,51.4,131,0
17:11:01,40.9,53.6,57.6,149,85,20,27,52.8,115,0
17:12:01,54.5,57.7,52.3,124,146,20,25,53.9,145,0
17:13:01,52.7,51.0,57.5,174,143,33,21,53.6,113,0
17:14:01,30.4,54.9,55.0,115,82,34,30,46.9,112,0
17:15:01,42.6,50.1,51.1,107,149,28,17,54.2,126,0
17:16:01,47.1,49.7,56.5,138,119,28,19,53.2,148,0
17:17:01,40.2,54.1,54.5,141,146,25,23,46.7,116,0
17:18:01,45.0,47.3,59.7,118,100,40,16,50.1,149,0
17:19:01,93.6,88.4,55.5,744,771,380,680,76.4,508,1
17:20:01,95.4,99.9,63.6,1230,724,738,728,77.0,569,1
17:21:01,41.3,45.8,56.0,100,82,23,26,54.5,144,0
17:22:01,56.6,53.1,51.4,134,138,27,28,51.8,141,0
17:23:01,53.8,58.3,55.6,136,120,22,21,54.3,146,0
17:24:01,31.1,52.7,55.7,131,116,35,17,44.6,146,0
17:25:01,91.7,93.5,64.6,872,1335,575,513,79.7,371,1
17:26:01,39.8,45.4,50.8,148,136,39,20,47.2,112,0
17:27:01,45.2,55.5,54.5,169,143,36,20,53.7,115,0
17:28:01,58.8,52.6,55.8,114,108,26,27,51.7,115,0
17:29:01,33.1,55.5,54.4,143,113,28,19,44.7,150,0
17:30:01,46.6,57.3,56.4,148,114,21,20,47.2,131,0
17:31:01,58.7,59.0,55.1,158,95,29,30,47.5,114,0
17:32:01,45.6,54.1,55.0,109,99,38,29,47.3,133,0
17:33:01,86.5,98.9,64.1,869,907,606,711,88.4,581,1
17:34:01,48.9,45.3,51.9,140,129,22,27,51.5,117,0
17:35:01,54.0,54.4,55.8,143,86,37,26,46.4,128,0
17:36:01,37.7,52.6,53.1,107,127,27,20,47.7,131,0
17:37:01,55.4,46.9,58.1,172,96,28,26,48.8,128,0
17:38:01,55.0,48.1,53.5,171,86,27,27,42.9,138,0
17:39:01,50.2,58.2,53.2,142,129,20,25,50.6,115,0
17:40:01,54.5,49.0,57.5,107,137,30,16,54.4,124,0
17:41:01,38.7,48.5,56.0,161,141,35,29,44.1,127,0
17:42:01,51.7,52.5,56.4,172,102,24,29,48.8,142,0
17:43:01,45.6,46.3,50.3,124,128,27,22,52.4,135,0
17:44:01,52.1,55.6,57.1,154,117,32,30,50.3,143,0
17:45:01,85.6,90.0,56.1,1457,1088,371,557,92.1,556,1
17:46:01,33.3,49.9,59.3,157,139,26,22,50.3,122,0
17:47:01,57.5,48.2,52.3,157,97,31,22,48.3,115,0
17:48:01,42.5,56.0,54.0,140,134,27,21,43.3,121,0
17:49:01,41.0,52.2,50.5,106,110,39,20,43.0,134,0
17:50:01,51.3,46.9,52.5,170,115,21,21,43.9,142,0
17:51:01,48.3,46.6,55.4,144,83,30,28,45.5,146,0
17:52:01,40.6,46.7,52.7,140,114,33,26,51.8,130,0
17:53:01,34.4,54.6,59.8,139,86,40,25,46.8,146,0
17:54:01,39.4,54.7,52.3,162,90,30,22,52.7,126,0
17:55:01,56.1,55.6,52.2,173,146,33,19,46.2,114,0
17:56:01,31.1,53.9,50.1,135,90,40,18,52.9,114,0
17:57:01,41.9,50.6,59.4,105,124,22,24,45.6,143,0
17:58:01,50.1,49.6,56.8,100,143,38,27,45.0,121,0
17:59:01,31.1,55.9,57.0,172,89,36,28,54.6,120,0
18:00:01,47.5,45.5,57.9,110,117,22,21,42.9,124,0
18:01:01,45.8,50.5,54.9,154,86,26,28,51.7,129,0
18:02:01,39.9,54.1,58.4,180,88,23,18,54.4,139,0
18:03:01,49.7,54.2,58.7,120,97,31,20,43.7,117,0
18:04:01,53.5,54.9,50.9,139,133,29,23,45.5,142,0
18:05:01,59.6,48.7,58.3,170,90,20,23,51.8,121,0
18:06:01,45.4,58.9,54.9,117,108,27,21,54.0,120,0
18:07:01,44.3,55.0,57.0,134,96,29,26,54.7,123,0
18:08:01,56.6,51.9,55.5,141,134,34,19,46.2,137,0
18:09:01,45.3,49.5,53.8,107,80,28,30,43.0,133,0
18:10:01,36.7,58.2,52.8,179,82,36,17,44.8,119,0
18:11:01,38.9,50.8,55.7,106,106,33,21,43.9,137,0
18:12:01,52.1,58.6,55.8,160,129,37,15,44.3,127,0
18:13:01,55.8,55.5,58.7,100,106,38,15,45.3,118,0
18:14:01,55.7,58.3,57.6,172,94,24,18,51.9,144,0
18:15:01,53.5,46.7,55.5,115,130,24,21,49.3,141,0
18:16:01,30.5,54.2,51.2,122,142,38,17,44.6,139,0
18:17:01,58.0,53.1,59.2,136,124,22,30,49.7,149,0
18:18:01,44.5,53.1,54.0,170,136,34,22,53.6,136,0
18:19:01,89.7,99.0,59.3,1078,1105,622,663,81.1,507,1
18:20:01,36.6,59.3,57.3,165,107,31,24,49.5,131,0
18:21:01,47.0,54.3,50.7,161,100,36,18,52.8,112,0
18:22:01,35.6,51.7,54.8,113,87,32,27,45.2,115,0
18:23:01,42.6,48.8,50.0,171,145,24,28,50.5,119,0
18:24:01,31.4,55.8,51.9,104,110,29,25,54.9,130,0
18:25:01,43.4,53.1,55.2,120,140,31,22,49.6,113,0
18:26:01,37.2,57.7,52.8,129,124,25,25,54.9,132,0
18:27:01,93.5,89.6,61.5,1181,930,882,500,90.0,401,1
18:28:01,45.6,51.5,53.2,126,123,39,18,48.1,149,0
18:29:01,55.9,47.6,50.1,117,134,29,16,47.6,135,0
18:30:01,35.0,49.2,58.2,174,146,22,16,51.5,131,0
18:31:01,95.8,90.1,67.5,1123,746,688,768,81.8,586,1
18:32:01,32.9,48.8,51.6,147,112,25,28,55.0,120,0
18:33:01,36.6,47.0,52.1,116,142,26,15,50.2,148,0
18:34:01,57.8,45.2,58.4,149,112,25,26,43.1,148,0
18:35:01,38.4,51.3,56.6,113,120,35,18,51.5,136,0
18:36:01,37.9,46.0,59.4,124,94,39,16,47.7,119,0
18:37:01,30.5,57.2,56.5,119,104,31,16,43.6,118,0
18:38:01,31.3,52.4,51.9,173,140,35,15,45.8,115,0
18:39:01,44.6,49.3,51.8,160,146,38,26,53.0,112,0
18:40:01,51.0,48.7,57.7,147,98,36,20,46.0,117,0
18:41:01,36.7,56.3,58.1,117,139,37,22,51.2,143,0
18:42:01,48.0,46.0,51.3,162,110,34,22,54.8,141,0
18:43:01,93.4,91.8,52.7,1495,1176,588,591,77.6,478,1
18:44:01,37.7,55.4,59.0,168,112,32,30,54.8,138,0
18:45:01,97.4,89.8,59.7,951,1145,575,748,92.8,574,1
18:46:01,53.5,45.5,52.0,137,91,28,20,53.6,138,0
18:47:01,40.6,48.7,55.4,128,91,25,27,52.5,111,0
18:48:01,45.2,48.1,52.9,163,147,26,25,53.0,139,0
18:49:01,30.4,58.1,55.8,139,129,27,20,47.0,136,0
18:50:01,34.3,55.2,56.4,103,149,35,27,44.2,124,0
18:51:01,46.2,51.4,54.8,102,131,23,27,44.2,132,0
18:52:01,58.0,54.3,59.7,163,99,34,19,45.8,125,0
18:53:01,58.5,54.8,51.6,177,126,24,17,45.0,136,0
18:54:01,50.3,51.8,54.2,107,131,28,16,45.0,141,0
18:55:01,44.9,56.7,56.8,173,94,27,23,48.8,139,0
18:56:01,38.6,50.0,51.4,151,121,31,29,52.3,110,0
18:57:01,40.4,54.4,58.4,112,94,23,23,52.6,147,0
18:58:01,34.2,54.2,54.3,174,145,39,24,44.4,123,0
18:59:01,36.0,56.5,53.6,132,148,30,17,42.4,142,0
19:00:01,45.8,59.5,53.4,160,131,39,22,50.9,125,0
19:01:01,52.6,53.6,57.5,126,106,24,15,49.7,118,0
19:02:01,97.3,99.6,62.2,1099,1226,701,706,83.1,556,1
19:03:01,54.4,57.9,53.9,170,130,35,29,50.3,111,0
19:04:01,53.4,51.4,52.3,165,132,26,17,43.6,147,0
19:05:01,56.7,55.4,53.3,151,88,28,26,49.2,129,0
19:06:01,47.8,47.5,56.3,146,97,33,15,51.9,139,0
19:07:01,33.3,53.4,55.5,168,146,22,26,44.0,116,0
19:08:01,47.6,46.5,59.2,132,142,25,15,42.4,137,0
19:09:01,39.9,49.9,53.8,124,95,40,16,42.4,135,0
19:10:01,50.7,50.1,55.0,146,150,32,17,51.5,133,0
19:11:01,38.6,56.1,59.2,162,133,39,28,49.4,138,0
19:12:01,39.7,55.9,58.3,140,98,30,29,54.5,146,0
19:13:01,54.0,59.4,55.6,121,93,35,24,47.5,132,0
19:14:01,44.5,50.4,54.7,121,108,30,19,42.8,131,0
19:15:01,94.4,98.3,60.5,863,907,515,693,82.1,529,1
19:16:01,36.9,56.6,55.5,143,125,39,19,46.0,118,0
19:17:01,38.8,49.1,55.8,164,108,22,17,48.5,132,0
19:18:01,49.4,50.4,59.7,100,144,39,28,42.2,121,0
19:19:01,42.4,54.0,52.3,173,83,37,17,46.3,125,0
19:20:01,36.5,54.4,54.2,137,142,37,30,51.0,125,0
19:21:01,43.6,59.2,57.3,103,145,30,22,44.8,138,0
19:22:01,40.8,58.7,53.3,128,107,24,30,51.5,120,0
19:23:01,55.3,58.7,50.8,177,138,22,26,47.9,143,0
19:24:01,54.6,56.5,55.9,120,118,28,16,42.5,127,0
19:25:01,32.4,49.9,51.1,141,87,21,15,54.8,116,0
19:26:01,54.9,54.5,55.2,169,82,22,15,46.2,126,0
19:27:01,50.2,59.1,54.4,171,141,38,30,54.8,124,0
19:28:01,38.2,50.1,59.5,168,100,30,15,50.0,121,0
19:29:01,50.7,53.7,53.2,138,148,37,26,48.9,116,0
19:30:01,53.9,50.9,59.9,127,112,23,29,53.1,118,0
19:31:01,43.0,54.5,51.2,143,119,40,20,54.4,125,0
19:32:01,39.9,45.6,53.0,107,140,22,25,55.0,121,0
19:33:01,39.8,51.4,57.1,106,141,32,19,53.2,148,0
19:34:01,49.1,48.0,53.5,123,107,29,28,51.5,148,0
19:35:01,44.4,57.3,58.3,103,120,35,17,48.7,134,0
19:36:01,52.8,55.4,52.2,165,98,32,26,46.0,124,0
19:37:01,44.9,59.3,52.9,172,142,33,20,44.7,147,0
19:38:01,36.0,47.6,53.4,117,124,28,21,47.2,144,0
19:39:01,32.9,51.1,54.4,119,106,31,30,45.6,147,0
19:40:01,95.3,88.9,54.8,1404,1303,429,740,79.7,355,1
19:41:01,57.3,57.6,52.5,161,109,34,18,50.9,122,0
19:42:01,53.5,49.0,51.5,154,96,36,18,49.3,129,0
19:43:01,57.4,50.3,57.3,165,141,33,19,51.4,126,0
19:44:01,55.3,50.7,57.9,153,109,21,30,53.0,143,0
19:45:01,52.7,58.1,54.0,129,80,39,23,50.1,120,0
19:46:01,97.7,98.3,52.6,1227,848,843,698,85.1,588,1
19:47:01,46.9,54.6,54.8,164,141,29,18,54.8,130,0
19:48:01,59.3,45.1,55.2,152,125,25,28,49.4,112,0
19:49:01,40.2,51.2,59.5,137,110,20,15,52.1,130,0
19:50:01,32.4,57.2,57.0,104,106,27,23,42.9,146,0
19:51:01,40.4,45.7,51.2,135,90,33,17,42.3,131,0
19:52:01,45.2,50.7,58.3,152,104,35,22,53.2,121,0
19:53:01,44.7,47.4,54.8,111,138,24,21,54.6,143,0
19:54:01,46.5,45.5,54.2,157,124,37,18,43.7,112,0
19:55:01,50.8,46.3,57.4,105,146,31,21,54.5,132,0
19:56:01,58.7,51.0,58.6,108,99,27,30,42.7,117,0
19:57:01,40.0,45.3,59.9,104,118,25,21,44.2,112,0
19:58:01,34.0,45.7,52.8,143,99,32,26,44.7,125,0
19:59:01,35.3,55.5,50.1,174,102,32,27,54.6,146,0
20:00:01,44.8,53.1,57.5,145,141,38,15,49.4,124,0
20:01:01,56.4,47.1,57.7,170,105,20,20,43.0,115,0
20:02:01,53.8,46.6,52.1,156,127,35,28,49.5,149,0
20:03:01,92.7,98.5,57.9,1112,690,804,420,87.2,401,1
20:04:01,96.8,98.5,62.2,1434,904,791,366,92.0,492,1
20:05:01,50.3,52.8,52.7,167,107,31,19,46.3,127,0
20:06:01,50.6,49.0,50.3,166,128,28,27,44.3,122,0
20:07:01,40.7,50.7,57.5,166,110,27,25,53.0,150,0
20:08:01,50.5,55.3,53.6,153,125,37,27,54.4,131,0
20:09:01,35.8,45.1,59.0,109,86,27,16,50.2,127,0
20:10:01,37.3,47.0,58.3,176,124,24,18,52.2,110,0
20:11:01,59.5,53.3,58.8,120,116,22,20,43.8,127,0
20:12:01,50.4,47.2,59.7,151,110,36,29,53.8,150,0
20:13:01,35.7,55.7,55.5,143,150,25,21,44.8,146,0
20:14:01,39.4,56.3,59.6,131,95,32,17,45.2,116,0
20:15:01,86.3,88.9,62.3,1023,1268,695,464,86.6,368,1
20:16:01,36.8,53.4,59.9,137,91,31,22,45.4,145,0
20:17:01,40.0,58.4,51.0,171,108,29,20,48.6,114,0
20:18:01,34.6,54.4,57.5,168,134,33,23,45.2,122,0
20:19:01,59.5,56.1,57.0,118,130,34,23,49.9,138,0
20:20:01,94.3,98.0,59.4,913,766,708,616,79.7,489,1
20:21:01,35.3,50.4,57.9,172,130,25,25,49.9,128,0
20:22:01,57.0,48.8,50.5,141,147,21,24,48.9,125,0
20:23:01,52.6,48.5,53.3,174,95,23,19,49.9,118,0
20:24:01,95.9,87.0,59.5,1160,763,719,520,84.6,388,1
20:25:01,56.7,54.7,56.3,102,148,23,25,49.0,145,0
20:26:01,34.3,45.2,52.4,133,100,29,25,49.6,112,0
20:27:01,41.4,48.5,57.9,113,128,23,22,51.1,130,0
20:28:01,49.0,58.4,55.4,173,139,35,23,52.4,150,0
20:29:01,87.8,92.8,58.5,875,1283,361,447,86.3,355,1
20:30:01,49.3,55.1,52.0,161,106,29,15,47.3,128,0
20:31:01,56.4,59.3,53.7,147,85,24,17,50.0,123,0
20:32:01,44.3,47.8,54.6,102,123,30,20,42.8,122,0
20:33:01,30.2,56.5,50.7,177,105,22,29,49.4,135,0
20:34:01,52.3,59.0,58.5,119,119,39,15,46.1,124,0
20:35:01,49.9,59.9,59.7,170,95,31,17,54.7,141,0
20:36:01,30.0,58.2,52.8,144,108,30,23,44.9,115,0
20:37:01,32.7,48.9,59.2,151,116,28,29,42.4,137,0
20:38:01,35.2,58.6,51.5,112,125,28,15,43.7,149,0
20:39:01,42.5,50.1,52.5,145,94,29,24,47.3,149,0
20:40:01,48.6,55.4,50.5,151,137,25,28,52.2,144,0
20:41:01,30.6,45.3,54.6,108,113,32,16,47.8,150,0
20:42:01,44.4,50.2,58.6,143,136,22,19,45.6,147,0
20:43:01,52.2,54.7,52.1,177,148,38,26,49.7,137,0
20:44:01,42.2,59.9,53.7,172,121,34,29,45.4,117,0
20:45:01,46.4,48.4,59.8,150,80,26,30,47.3,126,0
20:46:01,58.3,51.6,51.4,129,150,32,29,46.1,119,0
20:47:01,30.9,50.6,56.7,100,135,39,24,44.6,147,0
20:48:01,47.0,58.9,55.7,180,89,29,23,47.6,112,0
20:49:01,37.4,52.6,57.1,167,142,29,23,52.6,131,0
20:50:01,45.7,47.3,57.7,117,89,23,21,53.3,110,0
20:51:01,37.8,47.2,50.4,152,148,28,23,52.1,139,0
20:52:01,56.2,49.0,58.4,155,147,23,25,47.0,121,0
20:53:01,58.7,46.9,55.2,171,107,22,17,46.9,137,0
20:54:01,37.4,46.3,54.1,113,144,26,25,45.0,129,0
20:55:01,95.3,97.1,52.5,919,1074,858,731,78.7,459,1
20:56:01,47.2,48.0,58.7,170,81,25,22,46.9,123,0
20:57:01,36.6,48.9,59.8,163,128,27,18,44.2,148,0
20:58:01,55.5,57.6,57.5,108,128,28,18,42.4,150,0
20:59:01,59.7,50.6,56.6,156,122,30,16,48.4,131,0
21:00:01,31.8,54.3,53.5,125,97,36,24,43.3,121,0
21:01:01,58.8,51.1,58.8,164,104,25,20,52.2,132,0
21:02:01,36.4,46.7,53.8,138,133,36,22,42.5,147,0
21:03:01,45.7,59.3,58.5,120,101,30,21,54.4,138,0
21:04:01,87.3,88.5,54.2,764,1390,539,478,82.6,493,1
21:05:01,39.4,53.3,50.8,149,109,25,23,50.4,110,0
21:06:01,51.0,56.1,58.9,119,80,24,25,45.5,139,0
21:07:01,40.7,51.7,51.4,115,109,34,27,46.2,135,0
21:08:01,85.4,94.1,57.2,1007,1097,474,365,94.2,583,1
21:09:01,56.7,52.4,58.9,137,80,26,18,51.2,128,0
21:10:01,57.4,56.9,58.4,134,145,32,29,53.3,149,0
21:11:01,52.4,50.4,58.3,178,144,27,30,53.2,112,0
21:12:01,33.0,58.5,59.2,149,130,29,16,48.1,133,0
21:13:01,43.7,48.9,54.5,151,114,34,23,45.4,127,0
21:14:01,31.4,46.6,58.7,134,124,28,30,50.3,139,0
21:15:01,46.9,58.3,56.8,143,118,36,29,49.8,129,0
21:16:01,33.8,54.9,54.9,169,93,35,17,46.4,124,0
21:17:01,88.6,91.9,69.6,954,713,641,746,83.4,515,1
21:18:01,45.8,53.2,56.9,114,82,40,21,48.0,117,0
21:19:01,51.4,56.2,58.1,150,81,23,17,44.2,132,0
21:20:01,48.6,56.4,53.3,102,90,20,21,48.4,127,0
21:21:01,44.2,51.0,51.9,153,114,33,22,51.3,121,0
21:22:01,41.7,58.9,58.1,174,108,23,24,53.6,129,0
21:23:01,38.7,49.2,58.5,103,150,33,17,44.4,113,0
21:24:01,33.4,51.4,59.0,141,95,26,22,44.4,127,0
21:25:01,50.0,50.8,50.7,150,101,34,15,47.4,128,0
21:26:01,33.3,53.1,56.5,179,99,27,29,48.1,138,0
21:27:01,50.4,48.6,52.7,165,110,23,28,44.1,110,0
21:28:01,39.0,55.3,58.4,116,122,26,19,49.2,113,0
21:29:01,58.4,59.4,50.4,110,137,28,29,52.8,131,0
21:30:01,50.2,58.2,51.9,110,83,39,20,47.8,135,0
21:31:01,56.6,45.2,55.2,146,86,39,30,42.6,122,0
21:32:01,40.5,57.4,56.2,119,134,25,25,47.4,135,0
21:33:01,30.9,57.3,50.7,140,115,33,27,45.8,138,0
21:34:01,90.8,88.9,68.0,1005,1131,494,585,75.3,353,1
21:35:01,54.0,49.5,56.0,102,98,29,22,48.5,131,0
21:36:01,37.8,55.3,56.5,124,123,26,21,46.2,129,0
21:37:01,48.1,58.5,52.3,111,93,29,29,51.2,110,0
21:38:01,37.8,52.8,50.3,100,82,31,28,53.4,138,0
21:39:01,34.4,52.5,54.9,114,88,25,22,44.4,124,0
21:40:01,43.3,53.5,57.6,150,115,39,20,53.9,129,0
21:41:01,41.8,50.1,59.0,103,122,32,18,53.6,124,0
21:42:01,55.9,52.7,52.1,178,90,31,16,49.7,122,0
21:43:01,55.2,48.9,51.1,126,104,26,25,48.3,147,0
21:44:01,35.4,51.3,52.3,100,91,23,27,49.3,141,0
21:45:01,87.7,92.8,68.8,1344,716,505,370,90.5,442,1
21:46:01,30.7,49.1,56.6,101,99,37,22,46.6,129,0
21:47:01,31.2,56.7,50.3,159,84,37,26,51.7,130,0
21:48:01,54.6,50.5,58.1,148,98,27,17,47.6,114,0
21:49:01,43.9,47.3,50.2,124,132,30,18,46.3,147,0
21:50:01,43.3,57.8,50.1,132,120,36,25,50.8,113,0
21:51:01,47.1,51.9,53.1,140,110,28,26,51.4,129,0
21:52:01,43.6,47.8,57.4,127,143,28,23,49.8,139,0
21:53:01,35.2,50.1,56.2,125,113,24,26,43.9,120,0
21:54:01,36.7,59.7,57.2,138,81,40,15,48.6,111,0
21:55:01,35.1,46.4,53.3,171,133,28,16,48.5,112,0
21:56:01,32.7,59.8,52.5,125,89,33,28,52.4,138,0
21:57:01,35.0,47.2,53.2,102,144,21,16,50.9,115,0
21:58:01,37.7,57.3,54.4,109,113,38,17,42.4,126,0
21:59:01,34.0,48.0,53.4,178,97,20,18,44.8,130,0
22:00:01,50.4,58.6,58.1,161,86,34,27,51.3,132,0
22:01:01,49.8,58.4,50.3,154,111,40,22,48.3,126,0
22:02:01,85.0,94.3,57.0,1144,1136,395,727,77.3,400,1
22:03:01,30.2,45.4,50.5,176,98,32,23,44.3,137,0
22:04:01,53.8,48.1,54.9,102,104,34,21,48.4,139,0
22:05:01,38.8,56.3,54.4,112,124,21,30,48.4,142,0
22:06:01,38.3,46.9,54.8,173,137,37,27,50.9,140,0
22:07:01,47.4,49.2,59.1,164,115,34,29,43.1,128,0
22:08:01,88.3,97.0,62.2,832,1227,615,708,81.9,477,1
22:09:01,53.2,51.4,58.1,175,93,38,21,45.8,147,0
22:10:01,32.0,57.2,57.4,142,103,39,17,54.2,122,0
22:11:01,55.2,46.2,57.4,149,108,35,28,52.0,132,0
22:12:01,30.7,46.1,57.5,130,123,33,30,46.5,146,0
22:13:01,57.1,53.4,59.4,132,91,30,19,48.0,115,0
22:14:01,44.4,58.0,58.2,118,112,27,18,42.0,147,0
22:15:01,36.9,47.7,58.7,117,123,28,23,46.5,134,0
22:16:01,47.3,45.7,51.8,108,117,35,30,49.7,139,0
22:17:01,30.3,58.6,52.6,125,149,35,29,48.9,112,0
22:18:01,48.3,59.8,55.6,115,88,23,16,48.8,141,0
22:19:01,54.8,49.9,58.0,172,100,26,21,50.3,125,0
22:20:01,56.7,55.9,53.6,166,92,38,29,51.5,122,0
22:21:01,32.1,50.7,55.1,116,127,39,26,48.7,135,0
22:22:01,37.0,51.1,55.6,150,133,25,15,43.9,118,0
22:23:01,31.8,56.2,56.4,114,143,29,24,43.0,133,0
22:24:01,53.3,53.8,51.1,118,121,40,22,54.3,129,0
22:25:01,36.5,52.5,56.6,101,139,24,16,51.9,144,0
22:26:01,38.7,46.2,57.1,151,117,25,30,48.7,110,0
22:27:01,47.2,48.3,54.4,173,142,34,26,51.1,129,0
22:28:01,31.5,45.7,54.8,107,97,24,20,50.4,148,0
22:29:01,33.9,54.8,59.1,170,92,33,28,49.1,121,0
22:30:01,31.4,51.3,59.2,126,83,26,21,49.3,114,0
22:31:01,88.4,93.7,53.9,1497,1003,465,657,82.9,557,1
22:32:01,43.9,50.7,52.5,178,101,39,24,42.6,146,0
22:33:01,58.7,52.5,52.3,139,140,37,20,44.9,144,0
22:34:01,85.3,87.5,64.3,1218,741,350,488,76.1,565,1
22:35:01,43.8,51.5,52.0,130,99,20,27,50.7,137,0
22:36:01,35.1,52.3,54.9,165,82,28,16,43.3,143,0
22:37:01,58.5,57.4,58.7,125,137,34,20,53.4,121,0
22:38:01,32.8,59.6,58.7,172,118,37,18,43.7,127,0
22:39:01,36.9,48.8,50.5,158,86,24,17,54.3,112,0
22:40:01,35.8,52.7,57.5,123,112,34,18,51.8,138,0
22:41:01,35.3,52.2,50.3,137,116,26,23,51.4,126,0
22:42:01,44.7,59.5,51.9,156,110,22,22,51.0,127,0
22:43:01,34.1,59.0,56.0,111,108,37,23,44.9,150,0
22:44:01,32.5,55.4,56.0,100,95,32,20,46.5,137,0
22:45:01,33.2,57.8,56.9,158,87,21,17,47.2,148,0
22:46:01,47.8,59.5,58.9,177,110,25,19,49.6,126,0
22:47:01,46.7,57.9,55.9,137,100,31,23,48.3,148,0
22:48:01,37.9,49.2,54.6,135,147,22,17,44.2,110,0
22:49:01,40.2,51.2,50.2,155,120,39,29,52.9,120,0
22:50:01,37.7,57.1,56.3,140,121,36,25,54.8,139,0
22:51:01,41.7,56.1,59.1,121,146,40,30,43.6,130,0
22:52:01,53.8,59.0,50.9,178,139,40,19,54.9,135,0
22:53:01,40.4,49.8,55.1,161,109,40,17,48.8,138,0
22:54:01,46.2,50.1,53.2,127,102,21,22,44.9,138,0
22:55:01,30.2,55.0,54.1,130,101,25,17,47.7,131,0
22:56:01,87.6,97.8,56.7,1122,1327,584,595,86.0,458,1
22:57:01,47.1,58.2,57.7,169,120,26,26,47.5,127,0
22:58:01,58.5,46.8,53.6,151,97,37,29,52.8,144,0
22:59:01,49.1,58.1,54.2,128,102,26,28,47.2,143,0
23:00:01,45.9,50.1,59.4,126,136,28,30,52.3,141,0
23:01:01,50.9,59.3,57.7,180,107,22,18,53.0,132,0
23:02:01,48.5,54.4,58.7,120,104,38,29,45.0,142,0
23:03:01,55.9,56.5,58.5,105,87,23,17,44.2,114,0
23:04:01,52.9,51.8,55.2,165,88,34,15,50.8,125,0
23:05:01,50.1,46.4,53.2,104,80,37,25,50.1,139,0
23:06:01,41.9,54.0,52.8,147,99,36,28,49.3,146,0
23:07:01,50.6,56.9,55.5,122,103,38,26,44.6,132,0
23:08:01,51.1,57.5,50.6,158,86,28,22,48.1,149,0
23:09:01,49.6,51.7,56.4,138,141,35,26,48.4,144,0
23:10:01,40.0,59.5,53.4,175,147,33,24,46.9,128,0
23:11:01,59.4,48.0,51.6,108,135,24,16,47.2,140,0
23:12:01,44.6,59.8,50.9,104,142,38,29,51.8,134,0
23:13:01,40.3,53.7,50.6,178,129,37,28,43.0,142,0
23:14:01,33.2,57.6,58.4,118,84,21,19,46.4,137,0
23:15:01,42.8,45.6,59.6,109,129,23,21,51.3,125,0
23:16:01,35.9,51.4,56.2,129,85,24,16,52.7,139,0
23:17:01,35.7,51.8,58.3,139,150,24,17,50.4,138,0
23:18:01,49.1,55.4,54.6,132,121,38,25,50.6,139,0
23:19:01,50.2,53.6,51.0,131,129,30,16,50.3,143,0
23:20:01,91.4,96.9,59.2,942,1280,494,595,79.2,469,1
23:21:01,40.3,54.1,50.0,147,129,22,26,45.9,131,0
23:22:01,85.5,97.1,59.4,1185,1269,607,666,89.9,473,1
23:23:01,55.0,48.3,55.6,169,142,38,22,43.4,148,0
23:24:01,40.2,50.3,52.9,163,92,32,22,49.9,147,0
23:25:01,50.6,50.7,54.3,129,88,34,27,43.4,145,0
23:26:01,98.5,95.1,59.0,930,1271,534,428,83.0,596,1
23:27:01,91.7,96.0,58.0,1001,1013,700,729,93.4,525,1
23:28:01,39.7,58.1,55.3,128,125,20,17,44.3,145,0
23:29:01,47.6,51.6,56.4,148,129,39,26,51.4,125,0
23:30:01,46.0,51.6,53.2,160,128,33,18,43.2,122,0
23:31:01,32.1,50.6,57.0,132,132,36,21,51.1,116,0
23:32:01,94.1,89.6,64.1,1261,830,594,700,91.4,479,1
23:33:01,48.2,58.8,56.9,121,139,25,20,44.6,143,0
23:34:01,57.8,49.1,54.4,176,96,25,24,48.9,119,0
23:35:01,30.8,58.5,53.8,147,129,20,25,48.8,117,0
23:36:01,49.3,53.1,56.0,149,141,38,24,48.6,135,0
23:37:01,56.9,55.8,57.2,172,133,36,15,44.1,143,0
23:38:01,41.3,54.3,51.0,155,110,23,18,46.1,119,0
23:39:01,54.4,50.3,54.7,111,149,37,15,44.4,115,0
23:40:01,51.8,52.4,56.2,101,124,40,24,42.7,135,0
23:41:01,59.7,50.7,57.4,146,124,27,19,50.5,121,0
23:42:01,58.8,58.4,55.4,130,124,29,23,46.9,139,0
23:43:01,57.4,56.2,52.9,113,136,35,16,47.6,149,0
23:44:01,37.8,51.7,51.9,179,146,37,27,52.2,136,0
23:45:01,49.1,51.8,56.7,176,95,36,22,47.8,125,0
23:46:01,45.7,46.2,52.2,171,99,24,28,49.1,110,0
23:47:01,48.8,46.8,59.9,168,82,30,30,47.0,141,0
23:48:01,50.6,47.8,57.0,165,137,25,15,47.1,132,0
23:49:01,33.7,46.9,57.7,167,98,25,20,48.1,132,0
23:50:01,35.9,45.4,59.0,179,135,29,17,42.2,145,0
23:51:01,34.0,56.2,57.8,100,124,32,21,44.9,143,0
23:52:01,40.0,49.1,56.9,174,118,37,30,53.3,126,0
23:53:01,35.6,50.6,52.9,105,139,24,23,50.6,116,0
23:54:01,39.7,52.0,55.8,124,116,29,15,42.4,111,0
23:55:01,41.6,59.3,58.2,150,82,35,21,53.8,139,0
23:56:01,33.8,57.7,50.6,128,106,24,21,52.2,128,0
23:57:01,55.4,47.2,52.5,175,127,33,27,44.3,115,0
23:58:01,48.6,46.5,52.0,156,128,20,20,51.2,119,0
23:59:01,32.8,51.6,52.8,169,145,29,28,54.8,118,0
00:00:01,30.7,52.3,50.8,116,143,38,16,51.8,145,0
00:01:01,58.8,45.9,55.6,167,141,39,24,46.4,141,0
00:02:01,97.5,92.5,57.7,1446,1289,899,616,75.3,420,1
00:03:01,33.5,48.6,55.0,104,90,21,20,46.4,126,0
00:04:01,48.9,46.2,50.2,180,100,38,20,45.0,135,0
00:05:01,58.0,56.3,58.2,168,110,34,16,48.0,134,0
00:06:01,36.6,50.9,55.9,109,145,39,21,51.2,140,0
00:07:01,40.8,50.6,52.4,118,94,29,19,43.6,117,0
00:08:01,57.5,52.9,52.7,167,89,27,22,49.5,133,0
00:09:01,49.2,55.9,59.4,180,118,32,26,48.6,145,0
00:10:01,36.0,46.8,59.7,125,90,32,23,52.1,147,0
00:11:01,57.8,45.0,60.0,135,122,21,24,48.1,145,0
00:12:01,35.2,50.6,51.4,117,101,33,17,51.7,138,0
00:13:01,42.3,53.1,51.0,104,125,36,17,50.9,132,0
00:14:01,47.6,57.4,55.2,152,94,39,28,54.7,111,0
00:15:01,34.2,51.0,55.6,132,144,22,27,54.6,139,0
00:16:01,34.1,54.0,51.1,104,84,26,18,47.6,134,0
00:17:01,49.0,46.9,52.0,120,123,37,25,49.0,131,0
00:18:01,34.1,57.6,58.8,166,134,26,17,48.6,145,0
00:19:01,48.9,59.8,51.0,176,97,29,20,45.2,129,0
00:20:01,59.4,48.0,52.6,172,110,31,24,47.9,110,0
00:21:01,58.4,45.6,56.7,151,82,21,15,53.2,127,0
00:22:01,30.9,56.7,59.6,176,122,34,15,51.9,116,0
00:23:01,33.9,48.9,55.6,128,106,33,24,43.9,132,0
00:24:01,48.1,52.3,51.3,163,84,32,19,43.7,115,0
00:25:01,57.7,55.5,58.2,138,127,35,15,44.2,113,0
00:26:01,94.7,97.9,66.3,949,1228,378,411,77.2,480,1
00:27:01,35.8,53.4,56.9,135,149,21,22,51.0,136,0
00:28:01,30.9,59.6,51.1,103,108,38,17,43.7,122,0
00:29:01,41.6,48.9,52.5,160,107,22,29,42.1,137,0
00:30:01,44.6,46.4,52.5,101,99,35,17,44.4,145,0
00:31:01,41.3,58.2,53.2,131,115,24,15,47.1,138,0
00:32:01,41.3,49.3,53.6,159,80,22,15,50.3,134,0
00:33:01,49.4,51.9,57.5,160,103,25,17,47.6,150,0
00:34:01,48.7,56.8,57.6,114,137,31,22,44.1,149,0
00:35:01,58.1,50.0,58.8,146,144,25,22,54.7,125,0
00:36:01,58.8,54.5,55.5,101,118,20,25,47.4,140,0
00:37:01,30.2,52.5,58.6,131,111,25,26,53.5,113,0
00:38:01,34.5,49.6,51.4,171,133,34,26,42.8,145,0
00:39:01,52.9,51.3,55.3,135,126,21,28,43.9,124,0
00:40:01,43.2,53.4,58.8,152,147,29,30,52.5,137,0
00:41:01,43.5,53.0,56.4,152,111,22,15,50.8,140,0
00:42:01,30.5,50.4,52.1,103,124,23,30,46.9,128,0
00:43:01,54.6,57.5,54.5,174,126,24,22,47.1,130,0
00:44:01,41.9,52.6,57.7,161,144,35,22,52.0,111,0
00:45:01,98.5,99.5,63.2,1281,1086,598,320,86.6,406,1
00:46:01,85.3,86.0,56.9,914,1080,516,385,92.6,536,1
00:47:01,32.6,57.4,59.5,169,96,31,25,43.8,140,0
00:48:01,33.1,54.2,59.0,105,139,38,20,50.5,137,0
00:49:01,31.9,52.2,53.7,138,125,26,27,51.7,119,0
00:50:01,58.6,48.3,54.4,180,142,22,27,49.6,150,0
00:51:01,54.4,55.4,57.5,134,96,32,29,53.6,125,0
00:52:01,51.8,53.1,58.2,103,108,33,19,44.2,111,0
00:53:01,33.0,45.8,50.3,176,123,21,18,46.6,131,0
00:54:01,39.6,59.4,58.8,169,112,34,20,46.9,145,0
00:55:01,32.7,56.8,53.7,170,119,21,19,47.3,139,0
00:56:01,35.1,58.5,56.0,142,93,25,25,45.6,116,0
00:57:01,39.8,52.6,55.3,130,86,38,30,52.2,122,0
00:58:01,48.1,50.4,58.6,172,112,40,23,49.1,110,0
00:59:01,57.6,56.1,57.1,116,91,22,26,42.5,131,0
01:00:01,40.1,49.5,58.0,156,95,34,30,53.7,134,0
01:01:01,47.0,56.8,54.9,103,90,28,22,42.9,141,0
01:02:01,40.2,50.8,59.8,177,82,39,28,54.4,113,0
01:03:01,49.8,50.2,53.6,127,120,21,22,45.1,150,0
01:04:01,52.3,59.5,52.5,125,126,20,21,44.4,115,0
01:05:01,46.3,48.0,52.0,118,110,25,17,47.3,142,0
01:06:01,36.4,59.6,57.4,179,93,35,28,42.0,128,0
01:07:01,57.5,55.2,50.5,142,127,30,25,48.8,142,0
01:08:01,45.8,47.7,56.4,101,93,37,30,47.7,134,0
01:09:01,57.6,55.5,51.4,162,96,34,28,45.7,112,0
01:10:01,45.0,49.1,50.7,107,119,35,24,50.3,149,0
01:11:01,58.4,58.1,57.9,171,87,22,28,43.3,142,0
01:12:01,42.2,48.6,51.2,168,124,30,16,44.4,137,0
01:13:01,46.0,49.5,54.3,160,112,32,20,47.7,140,0
01:14:01,87.5,89.6,52.6,901,856,584,396,92.1,587,1
01:15:01,34.3,51.9,56.2,127,137,21,21,48.7,134,0
01:16:01,49.5,46.4,57.1,156,94,32,19,50.8,113,0
01:17:01,48.4,56.4,52.9,171,146,23,25,50.9,128,0
01:18:01,57.1,47.6,57.3,142,139,29,15,42.7,115,0
01:19:01,43.5,52.3,55.3,135,135,28,15,54.4,113,0
01:20:01,40.0,59.3,55.0,153,93,21,23,53.8,150,0
01:21:01,30.4,58.6,58.0,160,134,33,23,43.7,128,0
01:22:01,53.0,54.9,51.7,136,104,31,23,50.9,149,0
01:23:01,40.3,57.9,51.4,138,90,40,26,53.3,128,0
01:24:01,58.4,54.6,55.4,147,119,34,27,53.4,112,0
01:25:01,59.6,46.4,55.8,116,126,33,23,54.3,146,0
01:26:01,96.0,91.8,53.1,1368,976,401,771,80.4,570,1
01:27:01,48.0,50.5,53.4,122,108,29,22,49.2,140,0
01:28:01,52.3,51.2,50.8,153,101,38,19,45.8,110,0
01:29:01,91.0,85.2,55.1,1272,769,391,598,84.6,458,1
01:30:01,37.1,51.7,59.6,124,139,31,29,50.5,125,0
01:31:01,48.4,51.9,59.7,119,102,35,28,48.4,119,0
01:32:01,54.6,55.0,57.8,163,107,21,16,44.1,148,0
01:33:01,57.2,52.7,58.9,104,83,40,25,50.2,134,0
01:34:01,33.8,50.4,56.2,132,89,39,17,46.9,130,0
01:35:01,37.8,55.9,55.7,169,138,20,18,48.7,149,0
01:36:01,58.8,56.9,56.2,119,144,28,19,51.6,116,0
01:37:01,54.4,45.3,59.5,147,82,27,27,46.0,131,0
01:38:01,52.6,47.6,58.1,171,128,31,25,51.1,144,0
01:39:01,33.3,54.3,56.3,165,133,40,29,49.7,110,0
01:40:01,55.1,55.5,50.6,176,127,35,21,49.0,127,0
01:41:01,37.1,51.0,50.9,177,130,20,27,48.9,147,0
01:42:01,33.2,55.8,56.1,117,128,37,28,47.1,147,0
01:43:01,45.0,57.4,55.1,152,105,29,23,43.4,150,0
01:44:01,56.3,48.7,52.3,102,132,38,30,47.3,120,0
01:45:01,93.9,94.2,65.5,847,1118,480,430,89.5,438,1
01:46:01,46.6,48.6,58.0,122,105,31,23,52.8,133,0
01:47:01,59.9,49.7,58.9,127,118,21,18,50.0,129,0
01:48:01,37.7,51.6,56.1,141,121,40,28,52.0,112,0
01:49:01,36.1,53.8,54.8,170,83,38,22,54.3,146,0
01:50:01,36.2,53.5,56.2,133,114,27,30,52.9,149,0
01:51:01,47.7,50.0,55.9,143,100,27,23,49.3,127,0
01:52:01,98.8,97.8,52.1,922,1000,512,525,93.3,357,1
01:53:01,51.9,54.7,52.5,157,92,40,29,48.8,127,0
01:54:01,56.8,56.2,57.8,109,127,38,15,44.9,134,0
01:55:01,38.2,54.9,54.0,109,114,30,19,47.2,111,0
01:56:01,56.0,45.6,54.7,141,95,24,22,45.6,110,0
01:57:01,54.5,56.0,53.5,126,144,36,22,48.4,124,0
01:58:01,39.0,48.6,52.5,138,95,30,22,47.8,145,0
01:59:01,34.3,48.6,55.7,172,133,32,15,46.7,133,0
02:00:01,40.5,46.4,54.0,133,110,26,23,50.0,143,0
02:01:01,33.3,54.4,57.3,172,83,25,24,47.0,137,0
02:02:01,31.5,54.0,55.1,149,107,21,24,47.7,135,0
02:03:01,49.7,59.8,56.5,173,121,32,22,47.2,145,0
02:04:01,50.1,48.7,52.1,138,141,25,18,50.2,126,0
02:05:01,91.3,95.1,59.4,1498,833,671,754,93.8,400,1
02:06:01,35.1,49.1,56.6,134,143,33,27,46.7,130,0
02:07:01,46.1,45.3,55.6,169,91,34,23,54.0,132,0
02:08:01,55.1,57.6,52.8,179,87,35,26,43.3,139,0
02:09:01,54.9,51.8,52.0,134,105,20,29,44.8,117,0
02:10:01,32.1,56.5,53.8,121,110,36,22,52.9,143,0
02:11:01,37.4,59.7,57.9,141,145,36,25,42.3,121,0
02:12:01,55.1,58.2,52.4,168,135,26,30,46.9,144,0
02:13:01,34.6,46.5,59.3,105,140,21,25,48.8,139,0
02:14:01,45.8,53.6,53.1,115,96,32,17,50.0,123,0
02:15:01,41.9,55.9,54.3,121,123,24,16,49.8,113,0
02:16:01,59.6,58.3,53.8,154,139,37,15,43.4,122,0
02:17:01,44.8,49.9,52.8,176,88,26,27,48.9,150,0
02:18:01,91.6,85.7,61.0,720,1027,532,527,87.9,575,1
02:19:01,36.1,55.3,53.2,177,139,38,20,54.7,138,0
02:20:01,42.9,50.9,54.4,159,146,37,29,48.0,141,0
02:21:01,40.6,58.7,52.1,158,112,40,17,54.4,137,0
02:22:01,40.1,46.9,57.8,116,97,30,21,43.3,143,0
02:23:01,55.9,46.3,56.6,100,130,24,27,43.5,140,0
02:24:01,54.7,47.6,53.8,125,93,21,22,52.7,126,0
02:25:01,55.6,58.4,58.9,160,138,37,22,51.8,146,0
02:26:01,90.4,93.0,66.5,1071,1152,816,549,78.2,546,1
02:27:01,41.0,50.0,55.7,131,87,38,16,49.7,111,0
02:28:01,97.9,89.7,68.3,1489,836,897,623,78.3,422,1
02:29:01,54.3,55.5,52.8,169,124,29,20,45.5,133,0
02:30:01,30.5,56.3,50.2,134,112,28,15,51.0,113,0
02:31:01,59.6,57.4,54.6,167,120,28,18,54.2,113,0
02:32:01,98.2,88.1,57.1,869,1130,854,723,78.9,368,1
02:33:01,54.4,52.1,51.9,170,108,23,21,54.5,135,0
02:34:01,41.3,55.8,57.8,178,129,22,21,53.7,118,0
02:35:01,46.2,46.5,53.6,145,91,21,28,51.6,148,0
02:36:01,41.6,50.5,60.0,145,149,29,28,54.1,143,0
02:37:01,31.6,54.8,50.8,113,137,40,24,50.7,135,0
02:38:01,31.3,57.0,58.7,151,143,30,23,47.8,146,0
02:39:01,30.1,56.5,59.4,159,146,23,15,46.9,148,0
02:40:01,43.9,48.1,50.3,147,139,22,28,54.7,141,0
02:41:01,48.9,52.7,56.5,101,81,21,22,50.5,112,0
02:42:01,54.0,45.6,50.9,106,149,38,17,43.3,145,0
02:43:01,40.9,57.6,50.6,180,132,35,26,53.4,129,0
02:44:01,54.7,46.7,58.2,130,134,27,28,54.1,146,0
02:45:01,55.6,47.8,53.5,131,148,36,23,42.3,145,0
02:46:01,38.4,48.5,52.1,116,110,31,26,42.1,127,0
02:47:01,98.0,95.3,63.9,715,942,510,578,94.1,407,1
02:48:01,41.4,56.1,51.6,158,141,37,22,42.3,121,0
02:49:01,44.4,46.2,54.0,155,142,34,26,46.4,138,0
02:50:01,49.2,55.2,57.6,134,84,35,27,44.5,143,0
02:51:01,41.0,56.4,51.1,130,111,37,17,49.4,127,0
02:52:01,58.1,46.0,59.8,180,125,29,27,48.3,119,0
02:53:01,37.5,59.5,54.8,174,114,29,23,43.1,122,0
02:54:01,53.9,47.7,59.3,164,93,37,22,53.6,138,0
02:55:01,33.0,49.4,52.8,141,82,26,17,50.9,135,0
02:56:01,55.6,48.7,53.8,138,100,21,29,42.4,136,0
02:57:01,42.6,48.7,51.4,159,95,27,17,49.8,145,0
02:58:01,51.1,57.0,53.3,116,123,40,20,51.8,137,0
02:59:01,45.8,51.4,59.5,156,94,33,27,45.5,149,0
03:00:01,31.4,46.0,59.7,132,112,29,24,44.1,111,0
03:01:01,35.7,56.4,53.9,100,84,34,15,43.4,126,0
03:02:01,56.1,45.5,58.9,118,138,30,16,51.6,113,0
03:03:01,33.9,55.7,56.7,131,98,23,24,44.5,146,0
03:04:01,55.0,46.6,51.9,134,105,24,27,47.5,136,0
03:05:01,33.2,47.5,55.1,176,119,36,24,51.8,145,0
03:06:01,56.7,50.3,50.9,107,88,21,19,51.6,132,0
03:07:01,56.7,51.6,55.4,115,113,38,18,45.2,144,0
03:08:01,55.9,59.1,50.0,153,112,29,19,53.7,117,0
03:09:01,55.3,56.6,52.8,171,138,29,15,51.8,128,0
03:10:01,34.7,45.2,51.4,169,124,36,20,54.0,111,0
03:11:01,49.5,59.4,55.8,127,123,23,25,42.3,115,0
03:12:01,52.8,48.0,55.7,154,118,24,21,42.1,116,0
03:13:01,42.6,46.0,55.4,115,132,35,18,51.5,139,0
03:14:01,33.5,56.5,56.0,138,150,30,18,50.2,120,0
03:15:01,41.6,50.0,53.7,146,128,26,17,54.0,150,0
03:16:01,51.4,49.6,58.0,115,139,26,28,52.3,138,0
03:17:01,43.9,47.8,59.8,162,96,20,27,44.9,112,0
03:18:01,56.7,55.6,50.8,134,118,26,22,53.5,115,0
03:19:01,36.5,49.5,59.8,147,98,32,21,50.2,119,0
03:20:01,58.6,47.6,57.1,168,117,20,22,47.5,126,0
03:21:01,49.4,58.4,50.1,104,146,38,19,43.9,115,0
03:22:01,54.1,55.5,58.7,162,124,30,24,52.2,114,0
03:23:01,57.3,50.9,54.0,170,147,40,16,49.4,120,0
03:24:01,56.0,51.8,55.9,137,100,27,23,47.3,130,0
03:25:01,40.4,45.6,56.6,170,108,31,15,54.0,117,0
03:26:01,47.5,57.2,56.0,171,120,35,25,51.8,121,0
03:27:01,49.9,45.6,59.3,130,135,23,30,50.0,110,0
03:28:01,46.0,45.4,54.7,150,110,24,29,46.2,148,0
03:29:01,56.7,56.4,58.8,141,96,23,17,49.2,120,0
03:30:01,96.0,97.9,67.7,1063,1003,412,301,86.8,373,1
03:31:01,43.0,56.8,54.2,168,96,40,17,43.3,110,0
03:32:01,46.9,47.8,55.0,142,112,25,16,43.0,121,0
03:33:01,39.5,54.6,58.1,138,135,29,23,43.5,131,0
03:34:01,48.4,47.1,58.6,140,142,26,24,51.0,114,0
03:35:01,90.1,95.4,65.0,1130,1258,714,792,77.9,432,1
03:36:01,46.9,57.7,52.9,105,130,27,28,45.2,113,0
03:37:01,57.7,45.1,56.3,144,84,24,25,52.9,140,0
03:38:01,47.7,57.1,57.9,109,145,33,20,50.8,119,0
03:39:01,31.3,46.8,52.4,126,83,40,24,49.1,131,0
03:40:01,32.1,55.4,52.8,115,149,29,30,54.2,134,0
03:41:01,32.8,51.9,54.5,121,89,24,20,50.2,118,0
03:42:01,36.4,57.8,53.9,179,124,25,27,47.3,142,0
03:43:01,43.4,51.5,58.9,105,108,32,25,46.2,136,0
03:44:01,38.2,57.5,58.2,125,89,38,18,47.9,120,0
03:45:01,37.6,45.9,58.5,109,84,26,28,53.1,132,0
03:46:01,56.0,56.6,58.8,140,124,39,19,42.4,112,0
03:47:01,37.8,52.9,53.1,110,124,28,19,47.9,129,0
03:48:01,45.5,57.3,55.0,128,96,35,25,55.0,133,0
03:49:01,57.3,54.5,50.4,160,86,29,23,48.4,126,0
03:50:01,59.6,57.8,55.6,155,133,21,23,46.4,110,0
03:51:01,58.9,58.1,54.6,104,99,37,24,52.2,111,0
03:52:01,49.0,51.1,51.0,170,135,27,27,50.2,132,0
03:53:01,32.4,49.8,58.9,156,122,38,17,44.6,120,0
03:54:01,54.1,56.3,60.0,154,92,37,20,46.1,110,0
03:55:01,96.1,90.4,64.5,1210,1330,794,497,93.3,594,1
03:56:01,41.2,49.8,52.4,123,110,37,30,50.6,128,0
03:57:01,57.3,56.3,55.9,107,93,21,19,42.9,116,0
03:58:01,52.0,48.7,56.5,128,97,21,27,49.7,112,0
03:59:01,49.1,59.0,53.7,135,126,29,19,52.5,118,0
04:00:01,46.6,55.9,53.2,105,87,31,15,53.0,149,0
04:01:01,57.0,58.3,52.2,180,123,36,27,44.4,142,0
04:02:01,32.2,51.8,59.1,104,124,39,30,46.5,119,0
04:03:01,96.6,91.5,62.8,1410,1347,434,706,76.9,447,1
04:04:01,35.4,58.0,59.0,170,96,20,30,53.5,111,0
04:05:01,49.1,54.4,53.2,175,136,29,20,45.6,110,0
04:06:01,49.2,56.6,59.2,177,97,35,16,53.4,118,0
04:07:01,32.0,50.0,56.8,163,126,25,28,42.6,128,0
04:08:01,34.9,56.8,58.1,151,118,40,19,50.0,114,0
04:09:01,40.8,55.9,54.0,129,133,35,18,51.7,131,0
04:10:01,30.5,47.7,56.0,112,100,39,27,54.5,146,0
04:11:01,35.8,52.7,58.6,155,104,35,18,50.2,139,0
04:12:01,34.4,53.9,58.5,154,116,26,30,47.5,121,0
04:13:01,37.0,52.6,50.4,109,142,35,28,47.4,113,0
04:14:01,58.4,54.5,52.3,166,111,23,20,43.4,135,0
04:15:01,57.6,52.6,58.0,158,83,20,16,43.0,137,0
04:16:01,54.0,52.0,56.6,107,110,35,30,48.8,140,0
04:17:01,55.8,50.5,51.3,135,145,21,27,54.6,124,0
04:18:01,45.8,48.1,52.0,162,86,33,25,52.1,114,0
04:19:01,39.5,53.3,50.6,140,86,34,28,50.5,143,0
04:20:01,48.9,48.4,50.2,136,117,25,30,51.0,118,0
04:21:01,95.4,93.3,54.3,1320,1243,755,540,82.3,540,1
04:22:01,32.7,52.4,59.9,121,129,27,15,44.8,120,0
04:23:01,45.5,45.6,56.3,177,99,35,16,48.0,121,0
04:24:01,51.9,51.5,55.4,126,127,20,26,52.2,125,0
04:25:01,34.7,46.0,59.6,135,111,32,15,51.8,111,0
04:26:01,38.3,46.1,51.8,129,119,37,24,49.9,132,0
04:27:01,95.5,87.2,65.2,982,891,493,703,82.4,533,1
04:28:01,35.8,49.4,55.9,128,127,35,26,43.6,129,0
04:29:01,34.3,57.5,51.0,154,106,30,27,42.8,148,0
04:30:01,91.6,86.5,70.0,1144,1383,551,593,91.3,559,1
04:31:01,54.3,53.9,59.0,133,83,38,26,53.1,147,0
04:32:01,56.8,49.1,54.6,173,98,36,25,44.6,132,0
04:33:01,42.4,51.3,53.8,110,119,31,22,48.3,148,0
04:34:01,34.0,49.1,50.1,115,125,36,15,47.7,130,0
04:35:01,35.5,53.3,57.2,155,94,25,29,53.4,138,0
04:36:01,59.6,48.8,57.8,146,113,21,21,49.4,130,0
04:37:01,35.9,47.8,53.2,122,107,39,17,45.9,111,0
04:38:01,55.9,51.5,51.1,125,96,28,21,49.9,110,0
04:39:01,45.4,47.2,56.4,132,150,34,15,44.4,137,0
04:40:01,44.5,49.2,58.7,143,95,28,27,47.0,123,0
04:41:01,95.3,97.5,58.3,1006,819,857,491,87.4,519,1
04:42:01,46.1,51.2,53.8,153,94,31,15,51.1,120,0
04:43:01,45.9,50.5,55.7,149,150,25,17,47.7,150,0
04:44:01,37.4,48.6,57.1,104,106,33,21,51.3,128,0
04:45:01,31.7,52.2,53.2,149,150,23,20,46.7,135,0
04:46:01,39.2,47.5,51.7,140,125,21,15,54.7,116,0
04:47:01,55.1,57.6,55.2,122,101,39,28,48.6,115,0
04:48:01,34.3,46.8,50.1,121,112,20,15,44.4,139,0
04:49:01,49.7,49.6,52.9,112,113,36,19,45.9,139,0
04:50:01,33.3,49.0,55.1,154,119,40,15,51.7,113,0
04:51:01,52.1,52.6,50.3,122,100,24,27,43.5,118,0
04:52:01,96.7,98.9,62.9,1006,906,630,515,88.5,367,1
04:53:01,41.9,46.9,53.4,122,99,34,30,50.9,139,0
04:54:01,32.1,45.5,54.3,123,141,34,15,52.0,135,0
04:55:01,52.9,45.5,56.1,177,95,23,18,42.5,123,0
04:56:01,36.3,50.6,54.9,105,114,32,20,45.3,121,0
04:57:01,93.6,93.5,64.1,930,1132,778,619,86.8,479,1
04:58:01,35.3,49.0,53.3,134,92,35,21,54.0,129,0
04:59:01,87.5,95.5,53.0,814,1359,452,626,91.7,548,1
05:00:01,45.5,48.8,59.6,100,150,24,25,48.9,146,0
05:01:01,34.6,47.0,54.9,172,126,30,21,50.2,121,0
05:02:01,58.5,49.5,52.1,139,131,23,20,42.8,147,0
05:03:01,31.5,58.4,58.9,111,124,27,22,47.8,130,0
05:04:01,46.7,51.2,53.0,112,81,24,29,45.8,123,0
05:05:01,50.9,56.0,53.7,129,148,33,20,46.5,129,0
05:06:01,38.2,57.1,53.7,173,133,35,19,45.1,131,0
05:07:01,58.9,51.6,50.2,175,128,40,21,46.9,114,0
05:08:01,39.6,46.5,56.4,152,107,34,30,47.0,116,0
05:09:01,53.0,59.1,58.3,127,148,20,30,50.7,131,0
05:10:01,95.5,92.6,69.3,1176,1001,415,647,80.5,577,1
05:11:01,55.5,50.0,57.9,158,141,24,17,46.7,141,0
05:12:01,52.4,49.6,55.9,131,110,22,18,53.0,149,0
05:13:01,57.9,51.1,50.8,170,141,37,27,54.1,135,0
05:14:01,90.3,87.3,53.0,1231,1155,514,640,85.8,433,1
05:15:01,43.8,45.9,57.4,138,83,24,17,43.8,135,0
05:16:01,43.5,50.2,51.2,101,85,26,15,44.6,150,0
05:17:01,42.2,60.0,54.5,105,95,33,28,46.1,128,0
05:18:01,42.7,48.9,58.3,111,111,22,18,45.9,137,0
05:19:01,32.3,54.5,57.7,153,87,33,28,51.2,143,0
05:20:01,48.0,45.7,59.4,172,80,39,15,53.9,150,0
05:21:01,44.2,47.2,54.3,157,85,24,26,45.9,139,0
05:22:01,30.3,58.3,55.1,126,113,38,16,52.2,117,0
05:23:01,46.8,45.9,54.4,166,115,22,17,54.0,127,0
05:24:01,32.8,48.1,59.1,136,92,33,23,52.5,135,0
05:25:01,51.7,49.9,58.3,140,131,22,28,46.3,135,0
05:26:01,60.0,58.4,55.5,115,114,36,17,50.2,145,0
05:27:01,36.5,48.5,60.0,109,123,22,26,46.9,124,0
05:28:01,36.1,49.1,56.5,166,87,21,20,51.5,125,0
05:29:01,89.3,97.5,56.0,1466,992,765,375,83.6,421,1
05:30:01,41.8,46.0,51.1,130,86,31,27,45.7,119,0
05:31:01,30.5,50.4,53.9,133,148,33,26,53.2,133,0
05:32:01,44.7,46.2,57.2,177,144,28,30,53.7,132,0
05:33:01,54.5,59.0,55.8,141,146,32,30,51.7,134,0
05:34:01,48.3,46.0,52.3,134,81,25,22,44.2,138,0
05:35:01,37.3,54.9,51.2,178,105,36,18,44.8,140,0
05:36:01,56.1,53.1,56.5,143,80,24,21,49.6,133,0
05:37:01,44.5,58.1,50.8,103,111,34,26,54.3,116,0
05:38:01,47.4,46.2,56.8,116,86,36,27,47.5,147,0
05:39:01,46.3,52.8,54.8,115,132,25,23,48.2,135,0
05:40:01,41.5,50.6,52.3,163,135,20,24,44.6,128,0
05:41:01,48.7,45.4,54.9,173,105,40,24,43.2,117,0
05:42:01,57.7,45.6,50.0,127,130,35,16,51.6,144,0
05:43:01,46.2,57.9,53.9,148,114,21,18,42.3,135,0
05:44:01,59.5,47.5,57.7,174,100,20,25,50.5,145,0
05:45:01,49.5,47.7,51.7,106,106,28,20,52.9,124,0
05:46:01,38.4,49.2,58.8,117,81,28,20,48.4,111,0
05:47:01,38.4,59.1,53.2,123,123,30,28,45.8,111,0
05:48:01,50.9,58.8,60.0,143,128,29,16,52.1,145,0
05:49:01,34.4,53.8,57.6,165,125,34,16,53.7,140,0
05:50:01,39.6,57.0,57.7,134,106,21,28,45.9,128,0
05:51:01,57.4,57.9,57.2,163,140,28,18,52.3,132,0
05:52:01,96.0,100.0,52.7,839,787,396,413,76.5,576,1
05:53:01,93.4,98.4,63.7,795,677,518,654,94.9,446,1
05:54:01,48.2,54.7,51.7,149,100,26,29,54.5,139,0
05:55:01,95.0,95.0,59.1,1102,1253,705,416,86.9,481,1
05:56:01,53.3,55.0,59.1,119,92,31,27,42.9,132,0
05:57:01,59.3,59.2,55.7,102,146,30,25,52.2,121,0
05:58:01,52.8,54.3,57.7,124,124,24,27,50.4,142,0
05:59:01,52.3,46.9,57.1,169,121,31,28,45.3,143,0
06:00:01,30.6,54.6,57.5,128,138,35,29,49.4,145,0
06:01:01,52.7,51.2,56.2,168,97,21,20,45.0,120,0
06:02:01,40.9,56.9,53.1,172,86,33,16,52.8,133,0
06:03:01,35.4,54.8,53.0,115,123,34,18,46.6,146,0
06:04:01,59.4,50.3,53.0,156,107,40,22,47.4,135,0
06:05:01,37.3,47.6,55.7,164,102,21,19,48.4,150,0
06:06:01,32.9,45.9,51.0,118,124,28,19,46.1,140,0
06:07:01,31.1,52.2,56.7,130,97,26,25,53.0,148,0
06:08:01,45.2,56.4,59.8,146,139,28,19,46.3,133,0
06:09:01,52.7,58.2,52.9,134,131,26,27,50.9,120,0
06:10:01,39.5,52.6,58.1,165,123,36,18,53.4,150,0
06:11:01,45.8,55.2,58.1,117,133,24,26,47.6,117,0
06:12:01,38.6,48.9,55.5,127,113,29,18,46.8,144,0
06:13:01,51.9,52.9,50.8,131,104,21,27,52.3,131,0
06:14:01,95.1,86.7,69.4,1131,1136,851,628,92.5,598,1
06:15:01,31.8,46.7,56.2,122,119,30,15,50.3,129,0
06:16:01,54.6,51.7,53.0,136,114,34,20,54.9,135,0
06:17:01,41.0,52.0,59.0,177,125,22,21,49.5,150,0
06:18:01,56.9,59.4,50.4,122,97,34,27,54.7,136,0
06:19:01,59.5,57.6,57.7,158,117,35,23,43.7,136,0
06:20:01,41.6,54.3,53.8,171,132,39,30,42.5,149,0
06:21:01,59.2,46.0,53.4,179,149,37,30,52.8,117,0
06:22:01,98.6,90.5,62.6,717,817,753,695,83.4,527,1
06:23:01,47.3,57.7,59.4,149,128,29,24,53.8,120,0
06:24:01,50.3,56.8,59.2,137,104,26,18,43.1,112,0
06:25:01,32.2,54.2,56.2,120,122,30,29,48.5,110,0
06:26:01,59.0,53.1,59.1,120,121,38,29,51.4,132,0
06:27:01,42.3,58.1,53.2,144,131,23,15,52.1,143,0
06:28:01,49.1,56.3,57.2,140,113,32,24,48.8,139,0
06:29:01,43.6,46.9,52.2,110,116,28,23,54.4,125,0
06:30:01,31.5,48.5,56.3,122,127,22,27,42.3,145,0
06:31:01,48.6,57.4,50.0,107,105,21,16,54.9,124,0
06:32:01,40.0,52.0,51.2,176,90,25,26,44.3,131,0
06:33:01,42.2,55.4,50.6,172,127,30,26,43.5,144,0
06:34:01,56.4,56.1,54.6,100,127,26,24,54.8,112,0
06:35:01,33.7,50.2,52.5,162,127,35,15,43.5,128,0
06:36:01,52.9,55.1,51.0,100,106,20,27,47.9,147,0
06:37:01,51.0,56.8,51.4,148,107,20,26,46.8,116,0
06:38:01,38.1,58.0,56.9,138,137,40,20,50.1,122,0
06:39:01,54.7,51.5,59.7,121,148,28,15,48.4,123,0
06:40:01,55.9,58.6,55.6,159,108,35,17,47.7,125,0
06:41:01,58.9,46.1,54.8,157,101,36,22,51.0,136,0
06:42:01,34.6,52.7,55.2,162,135,26,25,46.2,128,0
06:43:01,43.1,46.5,56.3,105,113,36,21,54.1,121,0
06:44:01,40.5,50.1,50.8,100,134,29,16,48.3,124,0
06:45:01,42.2,56.9,56.0,150,91,23,16,43.2,116,0
06:46:01,55.9,47.0,50.4,154,116,39,24,44.9,117,0
06:47:01,30.9,56.5,57.2,177,120,26,15,46.9,148,0
06:48:01,55.7,50.5,55.3,177,120,32,16,48.1,150,0
06:49:01,33.7,53.4,51.5,103,96,27,23,53.7,133,0
06:50:01,44.0,59.0,52.3,177,102,24,24,46.4,136,0
06:51:01,41.2,54.1,58.6,180,89,21,29,49.3,115,0
06:52:01,49.5,45.2,57.4,156,119,31,24,48.4,132,0
06:53:01,55.6,56.4,51.6,143,99,38,24,49.7,111,0
06:54:01,49.0,46.4,50.8,147,92,24,23,44.5,126,0
06:55:01,38.8,50.0,58.9,148,144,40,19,48.6,144,0
06:56:01,49.4,51.9,53.7,107,117,29,23,48.0,141,0
06:57:01,33.4,58.7,52.2,128,95,32,23,45.0,145,0
06:58:01,50.0,55.7,57.8,149,128,25,23,47.4,125,0
06:59:01,59.0,50.5,56.0,142,88,40,15,42.6,121,0
07:00:01,53.8,52.9,59.1,171,134,36,27,50.7,116,0
07:01:01,96.0,85.3,60.4,1255,770,635,555,88.3,390,1
07:02:01,57.3,50.4,54.9,167,123,36,29,48.3,145,0
07:03:01,46.8,48.5,54.5,179,120,23,19,45.2,148,0
07:04:01,46.2,48.4,53.1,134,144,35,17,43.7,124,0
07:05:01,34.1,57.3,52.9,144,115,33,15,47.6,134,0
07:06:01,58.0,48.6,52.4,157,92,28,17,43.8,112,0
07:07:01,48.1,53.5,51.6,151,138,33,23,47.9,130,0
07:08:01,50.0,55.8,57.3,175,115,21,22,42.6,131,0
07:09:01,36.6,46.7,55.8,121,130,27,23,51.0,120,0
07:10:01,96.0,92.4,53.7,1340,760,843,490,86.9,383,1
07:11:01,38.0,52.1,53.6,154,127,31,17,48.2,144,0
07:12:01,57.0,47.6,50.8,162,132,39,25,45.2,148,0
07:13:01,58.8,45.6,59.5,161,149,38,28,43.4,112,0
07:14:01,40.8,48.3,50.5,130,90,34,18,49.9,119,0
07:15:01,39.3,55.3,58.5,158,80,36,19,54.6,110,0
07:16:01,56.0,45.4,58.2,128,123,32,27,49.3,145,0
07:17:01,48.2,59.4,50.0,141,119,40,21,46.5,136,0
07:18:01,54.5,49.3,53.7,179,143,26,25,51.4,128,0
07:19:01,50.2,51.4,54.2,133,98,37,24,43.9,113,0
07:20:01,31.5,54.2,52.7,156,102,34,24,43.9,141,0
07:21:01,57.2,45.9,52.6,130,84,25,17,42.8,128,0
07:22:01,39.3,56.7,59.6,150,150,40,20,54.4,146,0
07:23:01,51.7,51.1,58.9,161,107,27,16,49.6,132,0
07:24:01,47.3,52.7,59.3,133,125,30,16,52.2,113,0
07:25:01,41.1,45.2,54.5,145,123,21,19,47.5,126,0
07:26:01,49.9,46.1,56.8,113,147,25,15,42.3,142,0
07:27:01,55.2,56.5,55.7,170,119,38,20,51.1,133,0
07:28:01,38.4,51.7,51.7,107,131,26,25,53.9,136,0
07:29:01,38.3,50.4,56.6,148,89,21,15,49.8,141,0
07:30:01,46.1,51.2,55.4,166,99,25,29,53.5,111,0
07:31:01,52.7,57.4,56.4,144,89,33,20,44.3,148,0
07:32:01,33.7,53.6,58.6,127,140,24,15,54.2,124,0
07:33:01,47.8,48.5,59.1,100,132,34,20,51.0,126,0
07:34:01,92.1,99.3,57.7,899,810,834,658,88.2,588,1
07:35:01,30.9,56.4,52.5,166,115,29,26,51.5,132,0
07:36:01,54.5,47.2,55.2,165,121,30,29,53.5,150,0
07:37:01,50.9,58.1,53.2,137,144,24,30,49.3,127,0
07:38:01,31.7,59.4,51.3,171,81,40,23,42.6,117,0
07:39:01,55.2,55.0,53.4,161,124,40,25,53.5,110,0
07:40:01,55.1,58.3,58.7,171,136,25,27,43.2,121,0
07:41:01,59.3,50.6,57.4,112,135,29,22,52.1,143,0
07:42:01,54.2,47.5,58.3,134,137,38,15,52.1,130,0
07:43:01,53.0,51.8,53.2,105,135,20,22,48.6,123,0
07:44:01,33.6,50.1,55.0,128,131,37,16,48.9,118,0
07:45:01,45.2,53.0,52.3,154,88,30,25,48.0,126,0
07:46:01,49.5,58.5,56.1,158,95,32,22,48.3,111,0
07:47:01,50.2,48.6,50.8,104,149,37,24,42.9,144,0
07:48:01,38.4,46.3,56.1,159,82,40,29,48.0,140,0
07:49:01,50.2,50.3,51.0,152,92,30,25,46.2,135,0
07:50:01,47.5,45.5,51.4,100,99,40,28,46.6,110,0
07:51:01,91.8,95.9,67.6,770,1350,860,725,75.1,542,1
07:52:01,35.6,52.0,51.6,107,132,22,22,45.7,117,0
07:53:01,59.1,56.7,54.6,104,129,36,26,45.3,125,0
07:54:01,43.8,56.8,52.4,148,123,29,18,51.2,139,0
07:55:01,36.9,56.4,56.4,142,126,37,18,43.7,148,0
07:56:01,59.9,58.2,57.4,105,83,38,25,48.0,111,0
07:57:01,53.3,59.7,53.3,143,88,25,30,50.7,130,0
07:58:01,57.9,56.3,55.2,147,149,39,24,45.4,145,0
07:59:01,34.2,52.2,57.0,101,120,25,22,45.5,113,0
08:00:01,41.9,47.2,57.6,111,142,24,23,42.2,111,0
08:01:01,37.7,47.3,55.8,122,95,31,28,52.7,145,0
08:02:01,32.3,50.3,59.7,114,96,32,26,54.8,110,0
08:03:01,47.9,47.8,56.8,171,143,25,18,42.1,135,0
08:04:01,37.0,49.9,57.2,128,130,39,17,43.0,133,0
08:05:01,37.6,51.1,50.5,155,143,40,23,53.1,119,0
08:06:01,55.5,55.5,51.2,166,112,26,26,49.8,148,0
08:07:01,87.0,94.6,67.8,1381,665,888,779,92.2,446,1
08:08:01,45.7,58.1,55.7,179,148,21,21,47.6,133,0
08:09:01,47.8,57.9,57.5,116,96,32,15,54.3,130,0
08:10:01,45.3,53.2,55.3,105,118,22,24,53.5,122,0
08:11:01,44.4,47.3,54.1,162,92,23,15,44.2,126,0
08:12:01,57.5,53.9,55.2,114,133,40,18,52.9,127,0
08:13:01,34.1,53.5,53.5,138,137,30,20,54.8,134,0
08:14:01,49.6,45.6,54.5,179,110,23,19,54.9,134,0
08:15:01,51.7,47.5,51.3,112,145,36,27,46.3,127,0
08:16:01,59.0,58.3,59.5,163,84,26,23,46.8,146,0
08:17:01,31.8,52.2,52.7,167,100,29,28,42.0,114,0
08:18:01,57.5,55.4,52.8,133,112,21,28,48.5,111,0
08:19:01,57.8,58.4,58.2,133,139,23,22,47.1,150,0
08:20:01,46.8,50.8,56.9,169,89,24,20,53.5,117,0
08:21:01,40.3,45.0,53.8,170,145,38,17,50.3,125,0
08:22:01,85.6,92.0,53.4,1430,1386,557,514,92.1,563,1
08:23:01,53.8,51.9,53.6,139,82,27,20,50.8,112,0
08:24:01,59.5,59.3,54.8,113,143,35,17,51.5,114,0
08:25:01,35.1,51.6,56.0,128,147,29,21,52.4,148,0
08:26:01,32.4,45.5,58.5,136,100,40,16,44.3,122,0
08:27:01,32.5,52.1,50.6,148,110,35,25,48.0,146,0
08:28:01,51.2,47.2,58.3,120,117,27,16,43.0,145,0
08:29:01,49.0,51.8,57.5,166,101,40,19,43.2,129,0
08:30:01,41.5,46.1,59.2,145,115,22,22,43.9,116,0
08:31:01,55.8,46.3,57.8,171,121,36,26,44.9,148,0
08:32:01,43.6,55.7,50.4,144,83,26,16,53.5,115,0
08:33:01,50.3,54.8,50.7,102,128,30,22,51.8,139,0
08:34:01,48.6,52.3,53.9,168,144,30,23,51.4,140,0
08:35:01,35.4,46.3,54.9,156,122,26,23,46.6,148,0
08:36:01,37.3,50.6,51.2,117,89,33,26,48.7,117,0
08:37:01,99.4,89.5,54.4,912,778,802,359,91.6,496,1
08:38:01,38.7,48.9,54.9,149,88,22,25,50.4,128,0
08:39:01,41.7,59.4,58.3,134,130,26,29,46.4,135,0
08:40:01,56.8,54.3,55.2,137,141,30,24,49.2,146,0
08:41:01,48.6,52.6,50.9,151,102,38,18,48.9,145,0
08:42:01,47.1,50.5,59.6,139,118,30,23,53.8,123,0
08:43:01,56.0,57.9,58.5,180,128,37,18,42.0,134,0
08:44:01,30.0,56.8,50.9,125,82,36,22,42.5,113,0
08:45:01,57.5,55.4,56.0,144,96,39,29,50.7,138,0
08:46:01,45.0,51.4,50.7,101,134,39,21,44.4,118,0
08:47:01,58.7,47.0,50.4,112,89,31,25,52.1,127,0
08:48:01,45.3,59.2,56.2,106,116,26,28,47.2,110,0
08:49:01,32.4,48.1,52.3,139,113,29,23,52.4,110,0
08:50:01,51.0,46.6,57.1,163,105,39,15,55.0,139,0
08:51:01,51.5,49.0,51.0,159,87,37,27,53.5,124,0
08:52:01,49.4,50.4,51.7,109,129,37,23,43.0,118,0
08:53:01,55.1,46.8,56.1,101,112,22,15,48.1,121,0
08:54:01,56.3,53.7,53.3,126,96,20,22,49.5,123,0
08:55:01,46.6,45.2,59.7,180,117,35,19,48.1,117,0
08:56:01,33.2,51.5,50.5,157,111,38,26,53.0,117,0
08:57:01,30.7,45.7,57.0,132,95,36,27,50.3,135,0
08:58:01,39.8,49.0,50.3,177,148,21,30,46.6,142,0
08:59:01,43.1,46.0,51.4,166,141,27,23,47.2,146,0
09:00:01,50.3,57.0,57.2,123,131,29,27,53.4,133,0
09:01:01,55.0,57.5,53.4,103,135,24,29,44.4,130,0
09:02:01,33.5,57.2,56.4,139,103,21,20,44.3,145,0
09:03:01,97.1,88.7,68.4,858,1004,759,615,94.5,466,1
09:04:01,59.7,56.8,55.1,176,132,21,15,54.5,129,0
09:05:01,47.0,55.1,53.2,145,127,36,28,45.8,114,0
09:06:01,38.9,48.9,59.1,159,103,24,24,54.3,134,0
09:07:01,37.3,52.3,51.9,141,111,33,30,47.8,114,0
09:08:01,50.4,57.5,54.3,107,103,40,26,42.3,129,0
09:09:01,48.7,47.0,50.9,128,84,29,30,54.0,117,0
09:10:01,35.6,53.0,60.0,107,110,35,22,54.9,112,0
09:11:01,41.1,49.5,54.4,107,93,36,19,43.3,127,0
09:12:01,57.1,48.2,53.8,170,143,38,25,43.1,117,0
09:13:01,57.6,53.8,57.1,112,98,37,16,42.2,139,0
09:14:01,33.5,45.3,55.3,159,146,39,16,52.2,130,0
09:15:01,52.1,46.0,55.1,151,120,31,21,47.4,137,0
09:16:01,55.7,50.7,57.0,180,146,29,29,52.4,111,0
09:17:01,50.9,57.1,50.7,135,150,24,24,44.6,122,0
09:18:01,34.7,45.2,53.7,122,115,21,28,53.2,129,0
09:19:01,37.1,49.1,57.3,105,81,25,24,52.9,130,0
09:20:01,50.3,55.3,53.3,168,136,39,16,44.5,111,0
09:21:01,35.3,53.5,56.2,133,85,31,18,43.4,131,0
09:22:01,31.5,57.3,54.8,132,88,32,25,52.1,131,0
09:23:01,57.2,50.9,53.5,178,115,36,19,49.0,139,0
09:24:01,44.6,58.9,56.2,132,132,39,17,42.7,144,0
09:25:01,38.4,55.9,50.8,117,97,36,20,42.3,126,0
09:26:01,49.7,49.8,59.2,180,113,22,20,53.2,127,0
09:27:01,37.9,52.3,56.4,146,106,32,30,51.2,137,0
09:28:01,48.7,55.1,52.0,150,112,34,21,42.6,121,0
09:29:01,58.3,48.4,57.1,107,146,30,23,43.1,130,0
09:30:01,32.3,49.0,53.7,130,146,36,29,43.9,135,0
09:31:01,45.1,52.2,56.7,125,112,22,28,43.3,144,0
09:32:01,50.3,50.4,56.4,122,80,37,27,43.6,131,0
09:33:01,35.7,48.9,50.8,102,119,32,28,47.8,134,0
09:34:01,55.3,47.1,51.9,157,116,29,19,54.8,140,0
09:35:01,56.7,47.3,50.9,135,109,27,22,53.0,148,0
09:36:01,55.9,54.4,50.8,155,86,30,15,44.1,146,0
09:37:01,48.6,57.8,52.0,167,108,29,27,47.2,146,0
09:38:01,46.1,53.8,55.6,175,118,24,23,47.2,128,0
09:39:01,55.9,51.8,58.4,121,99,21,23,46.8,122,0
09:40:01,49.5,53.0,54.0,106,91,36,16,50.9,134,0
09:41:01,52.2,55.1,57.3,113,134,40,27,50.7,132,0
09:42:01,49.3,51.3,59.5,152,139,24,15,51.7,136,0
09:43:01,34.0,55.1,53.8,143,86,40,29,46.3,142,0
09:44:01,32.9,56.7,50.7,160,105,35,20,53.4,114,0
09:45:01,32.0,53.5,58.2,148,100,27,21,46.4,137,0
09:46:01,35.7,45.5,52.9,180,100,37,23,46.3,127,0
09:47:01,38.2,56.8,60.0,113,91,28,19,53.5,123,0
09:48:01,40.1,59.2,53.9,161,141,25,26,43.2,113,0
09:49:01,42.6,57.4,52.8,122,84,27,16,42.3,135,0
09:50:01,37.1,49.4,51.2,145,121,34,27,53.1,129,0
09:51:01,56.8,55.3,59.4,112,108,23,29,53.4,138,0
09:52:01,55.7,48.9,53.6,164,145,24,17,53.0,129,0
09:53:01,42.4,49.5,53.5,170,128,40,17,42.8,129,0
09:54:01,50.5,47.7,54.3,110,91,32,22,45.3,141,0
09:55:01,56.2,53.2,60.0,153,101,20,27,51.5,144,0
09:56:01,31.9,57.7,54.5,156,113,28,17,49.4,128,0
09:57:01,41.5,58.8,53.6,137,141,21,24,50.3,150,0
09:58:01,34.6,55.3,57.7,107,139,28,29,52.6,118,0
09:59:01,36.1,58.9,58.1,122,80,32,23,49.2,141,0
10:00:01,44.3,53.7,50.1,151,111,35,17,46.3,124,0
10:01:01,50.1,46.4,54.2,178,83,20,17,53.8,145,0
10:02:01,59.1,58.5,55.8,107,117,29,19,46.6,134,0
10:03:01,38.3,59.0,56.6,143,141,26,30,46.0,136,0
10:04:01,31.6,55.6,59.4,175,104,29,20,54.9,127,0
10:05:01,41.9,54.4,52.7,166,139,28,21,48.6,138,0
10:06:01,53.9,52.7,54.3,144,127,35,26,51.3,115,0
10:07:01,42.1,47.4,50.9,123,112,24,15,43.9,129,0
10:08:01,54.5,47.7,57.4,136,106,38,16,47.2,112,0
10:09:01,34.5,46.7,58.7,134,142,32,27,42.6,128,0
10:10:01,45.0,56.0,50.8,125,95,24,17,44.0,124,0
10:11:01,48.5,59.2,55.1,162,141,21,18,49.0,135,0
10:12:01,41.4,59.7,52.4,163,108,35,17,52.1,140,0
10:13:01,42.0,45.1,54.9,132,106,37,29,48.8,119,0
10:14:01,57.8,59.2,54.3,124,124,25,19,46.5,149,0
10:15:01,93.1,99.9,60.6,1263,1135,869,315,76.9,411,1
10:16:01,41.3,54.8,53.4,158,147,39,26,51.7,143,0
10:17:01,40.7,51.0,59.2,164,130,39,28,54.6,140,0
10:18:01,40.0,59.3,57.4,134,131,29,27,46.2,149,0
10:19:01,37.6,58.4,50.8,138,93,35,23,45.0,139,0
10:20:01,49.0,49.1,55.1,111,144,23,23,52.3,135,0
10:21:01,99.6,87.1,62.5,1126,1228,527,430,80.7,512,1
10:22:01,41.2,49.8,54.9,139,81,32,15,52.6,117,0
10:23:01,48.3,49.8,56.7,133,104,21,15,53.4,140,0
10:24:01,51.0,50.7,51.5,120,121,34,16,45.6,129,0
10:25:01,52.9,56.6,56.1,144,148,26,17,42.5,110,0
10:26:01,51.1,49.0,55.1,154,115,27,21,43.9,131,0
10:27:01,52.7,59.3,55.0,138,89,20,23,53.1,147,0
10:28:01,37.9,50.2,50.1,107,86,33,30,54.7,146,0
10:29:01,39.1,59.2,56.0,114,102,33,15,53.0,150,0
10:30:01,34.8,52.9,52.4,121,89,37,25,50.6,128,0
10:31:01,40.6,57.0,56.4,145,104,35,21,50.3,143,0
10:32:01,89.1,98.7,52.2,1254,1017,564,474,80.6,565,1
10:33:01,34.1,55.6,50.9,115,120,33,17,44.9,149,0
10:34:01,40.6,58.7,53.3,175,98,20,29,49.9,117,0
10:35:01,54.9,57.5,50.2,162,149,31,28,45.0,111,0
10:36:01,56.6,45.5,52.7,168,125,22,30,45.3,110,0
10:37:01,45.8,57.6,51.9,123,122,24,27,48.1,144,0
10:38:01,34.8,57.8,50.8,109,128,25,20,42.3,142,0
10:39:01,56.2,46.4,56.0,159,81,27,17,52.7,147,0
10:40:01,48.0,54.4,56.3,178,119,27,16,53.0,119,0
10:41:01,98.4,89.3,68.1,1105,1385,678,690,92.7,517,1
10:42:01,58.8,46.7,52.4,145,137,37,16,52.3,145,0
10:43:01,47.5,48.5,57.5,143,111,23,22,46.1,123,0
10:44:01,88.2,99.2,64.0,1167,741,867,489,84.5,354,1
10:45:01,35.9,50.5,55.6,173,121,37,20,52.6,112,0
10:46:01,44.5,49.2,55.4,136,135,24,20,54.5,112,0
10:47:01,85.8,87.3,57.6,751,692,830,387,81.8,382,1
10:48:01,39.3,59.4,53.6,107,138,35,20,49.7,147,0
10:49:01,56.1,46.1,53.8,178,143,38,16,48.8,113,0
10:50:01,42.8,45.3,53.5,168,124,22,28,46.7,117,0
10:51:01,38.0,47.2,53.2,106,108,23,27,51.0,147,0
10:52:01,32.4,45.6,58.0,117,114,38,28,49.5,138,0
10:53:01,87.1,92.5,67.7,1466,1042,447,360,77.0,402,1
10:54:01,89.6,89.7,66.8,1273,1285,461,565,76.1,458,1
10:55:01,31.3,54.0,53.6,143,144,23,17,44.4,149,0
10:56:01,59.5,59.3,51.5,137,95,33,15,52.5,123,0
10:57:01,50.1,48.0,50.6,125,99,27,21,45.5,140,0
10:58:01,33.3,52.2,58.6,108,121,21,20,47.6,134,0
10:59:01,39.9,47.5,51.5,128,90,39,24,46.6,129,0
11:00:01,51.3,53.0,58.6,115,108,38,17,54.7,122,0
11:01:01,44.8,50.3,56.2,163,103,22,22,42.2,120,0
11:02:01,36.2,56.1,54.3,159,86,23,26,53.6,124,0
11:03:01,45.8,51.8,52.0,176,145,40,26,42.4,129,0
11:04:01,92.8,99.8,59.9,745,1340,792,531,91.1,570,1
11:05:01,32.9,57.8,52.2,133,82,25,17,46.9,111,0
11:06:01,50.5,50.7,58.3,111,148,22,22,48.5,119,0
11:07:01,47.4,48.0,51.2,159,146,34,23,46.0,124,0
11:08:01,35.4,47.9,57.2,105,84,32,16,54.2,135,0
11:09:01,36.4,55.4,56.1,106,85,34,29,51.3,114,0
11:10:01,32.6,50.2,55.6,161,116,33,30,53.5,127,0
11:11:01,31.3,48.2,51.7,126,109,37,19,42.9,134,0
11:12:01,52.3,57.1,52.6,103,98,29,25,42.2,141,0
11:13:01,36.8,53.9,56.2,106,134,31,22,51.7,113,0
11:14:01,38.0,52.1,52.6,126,92,38,26,45.0,141,0
11:15:01,86.2,95.0,68.7,1253,710,646,666,82.3,521,1
11:16:01,59.4,52.5,59.9,121,141,27,20,45.6,116,0
11:17:01,37.9,53.6,50.1,132,83,20,24,49.1,112,0
11:18:01,43.6,47.6,54.7,136,123,32,29,54.6,118,0
11:19:01,56.5,59.9,55.4,135,131,26,17,42.7,112,0
11:20:01,49.8,51.9,57.8,142,126,26,26,43.2,117,0
11:21:01,38.0,46.5,57.2,127,118,30,23,50.8,110,0
11:22:01,40.8,46.1,54.2,138,102,34,24,51.4,124,0
11:23:01,44.8,50.8,51.4,149,113,24,27,43.0,112,0
11:24:01,59.0,47.2,51.8,159,135,39,23,49.2,114,0
11:25:01,60.0,47.2,51.3,106,82,23,30,44.7,133,0
11:26:01,57.0,46.0,52.1,121,105,20,16,44.3,122,0
11:27:01,33.4,48.5,54.3,135,131,22,29,50.7,125,0
11:28:01,47.5,45.5,51.4,133,141,34,15,42.6,146,0
11:29:01,34.2,56.2,56.9,130,91,30,28,48.9,138,0
11:30:01,52.7,50.6,56.9,180,122,20,16,52.8,122,0
11:31:01,56.7,58.1,53.9,124,88,38,18,51.5,150,0
11:32:01,49.4,56.9,50.5,114,129,22,26,46.7,121,0
11:33:01,50.2,50.6,50.2,119,84,31,21,42.8,141,0
11:34:01,86.3,91.4,62.8,1141,817,700,758,76.9,534,1
11:35:01,42.8,54.1,54.5,142,105,30,20,52.1,112,0
11:36:01,31.1,56.5,58.8,136,119,25,25,44.7,118,0
11:37:01,59.7,56.2,55.4,139,116,23,19,52.1,142,0
11:38:01,59.1,51.6,53.2,171,134,24,21,50.3,148,0
11:39:01,59.9,47.8,50.8,180,117,20,29,54.1,143,0
11:40:01,39.8,59.9,50.3,151,100,22,25,48.8,132,0
11:41:01,58.9,54.2,56.9,146,138,21,22,51.2,114,0
11:42:01,46.5,49.5,51.5,180,108,38,16,46.9,113,0
11:43:01,57.8,59.9,55.1,124,144,39,18,46.3,126,0
11:44:01,50.0,55.8,50.1,119,127,32,23,48.9,130,0
11:45:01,39.2,54.5,54.0,157,148,22,25,54.5,131,0
11:46:01,45.9,57.7,59.2,178,147,37,21,47.3,143,0
11:47:01,39.5,56.0,57.5,106,141,30,22,49.7,144,0
11:48:01,33.0,45.0,58.8,126,90,35,25,54.3,112,0
11:49:01,34.2,53.1,59.5,139,108,31,20,53.2,129,0
11:50:01,51.7,49.2,59.1,178,141,32,24,47.6,140,0
11:51:01,45.7,55.0,56.3,123,129,34,15,51.1,127,0
11:52:01,35.6,50.1,50.3,142,92,22,30,42.7,140,0
11:53:01,51.4,56.1,50.6,178,95,29,17,46.0,116,0
11:54:01,32.3,59.2,54.0,147,138,40,28,42.8,138,0
11:55:01,93.9,94.2,67.5,1013,683,443,494,86.3,532,1
11:56:01,41.8,58.7,59.2,105,102,34,16,45.4,121,0
11:57:01,50.7,56.0,52.0,166,109,24,21,53.2,121,0
11:58:01,93.0,97.0,56.0,924,741,369,332,79.3,582,1
11:59:01,39.3,50.5,51.2,106,106,26,23,42.8,136,0
12:00:01,45.4,52.3,50.1,169,109,28,16,54.2,121,0
12:01:01,45.2,48.1,51.6,147,104,39,28,47.0,149,0
12:02:01,57.5,50.6,54.8,106,135,31,20,53.2,143,0
12:03:01,49.4,47.3,57.1,155,108,23,29,53.2,117,0
12:04:01,35.3,46.0,52.1,106,82,39,29,45.5,147,0
12:05:01,36.7,45.8,53.1,112,109,40,24,43.3,141,0
12:06:01,34.9,59.4,50.2,144,113,40,22,54.8,112,0
12:07:01,33.6,45.6,51.5,152,100,22,23,52.8,138,0
12:08:01,44.3,46.0,53.9,110,150,21,17,51.5,119,0
12:09:01,51.2,52.7,53.6,126,141,25,24,51.7,148,0
12:10:01,43.8,47.5,56.1,166,113,37,16,53.9,112,0
12:11:01,47.9,52.3,51.7,119,123,40,29,49.0,135,0
12:12:01,49.6,46.3,51.6,132,84,29,21,54.3,139,0
12:13:01,40.3,49.9,57.8,152,124,35,26,43.7,120,0
12:14:01,53.0,51.9,55.6,117,145,23,26,46.1,139,0
12:15:01,43.6,59.5,55.4,148,80,36,16,42.1,137,0
12:16:01,88.4,96.9,55.0,806,1062,557,537,78.9,412,1
12:17:01,44.8,47.7,52.2,174,133,36,23,42.6,140,0
12:18:01,58.9,59.8,58.8,156,131,35,25,51.2,140,0
12:19:01,38.9,49.1,57.3,106,111,22,21,48.7,134,0
12:20:01,45.8,46.1,58.8,171,121,30,23,49.0,130,0
12:21:01,45.8,47.5,51.0,136,144,36,27,45.6,142,0
12:22:01,54.7,58.9,57.8,178,123,29,20,42.5,124,0
12:23:01,42.3,57.3,53.0,174,108,32,27,54.3,143,0
12:24:01,58.9,55.6,58.0,131,145,26,15,55.0,129,0
12:25:01,50.3,54.7,52.6,160,86,29,28,50.9,142,0
12:26:01,49.6,52.3,51.9,159,131,39,18,48.0,141,0
12:27:01,59.1,49.4,52.1,165,114,37,17,51.9,114,0
12:28:01,51.1,49.7,57.9,150,87,34,26,46.8,110,0
12:29:01,41.4,52.5,55.0,176,125,23,23,43.3,135,0
12:30:01,36.1,47.3,58.9,129,140,37,19,51.5,149,0
12:31:01,54.8,53.5,54.5,170,147,20,16,53.7,112,0
12:32:01,47.1,57.4,52.9,125,104,29,18,51.6,133,0
12:33:01,44.7,52.1,55.0,152,92,21,27,51.0,122,0
12:34:01,49.7,53.6,52.3,150,108,28,25,45.4,138,0
12:35:01,58.0,48.8,53.1,121,100,40,25,53.2,113,0
12:36:01,53.9,51.8,59.4,106,137,31,16,43.2,110,0
12:37:01,53.7,56.4,50.2,174,142,32,30,44.8,124,0
12:38:01,44.5,48.1,52.4,133,140,31,21,44.1,135,0
12:39:01,86.5,87.2,55.1,761,768,428,372,83.5,390,1
12:40:01,54.7,51.1,54.6,137,87,31,30,51.6,135,0
12:41:01,51.7,46.8,52.7,144,91,38,23,43.7,141,0
12:42:01,44.5,48.1,50.7,105,127,24,22,51.3,139,0
12:43:01,99.8,85.6,64.8,954,923,499,492,93.4,419,1
12:44:01,31.6,51.9,57.8,115,124,38,26,54.2,142,0
12:45:01,37.2,45.7,57.4,141,106,40,17,50.6,122,0
12:46:01,56.8,46.7,56.4,145,94,20,25,46.6,139,0
12:47:01,53.8,52.9,54.5,145,103,32,15,42.3,113,0
12:48:01,33.1,45.3,53.9,172,97,22,27,44.4,116,0
12:49:01,31.1,48.5,54.4,128,125,32,25,53.4,150,0
12:50:01,48.4,47.7,52.1,158,101,25,25,43.1,139,0
12:51:01,55.6,56.5,55.8,100,100,31,26,49.9,142,0
12:52:01,54.9,55.3,55.9,168,144,28,23,52.6,126,0
12:53:01,95.7,96.7,69.8,1130,1136,806,346,77.2,512,1
12:54:01,46.2,46.0,56.0,146,90,40,25,42.5,142,0
12:55:01,34.3,47.7,56.3,151,108,26,22,50.8,142,0
12:56:01,43.8,51.4,51.2,162,133,30,21,47.4,148,0
12:57:01,38.8,58.5,55.2,168,142,40,28,53.7,140,0
12:58:01,40.7,53.2,51.2,166,111,30,19,52.1,128,0
12:59:01,57.2,50.5,58.9,111,134,22,30,48.2,143,0
13:00:01,59.4,50.3,52.9,135,113,24,23,44.6,141,0
13:01:01,56.7,55.0,54.2,131,95,22,17,53.1,114,0
13:02:01,36.0,59.4,51.5,137,128,39,15,44.2,122,0
13:03:01,88.7,86.8,55.0,1247,1220,520,746,85.1,355,1
13:04:01,38.7,51.1,55.3,105,82,29,18,44.9,121,0
13:05:01,54.8,52.5,59.9,142,97,21,18,54.3,148,0
13:06:01,44.7,48.4,54.4,173,125,26,17,53.2,139,0
13:07:01,52.3,51.4,54.1,102,92,38,26,46.5,140,0
13:08:01,50.9,58.0,59.7,169,81,33,29,51.9,110,0
13:09:01,30.5,50.3,59.8,177,92,40,30,44.5,140,0
13:10:01,39.6,47.0,50.2,171,112,24,30,46.4,115,0
13:11:01,51.8,53.1,52.9,153,141,39,21,49.9,146,0
13:12:01,30.2,47.2,53.8,139,101,22,29,42.4,137,0
13:13:01,41.3,48.6,53.0,147,127,23,29,48.7,139,0
13:14:01,43.7,45.7,53.1,143,111,25,25,44.4,110,0
13:15:01,48.0,56.6,50.0,179,138,31,26,50.8,142,0
13:16:01,35.6,48.3,56.3,130,101,34,22,54.0,119,0
13:17:01,37.2,50.3,58.3,159,97,37,21,48.5,122,0
13:18:01,31.8,50.2,57.1,142,118,22,30,52.6,129,0
13:19:01,93.3,89.6,59.2,705,826,498,418,81.7,412,1
13:20:01,54.8,46.7,58.4,155,89,32,16,47.9,110,0
13:21:01,53.4,51.7,55.6,120,150,38,16,53.8,147,0
13:22:01,59.5,53.4,59.1,123,141,29,20,45.1,131,0
13:23:01,48.5,49.3,57.5,151,143,24,25,46.7,120,0
13:24:01,54.6,56.1,57.8,170,80,36,24,48.4,134,0
13:25:01,49.1,49.1,58.3,131,135,33,30,44.2,126,0
13:26:01,43.6,58.4,54.2,122,142,28,30,46.7,111,0
13:27:01,47.7,46.4,55.9,169,122,27,22,44.6,110,0
13:28:01,49.0,51.8,50.7,151,117,32,25,53.1,143,0
13:29:01,32.6,54.7,57.0,172,100,31,15,44.9,136,0
13:30:01,52.0,48.6,52.3,128,118,40,25,53.0,136,0
13:31:01,59.8,57.8,50.8,176,126,35,29,53.9,115,0
13:32:01,46.4,57.2,54.4,174,128,38,23,42.9,117,0
13:33:01,49.1,45.0,59.7,166,106,26,26,50.1,126,0
13:34:01,53.9,59.2,50.6,159,84,30,27,46.7,143,0
13:35:01,43.7,59.4,58.5,164,107,38,15,53.5,114,0
13:36:01,30.6,52.3,55.1,135,95,25,27,48.5,148,0
13:37:01,53.0,54.0,58.2,122,135,36,26,54.6,114,0
13:38:01,32.6,50.2,55.8,139,128,27,26,52.0,139,0
13:39:01,33.3,50.7,51.9,140,131,28,25,49.0,148,0
13:40:01,50.0,49.6,58.7,119,107,32,30,50.5,120,0
13:41:01,35.3,45.3,57.2,172,88,33,25,42.4,145,0
13:42:01,30.5,55.8,53.8,120,101,33,20,54.5,121,0
13:43:01,44.0,49.6,53.5,146,115,31,28,42.2,130,0
13:44:01,33.1,51.3,55.6,178,97,22,28,49.6,142,0
13:45:01,41.8,52.8,51.5,111,136,40,23,51.8,150,0
13:46:01,45.6,48.5,56.5,108,121,33,20,50.2,113,0
13:47:01,40.1,58.2,53.3,138,136,32,17,47.1,143,0
13:48:01,92.8,91.4,66.1,1049,1240,595,459,80.1,477,1
13:49:01,32.1,49.6,51.2,143,103,24,16,46.5,126,0
13:50:01,49.8,58.3,51.8,176,116,32,18,49.2,150,0
13:51:01,37.6,45.2,59.9,146,129,31,21,50.5,116,0
13:52:01,33.4,52.6,51.2,163,135,21,17,53.0,114,0
13:53:01,52.5,57.1,53.3,109,124,40,26,48.4,123,0
13:54:01,55.3,51.3,50.2,113,92,31,25,51.1,149,0
13:55:01,53.2,58.0,52.2,168,89,34,20,52.3,141,0
13:56:01,43.1,52.6,54.2,158,125,33,15,47.8,138,0
13:57:01,36.6,45.3,50.4,169,121,36,24,47.2,117,0
13:58:01,50.4,58.4,59.9,118,147,32,20,42.4,146,0
13:59:01,32.3,50.7,51.9,116,95,37,16,54.0,131,0
14:00:01,46.1,45.9,59.0,163,146,27,23,51.7,128,0
14:01:01,38.1,50.3,55.2,160,92,29,20,53.7,119,0
14:02:01,35.4,48.3,58.0,122,114,21,22,51.1,131,0
14:03:01,50.9,46.0,57.0,166,113,38,29,52.1,145,0
14:04:01,52.3,55.8,51.5,143,94,35,15,43.7,137,0
14:05:01,89.1,98.0,52.6,1070,1220,719,346,76.5,420,1
14:06:01,31.1,54.2,50.6,135,97,27,25,53.5,113,0
14:07:01,54.9,58.3,54.1,152,112,33,16,42.0,144,0
14:08:01,93.0,85.2,52.9,1126,960,420,317,79.2,544,1
14:09:01,42.4,53.3,51.1,176,90,27,19,49.0,130,0
14:10:01,46.1,47.0,59.4,166,81,37,20,46.6,143,0
14:11:01,38.9,48.4,50.2,149,145,22,24,52.9,135,0
14:12:01,57.5,51.6,55.6,160,107,32,27,45.0,144,0
14:13:01,30.3,49.6,55.5,118,127,30,26,49.6,148,0
14:14:01,38.2,52.1,59.4,141,116,36,15,50.9,140,0
14:15:01,32.6,51.9,55.3,151,85,21,21,52.5,121,0
14:16:01,49.0,50.6,55.0,141,95,27,26,43.9,145,0
14:17:01,45.5,59.3,55.6,101,108,22,19,42.2,139,0
14:18:01,32.7,59.3,56.7,159,137,29,26,53.9,145,0
14:19:01,40.6,46.1,59.2,164,145,27,29,47.9,122,0
14:20:01,90.0,91.6,52.4,973,918,542,426,87.3,422,1
14:21:01,33.8,51.0,57.7,175,138,35,26,50.7,144,0
14:22:01,92.4,97.1,63.8,859,817,611,585,90.7,424,1
14:23:01,34.5,52.8,54.8,112,118,34,22,45.6,111,0
14:24:01,37.7,48.5,58.0,172,145,37,19,42.5,119,0
14:25:01,44.1,50.6,51.4,146,122,29,24,54.3,132,0
14:26:01,36.4,45.2,54.4,109,128,37,28,49.6,146,0
14:27:01,44.4,45.4,56.6,103,134,23,25,49.7,135,0
14:28:01,48.6,47.3,56.7,180,116,27,19,52.4,136,0
14:29:01,54.2,47.7,60.0,116,145,40,24,51.6,117,0
14:30:01,30.9,47.3,56.1,163,111,39,22,50.5,120,0
14:31:01,30.0,53.5,51.5,101,148,29,22,48.0,118,0
14:32:01,33.9,46.8,56.5,103,91,36,16,50.9,110,0
14:33:01,54.9,47.5,54.4,127,145,28,15,48.4,147,0
14:34:01,42.9,48.8,52.8,147,103,30,26,52.2,110,0
14:35:01,43.6,55.4,58.3,155,117,37,26,49.1,144,0
14:36:01,32.1,52.5,50.1,157,101,20,30,47.8,122,0
14:37:01,41.9,53.4,55.5,147,136,23,29,42.8,131,0
14:38:01,38.1,49.5,58.9,107,146,35,30,46.0,125,0
14:39:01,46.3,55.2,52.2,156,116,28,27,46.1,147,0
14:40:01,37.7,49.1,53.2,168,85,29,19,43.1,138,0
14:41:01,49.4,51.9,52.8,119,143,40,18,44.4,133,0
14:42:01,42.7,49.9,54.8,113,121,29,15,45.3,144,0
14:43:01,55.6,51.4,50.1,173,114,31,16,42.4,119,0
14:44:01,38.4,50.6,58.2,158,82,27,22,48.4,114,0
14:45:01,58.6,49.1,53.0,148,122,29,27,54.6,135,0
14:46:01,50.9,46.4,57.0,131,89,32,25,54.7,135,0
14:47:01,57.8,58.3,58.3,179,150,30,20,42.5,150,0
14:48:01,54.0,46.8,51.0,129,108,32,28,54.2,115,0
14:49:01,40.3,52.4,59.8,169,141,32,30,43.8,142,0
14:50:01,44.4,45.7,53.1,176,83,37,16,50.1,150,0
14:51:01,54.9,56.8,56.7,104,82,40,18,45.4,145,0
14:52:01,36.9,52.7,55.5,166,80,39,26,45.8,138,0
14:53:01,37.2,45.8,56.4,169,146,37,15,53.6,126,0
14:54:01,50.6,49.5,56.7,150,126,31,21,48.9,142,0
14:55:01,35.5,56.3,53.8,167,85,39,27,50.4,125,0
14:56:01,50.0,49.6,51.3,160,122,33,20,43.4,110,0
14:57:01,54.1,59.7,59.2,106,142,23,17,46.0,141,0
14:58:01,44.1,50.4,57.9,159,146,30,15,42.6,145,0
14:59:01,41.4,46.8,53.7,135,140,33,26,52.3,125,0
15:00:01,46.3,57.3,54.6,147,142,35,26,52.6,125,0
15:01:01,46.4,47.2,53.8,116,111,37,17,52.8,120,0
15:02:01,33.9,48.2,54.7,117,114,23,23,49.5,131,0
15:03:01,53.7,51.7,58.3,151,149,34,28,49.6,143,0
15:04:01,52.5,49.0,50.9,172,143,31,29,49.6,149,0
15:05:01,97.2,89.4,63.6,1017,778,533,329,94.4,557,1
15:06:01,52.4,48.1,57.7,170,122,29,30,51.0,125,0
15:07:01,43.3,47.9,59.8,111,90,31,15,45.7,110,0
15:08:01,98.5,88.9,62.0,1389,970,888,426,82.1,396,1
15:09:01,44.7,45.5,51.8,105,118,22,24,45.2,113,0
15:10:01,58.5,47.2,57.8,102,107,32,20,50.2,138,0
15:11:01,53.5,51.0,57.8,102,126,27,22,49.3,128,0
15:12:01,43.7,48.8,50.2,113,99,36,29,51.3,122,0
15:13:01,59.9,57.9,55.3,165,127,40,17,44.6,128,0
15:14:01,34.8,58.3,52.4,164,129,28,22,48.1,110,0
15:15:01,47.5,58.6,53.4,131,91,38,27,47.2,115,0
15:16:01,50.7,57.9,58.5,152,108,40,26,45.1,139,0
15:17:01,35.9,48.8,59.7,179,81,27,18,49.7,128,0
15:18:01,51.6,47.1,55.3,145,131,26,23,42.8,115,0
15:19:01,59.7,55.2,55.5,160,107,23,20,50.2,131,0
15:20:01,59.3,51.4,58.9,134,124,22,28,43.2,135,0
15:21:01,92.4,86.3,68.1,925,967,799,768,77.4,582,1
15:22:01,58.4,52.6,51.1,178,115,27,17,49.6,110,0
15:23:01,33.5,51.5,55.2,128,104,37,18,44.8,115,0
15:24:01,53.7,51.5,56.5,149,82,23,29,51.6,112,0
15:25:01,31.3,47.2,53.5,104,97,30,28,43.9,116,0
15:26:01,40.8,47.0,58.4,177,130,26,28,46.5,127,0
15:27:01,49.5,58.3,57.0,169,80,37,21,50.7,146,0
15:28:01,48.4,48.4,53.5,109,131,35,30,50.1,112,0
15:29:01,56.7,56.5,58.6,177,84,32,20,42.9,123,0
15:30:01,53.4,47.3,56.8,125,101,22,29,51.5,137,0
15:31:01,43.8,53.7,50.8,168,137,27,17,54.0,117,0
15:32:01,45.0,54.8,52.1,109,104,29,22,52.6,142,0
15:33:01,46.4,55.5,51.1,114,118,29,25,50.6,121,0
15:34:01,46.5,48.7,56.6,128,83,25,16,42.8,129,0
15:35:01,43.7,58.7,56.8,156,84,29,21,44.1,115,0
15:36:01,41.8,56.0,53.8,153,88,37,22,51.7,124,0
15:37:01,53.1,56.7,55.0,155,85,37,25,49.3,120,0
15:38:01,49.9,53.0,52.6,115,90,39,20,46.6,125,0
15:39:01,50.0,54.6,57.4,151,101,27,27,47.9,111,0
15:40:01,49.7,45.5,53.5,106,98,36,28,43.1,141,0
15:41:01,30.6,46.9,51.8,153,127,30,19,44.6,119,0
15:42:01,41.2,46.8,54.2,172,134,28,29,54.1,148,0
15:43:01,50.0,45.5,50.3,171,100,24,18,49.2,127,0
15:44:01,37.1,51.3,59.3,136,116,38,29,54.6,133,0
15:45:01,47.3,55.9,58.2,162,80,36,17,44.7,117,0
15:46:01,41.2,57.5,51.3,171,131,35,17,50.0,112,0
15:47:01,58.4,56.3,57.7,103,108,30,19,48.7,139,0
15:48:01,42.1,52.1,55.1,134,105,33,28,49.5,118,0
15:49:01,46.6,47.2,57.6,126,108,26,22,45.4,140,0
15:50:01,48.6,55.0,59.6,168,109,25,26,46.4,145,0
15:51:01,40.8,51.2,51.2,166,105,27,30,53.5,120,0
15:52:01,50.0,55.3,50.7,109,102,28,19,42.1,127,0
15:53:01,47.2,50.4,56.0,175,147,37,20,45.5,146,0
15:54:01,52.3,52.0,58.8,155,116,31,27,44.5,140,0
15:55:01,52.7,45.9,53.7,116,92,36,25,53.2,145,0
15:56:01,46.1,52.9,55.0,168,95,38,19,45.2,139,0
15:57:01,55.0,48.7,51.0,135,125,37,21,43.9,110,0
15:58:01,30.9,57.0,50.9,139,144,25,19,49.7,121,0
15:59:01,54.0,56.1,54.0,164,109,39,24,46.6,117,0
16:00:01,42.8,52.6,54.2,156,139,38,21,48.3,141,0
16:01:01,48.3,57.6,57.7,149,90,23,15,48.9,126,0
16:02:01,37.5,55.8,55.3,109,109,38,20,42.6,129,0
16:03:01,45.2,58.5,51.4,144,80,29,24,51.5,136,0
16:04:01,43.3,45.2,59.2,160,109,35,19,54.7,113,0
16:05:01,51.4,54.4,56.3,122,110,30,18,52.2,136,0
16:06:01,31.0,53.9,50.4,127,124,27,21,54.5,142,0
16:07:01,33.3,45.8,59.6,170,130,38,30,52.4,120,0
16:08:01,59.8,46.7,51.8,101,87,30,21,51.0,146,0
16:09:01,52.9,55.3,55.1,106,93,21,22,48.8,140,0
16:10:01,32.8,48.3,57.3,136,143,36,19,46.0,135,0
16:11:01,53.0,60.0,54.0,160,104,22,23,53.6,139,0
16:12:01,36.8,46.7,50.9,135,111,23,22,42.2,123,0
16:13:01,51.3,55.7,54.4,114,98,39,18,54.3,114,0
16:14:01,30.9,49.5,51.5,117,115,23,20,54.8,146,0
16:15:01,47.6,56.3,53.2,159,83,37,26,48.2,117,0
16:16:01,34.5,49.8,54.7,141,137,32,23,51.8,127,0
16:17:01,46.5,47.1,56.7,135,82,37,17,47.1,126,0
16:18:01,50.0,50.2,50.4,145,146,35,28,48.8,148,0
16:19:01,30.9,59.9,55.8,131,85,38,29,47.4,115,0
16:20:01,47.2,52.0,59.5,143,132,22,22,42.6,135,0
16:21:01,35.8,48.8,55.0,165,127,40,22,50.5,136,0
16:22:01,30.7,50.3,52.6,106,84,21,27,42.1,115,0
16:23:01,35.1,48.8,50.9,118,123,25,18,49.0,142,0
16:24:01,46.3,55.3,52.1,126,106,21,25,47.1,121,0
16:25:01,46.8,52.2,55.7,146,136,28,29,46.0,148,0
16:26:01,38.7,59.1,53.3,165,140,20,19,43.1,133,0
16:27:01,44.6,57.3,50.4,180,125,31,29,52.6,112,0
16:28:01,47.7,45.9,55.6,154,122,26,23,54.1,139,0
16:29:01,44.9,57.3,51.2,151,142,20,18,48.5,148,0
16:30:01,36.0,49.8,56.8,136,128,29,28,47.5,117,0
16:31:01,51.0,49.8,50.4,170,111,31,28,53.4,130,0
16:32:01,34.2,47.6,52.8,174,105,27,16,43.1,142,0
16:33:01,93.9,88.5,54.6,1480,1076,715,378,91.2,541,1
16:34:01,35.2,56.6,52.1,175,81,33,22,50.5,120,0
16:35:01,94.2,96.8,55.6,1159,1123,701,414,92.3,402,1
16:36:01,49.1,50.9,52.2,108,122,34,20,45.5,139,0
16:37:01,37.3,58.3,57.2,118,82,25,21,50.6,135,0
16:38:01,92.9,90.0,59.2,1458,1073,824,304,81.4,484,1
16:39:01,97.0,87.8,53.4,999,1058,763,657,82.1,575,1
16:40:01,43.6,57.6,51.4,149,130,25,30,52.2,132,0
16:41:01,59.0,46.8,54.9,118,129,32,15,48.9,110,0
16:42:01,48.1,56.7,53.3,161,123,26,30,46.1,134,0
16:43:01,59.3,57.2,52.9,127,123,29,29,50.3,123,0
16:44:01,51.2,53.1,54.2,117,138,26,28,42.5,132,0
16:45:01,59.8,46.9,51.0,148,142,38,15,49.4,117,0
16:46:01,94.3,92.3,56.7,758,1017,523,418,91.2,399,1
16:47:01,31.9,49.6,53.7,108,91,21,21,44.1,123,0
16:48:01,36.2,59.4,52.0,116,98,40,17,53.0,138,0
16:49:01,51.1,52.1,50.5,108,138,23,20,47.3,133,0
16:50:01,59.8,55.6,54.1,171,148,34,27,49.8,130,0
16:51:01,48.6,54.0,52.6,129,81,40,19,42.0,122,0
16:52:01,38.5,56.2,55.6,133,136,31,25,50.1,137,0
16:53:01,54.9,53.3,57.0,153,91,33,19,45.5,131,0
16:54:01,42.6,56.5,54.3,124,83,40,16,50.7,127,0
16:55:01,60.0,59.9,57.9,159,144,39,28,52.5,115,0
16:56:01,58.6,45.6,58.9,128,104,38,23,43.2,148,0
16:57:01,30.3,45.9,57.9,128,149,25,17,52.2,127,0
16:58:01,54.3,51.6,55.3,103,129,32,30,44.2,124,0
16:59:01,31.7,59.3,55.3,105,117,34,26,51.8,145,0
17:00:01,48.5,48.8,57.2,109,110,40,22,52.8,137,0
17:01:01,31.5,58.6,58.5,142,111,24,25,49.6,129,0
17:02:01,96.6,87.9,53.4,1479,1305,860,748,88.9,600,1
17:03:01,38.2,51.4,52.6,176,105,26,23,49.7,147,0
17:04:01,52.0,58.2,59.3,110,90,39,30,47.5,140,0
17:05:01,58.2,47.2,57.5,126,119,26,25,54.4,125,0
17:06:01,48.2,46.7,58.5,171,113,30,19,48.4,149,0
17:07:01,55.6,57.3,57.2,155,144,38,20,52.9,145,0
17:08:01,39.8,52.8,58.1,141,132,33,15,47.9,119,0
17:09:01,41.0,48.3,52.3,113,124,27,24,54.8,121,0
17:10:01,53.0,52.3,52.5,129,112,27,25,48.3,118,0
17:11:01,43.0,50.9,52.9,156,128,40,19,53.0,131,0
17:12:01,37.0,52.1,54.7,108,97,27,26,43.1,133,0
17:13:01,40.9,52.8,53.0,175,131,21,22,51.4,146,0
17:14:01,36.4,51.4,56.3,172,137,36,16,46.3,132,0
17:15:01,45.0,55.1,54.5,138,145,20,26,46.7,148,0
17:16:01,59.9,53.5,57.1,119,119,23,20,44.3,118,0
17:17:01,38.5,57.3,52.4,122,136,36,18,51.1,120,0
17:18:01,38.6,55.2,56.4,151,137,31,19,42.0,116,0
17:19:01,45.3,47.6,58.5,153,101,39,15,47.7,125,0
17:20:01,49.4,58.0,50.7,111,105,32,18,44.5,110,0
17:21:01,42.6,55.7,56.2,159,123,32,29,50.5,123,0
17:22:01,48.2,48.6,59.4,180,87,34,30,44.1,126,0
17:23:01,53.2,45.1,54.4,180,106,21,26,43.8,124,0
17:24:01,93.6,88.6,61.2,1333,864,756,766,83.0,515,1
17:25:01,52.8,56.6,56.6,121,140,38,21,53.3,131,0
17:26:01,54.9,58.0,53.2,151,103,30,20,45.3,117,0
17:27:01,85.1,85.3,53.6,887,1088,477,494,79.3,391,1
17:28:01,36.9,52.8,57.9,102,119,22,28,44.2,147,0
17:29:01,45.5,57.2,50.1,137,114,36,28,45.9,125,0
17:30:01,33.3,47.9,56.3,103,101,22,23,48.9,150,0
17:31:01,53.8,48.8,54.3,140,144,27,21,48.1,134,0
17:32:01,54.5,53.3,51.5,139,127,32,29,43.4,136,0
17:33:01,55.4,51.7,50.5,137,119,25,22,53.8,144,0
17:34:01,59.0,57.8,58.9,128,148,32,27,50.5,134,0
17:35:01,58.0,57.9,57.4,122,145,32,17,48.3,115,0
17:36:01,50.0,57.9,54.9,109,108,40,15,50.9,122,0
17:37:01,49.5,48.3,51.7,138,89,25,21,44.9,141,0
17:38:01,93.5,91.9,61.0,978,896,355,768,91.6,503,1
17:39:01,41.5,54.2,53.7,123,135,32,16,43.8,130,0
17:40:01,49.6,54.1,57.4,108,94,36,17,49.8,142,0
17:41:01,37.4,55.8,58.5,108,127,28,24,47.6,150,0
17:42:01,35.4,53.7,56.5,165,139,24,23,52.3,137,0
17:43:01,40.8,49.4,52.4,109,131,28,26,52.3,142,0
17:44:01,47.7,52.3,59.5,149,99,23,16,42.1,111,0
17:45:01,56.5,46.9,53.3,103,97,27,23,54.3,130,0
17:46:01,42.5,52.9,58.7,175,131,24,30,48.9,133,0
17:47:01,58.4,51.2,51.1,104,132,26,21,47.2,139,0
17:48:01,41.0,57.1,58.9,172,89,30,15,44.8,147,0
17:49:01,30.2,58.9,58.8,168,118,31,25,43.0,134,0
17:50:01,52.8,46.3,55.1,175,123,40,25,44.9,137,0
17:51:01,33.1,52.2,55.9,102,105,27,21,52.2,132,0
17:52:01,53.2,47.2,51.1,145,147,36,28,51.3,146,0
17:53:01,35.5,58.4,55.7,149,83,30,20,50.3,116,0
17:54:01,31.7,49.8,59.9,152,140,31,29,54.4,139,0
17:55:01,37.8,55.7,50.4,145,81,29,21,45.6,137,0
17:56:01,94.6,86.6,67.5,935,710,499,790,75.5,360,1
17:57:01,39.6,51.8,52.1,173,89,22,20,43.1,128,0
17:58:01,44.8,50.4,55.9,106,150,35,24,44.6,124,0
17:59:01,35.8,49.9,58.7,171,101,23,16,48.1,143,0
18:00:01,59.3,58.4,54.9,125,147,34,18,51.7,134,0
18:01:01,33.8,55.5,52.2,148,138,38,19,52.7,118,0
18:02:01,56.4,49.3,59.0,167,87,28,20,46.1,129,0
18:03:01,57.4,57.9,51.3,143,97,21,22,50.6,143,0
18:04:01,59.6,58.0,52.7,123,103,25,24,43.4,118,0
18:05:01,46.7,57.3,57.5,100,124,21,17,52.8,135,0
18:06:01,49.5,47.8,57.3,130,106,33,21,53.9,127,0
18:07:01,43.5,55.5,50.9,104,110,25,23,48.0,148,0
18:08:01,30.9,56.4,57.0,178,88,38,18,45.8,141,0
18:09:01,56.2,57.9,50.3,168,137,31,26,52.5,119,0
18:10:01,41.0,56.4,54.5,159,143,32,17,42.3,140,0
18:11:01,48.1,56.8,56.8,115,122,35,18,54.0,141,0
18:12:01,51.1,58.5,53.3,101,139,30,18,45.6,114,0
18:13:01,32.2,54.6,58.5,120,101,34,16,50.4,138,0
18:14:01,48.6,57.4,51.4,164,110,39,21,47.8,136,0
18:15:01,30.4,48.9,59.5,144,91,28,16,45.1,134,0
18:16:01,33.1,52.9,50.4,162,98,33,16,48.8,129,0
18:17:01,37.7,59.7,57.9,147,135,33,23,52.2,131,0
18:18:01,49.9,50.5,55.4,163,147,32,23,45.2,111,0
18:19:01,40.6,53.0,51.0,139,114,22,19,42.6,113,0
18:20:01,45.5,48.2,58.5,104,131,37,29,51.0,112,0
18:21:01,93.5,88.7,62.2,708,1208,377,637,92.4,516,1
18:22:01,55.0,59.9,58.4,161,132,40,30,47.2,119,0
18:23:01,52.4,52.0,58.6,160,138,37,21,49.8,145,0
18:24:01,38.6,52.9,56.7,141,90,39,25,54.7,142,0
18:25:01,51.1,57.9,55.0,106,104,31,20,46.4,118,0
18:26:01,39.8,51.0,52.6,101,117,40,16,42.4,138,0
18:27:01,33.4,45.8,51.4,115,138,32,30,51.8,112,0
18:28:01,50.1,47.2,52.3,115,139,25,21,54.4,132,0
18:29:01,32.8,48.9,57.0,166,100,40,21,51.1,136,0
18:30:01,33.4,51.4,56.0,143,117,26,19,49.0,119,0
18:31:01,44.1,51.6,53.5,128,81,21,29,54.4,138,0
18:32:01,36.1,50.8,59.3,149,83,24,18,45.2,117,0
18:33:01,51.7,55.3,57.4,125,142,34,18,43.0,130,0
18:34:01,32.1,50.1,58.2,175,108,28,23,42.0,120,0
18:35:01,45.5,46.8,57.1,106,100,30,24,44.7,130,0
18:36:01,55.0,47.9,53.2,172,132,34,22,54.9,135,0
18:37:01,57.4,49.4,55.9,125,146,28,16,46.2,124,0
18:38:01,34.8,59.3,54.1,166,111,25,21,43.6,115,0
18:39:01,40.4,48.3,56.4,119,80,27,17,54.7,131,0
18:40:01,46.5,53.5,51.3,156,102,35,15,42.7,112,0
18:41:01,54.1,48.9,53.4,134,113,26,22,45.2,114,0
18:42:01,96.6,85.7,56.8,770,1196,363,501,88.2,381,1
18:43:01,36.7,54.9,56.9,162,136,27,30,50.7,117,0
18:44:01,59.9,53.3,56.2,174,135,39,30,48.2,139,0
18:45:01,94.6,97.8,68.0,1149,1262,814,773,89.5,455,1
18:46:01,52.7,45.4,51.4,141,116,33,21,52.5,138,0
18:47:01,46.6,56.9,51.1,149,133,37,18,54.4,110,0
18:48:01,42.5,47.6,58.8,174,111,36,28,48.8,134,0
18:49:01,40.3,49.9,55.5,110,133,33,20,53.9,146,0
18:50:01,44.8,56.3,57.5,158,139,25,30,44.8,126,0
18:51:01,53.3,49.7,53.5,100,150,33,19,46.6,139,0
18:52:01,33.2,46.9,50.3,141,150,31,15,53.7,144,0
18:53:01,98.5,86.1,69.0,1407,1081,769,574,80.2,574,1
18:54:01,31.5,58.6,57.9,103,141,31,27,53.3,119,0
18:55:01,97.7,91.8,60.7,1193,948,607,414,85.1,575,1
18:56:01,30.1,47.0,55.6,157,86,28,15,50.4,137,0
18:57:01,37.0,48.9,58.3,140,150,35,27,43.4,122,0
18:58:01,34.2,52.1,57.0,123,112,27,30,51.5,113,0
18:59:01,39.9,48.6,53.6,152,127,37,25,45.8,110,0
19:00:01,34.8,45.6,50.6,114,99,20,19,50.1,149,0
19:01:01,34.3,48.5,57.0,166,111,22,17,49.9,127,0
19:02:01,59.2,49.2,58.4,139,116,34,23,54.5,146,0
19:03:01,41.3,53.5,59.1,117,87,28,23,43.0,143,0
19:04:01,30.2,53.7,52.7,150,116,31,28,44.7,140,0
19:05:01,34.9,45.2,50.9,168,140,30,28,51.5,115,0
19:06:01,54.6,55.5,51.2,161,110,30,21,45.7,149,0
19:07:01,55.5,45.4,57.7,179,112,33,20,44.5,146,0
19:08:01,53.8,51.4,52.8,122,109,32,29,53.6,121,0
19:09:01,40.2,46.7,55.5,143,113,28,27,47.6,147,0
19:10:01,41.6,51.4,54.3,178,107,29,19,49.5,145,0
19:11:01,45.6,52.4,56.8,174,80,35,25,48.6,142,0
19:12:01,44.1,50.9,59.6,132,119,40,26,54.2,118,0
19:13:01,33.2,47.7,51.7,140,139,22,16,51.1,147,0
19:14:01,50.7,51.6,55.8,167,136,37,27,47.0,127,0
19:15:01,40.2,45.4,56.6,104,141,24,15,44.7,146,0
19:16:01,34.4,55.3,52.1,116,89,34,30,45.4,117,0
19:17:01,31.6,51.8,55.0,149,133,25,18,51.2,115,0
19:18:01,54.1,59.6,58.2,134,136,31,18,44.1,139,0
19:19:01,33.4,55.1,52.9,158,121,23,20,50.0,122,0
19:20:01,54.1,54.9,52.6,122,112,31,18,54.6,142,0
19:21:01,95.1,94.1,60.5,715,842,501,330,92.2,395,1
19:22:01,53.7,53.0,50.5,166,120,35,25,51.3,112,0
19:23:01,57.5,45.5,59.8,127,125,30,28,50.1,127,0
19:24:01,58.1,48.1,51.3,143,133,25,18,53.3,150,0
19:25:01,58.2,56.6,57.6,151,95,39,22,42.1,150,0
19:26:01,47.8,47.0,57.0,139,114,20,16,51.5,140,0
19:27:01,59.0,53.7,59.1,119,81,37,15,51.5,136,0
19:28:01,57.1,47.5,58.5,125,150,40,19,54.5,130,0
19:29:01,32.6,57.7,52.9,180,92,24,15,47.5,134,0
19:30:01,48.4,54.6,58.5,110,135,40,25,53.5,127,0
19:31:01,47.2,59.2,54.8,117,108,37,24,50.8,116,0
19:32:01,43.8,50.0,53.8,172,134,35,15,49.5,137,0
19:33:01,92.8,85.4,67.6,1390,702,712,590,91.5,541,1
19:34:01,51.8,59.1,57.6,123,94,21,21,53.2,142,0
19:35:01,91.7,95.6,62.5,1195,1168,893,766,92.3,416,1
19:36:01,40.0,58.9,59.1,175,99,23,22,54.3,133,0
19:37:01,42.6,45.9,52.4,100,87,28,20,47.0,119,0
19:38:01,95.4,92.8,68.8,1124,1275,655,628,90.7,415,1
19:39:01,45.6,55.4,57.4,135,84,26,23,43.0,137,0
19:40:01,56.7,51.7,52.0,179,81,29,18,45.9,143,0
19:41:01,38.6,50.7,59.8,169,141,28,24,48.1,143,0
19:42:01,51.2,55.4,51.7,131,86,21,27,54.6,110,0
19:43:01,59.9,52.2,54.1,109,126,31,30,49.1,131,0
19:44:01,47.4,49.8,57.1,160,118,31,21,45.5,137,0
19:45:01,39.1,59.5,53.7,168,91,39,21,49.0,114,0
19:46:01,50.7,52.3,57.0,117,129,37,16,46.2,110,0
19:47:01,92.3,94.9,61.6,1344,1156,611,435,91.1,433,1
19:48:01,42.1,52.5,56.6,158,150,40,21,53.2,118,0
19:49:01,59.0,59.0,51.8,109,93,26,26,49.2,140,0
19:50:01,35.1,50.6,59.7,159,100,27,28,46.7,121,0
19:51:01,54.9,48.2,53.1,144,126,34,23,45.2,143,0
19:52:01,30.0,49.5,59.5,161,111,20,25,47.4,130,0
19:53:01,59.3,48.0,59.7,145,111,38,29,45.4,146,0
19:54:01,33.3,57.5,52.4,173,117,37,29,42.9,129,0
19:55:01,30.0,53.7,50.0,174,83,20,16,51.6,145,0
19:56:01,32.4,51.6,53.9,130,104,40,30,52.4,124,0
19:57:01,39.6,56.2,52.8,172,94,33,22,43.8,118,0
19:58:01,43.0,48.1,54.9,128,111,24,24,53.6,147,0
19:59:01,39.9,52.6,51.5,112,96,37,24,49.9,148,0
20:00:01,57.3,55.2,58.4,148,81,26,27,46.6,145,0
20:01:01,58.2,49.7,51.4,136,115,23,16,42.4,117,0
20:02:01,46.6,52.2,58.2,156,103,26,18,47.0,145,0
20:03:01,47.9,52.2,50.6,173,116,34,27,42.0,111,0
20:04:01,58.2,48.7,57.4,112,140,20,15,53.6,138,0
20:05:01,30.6,52.3,51.3,117,150,31,28,54.2,135,0
20:06:01,39.3,59.0,54.6,152,97,31,23,45.7,146,0
20:07:01,42.3,51.5,57.4,132,141,38,16,45.2,121,0
20:08:01,44.6,52.6,53.0,118,91,24,29,46.2,137,0
20:09:01,51.7,48.9,51.7,145,97,36,30,48.5,132,0
20:10:01,42.2,54.1,58.6,128,138,28,28,45.7,111,0
20:11:01,44.7,57.7,55.7,140,135,33,20,47.5,140,0
20:12:01,45.8,49.5,56.4,179,81,39,30,51.5,112,0
20:13:01,87.7,92.2,61.3,821,1023,853,403,83.1,543,1
20:14:01,50.2,55.8,50.9,140,90,23,17,54.3,128,0
20:15:01,37.3,46.6,53.2,179,86,35,19,53.8,115,0
20:16:01,54.6,46.2,50.5,122,96,21,28,42.6,143,0
20:17:01,59.7,59.9,58.5,135,139,32,23,54.0,113,0
20:18:01,40.7,56.7,50.9,114,82,32,30,53.3,117,0
20:19:01,38.5,56.8,59.4,156,108,25,23,43.0,115,0
20:20:01,58.2,52.0,58.0,145,148,38,15,53.1,123,0
20:21:01,57.2,59.6,60.0,157,137,34,16,47.4,130,0
20:22:01,94.3,96.6,57.9,1082,1142,452,498,78.2,471,1
20:23:01,34.2,52.8,55.9,111,118,30,20,45.9,118,0
20:24:01,94.4,92.3,55.8,920,971,816,534,86.6,440,1
20:25:01,59.9,58.3,56.7,165,90,20,22,42.1,141,0
20:26:01,58.4,55.0,51.0,132,109,33,29,47.3,127,0
20:27:01,54.2,48.5,57.7,121,100,20,21,46.4,132,0
20:28:01,54.5,57.7,53.9,168,87,32,26,42.2,111,0
20:29:01,38.4,52.8,51.9,132,93,37,24,46.5,143,0
20:30:01,35.7,54.5,59.9,145,107,36,28,46.0,139,0
20:31:01,56.1,49.5,50.3,132,84,37,26,54.3,122,0
20:32:01,44.6,54.3,58.8,106,103,34,21,53.9,143,0
20:33:01,57.3,59.5,50.5,149,123,33,16,52.5,120,0
20:34:01,35.0,52.3,52.5,147,80,32,18,46.1,132,0
20:35:01,99.2,91.1,69.1,1010,1242,891,441,94.7,561,1
20:36:01,48.2,51.4,59.9,112,98,39,29,53.2,123,0
20:37:01,36.5,47.0,54.2,175,84,32,26,49.3,128,0
20:38:01,51.3,46.1,58.8,148,121,39,15,52.0,120,0
20:39:01,46.9,54.3,57.5,166,117,33,27,49.9,123,0
20:40:01,45.3,53.0,59.2,169,112,36,16,44.6,125,0
20:41:01,36.7,52.0,52.2,176,84,24,21,42.5,127,0
20:42:01,47.7,53.4,52.1,105,144,38,20,52.5,125,0
20:43:01,48.4,50.5,56.9,149,86,28,26,42.8,111,0
20:44:01,49.6,52.6,59.0,150,127,31,25,48.3,121,0
20:45:01,50.6,56.4,56.4,131,108,27,23,45.0,121,0
20:46:01,35.6,58.6,59.1,150,86,24,25,52.5,136,0
20:47:01,54.4,56.4,54.0,163,147,31,16,52.0,112,0
20:48:01,40.5,47.3,57.2,163,106,28,16,51.0,121,0
20:49:01,57.3,50.8,58.3,127,109,31,15,45.8,117,0
20:50:01,40.5,45.5,52.4,123,110,36,23,49.1,146,0
20:51:01,41.3,52.1,56.7,161,123,30,17,46.4,114,0
20:52:01,33.1,58.6,54.4,176,96,22,22,52.4,129,0
20:53:01,31.7,49.1,55.8,102,131,29,25,51.8,124,0
20:54:01,39.4,59.1,57.0,116,146,22,30,45.4,139,0
20:55:01,37.1,45.2,57.5,100,85,23,28,54.7,125,0
20:56:01,41.1,55.8,51.3,160,112,38,23,44.0,142,0
20:57:01,96.7,99.5,62.6,986,722,641,719,82.8,529,1
20:58:01,48.6,58.1,53.5,124,128,30,16,43.2,115,0
20:59:01,54.8,45.6,52.1,109,102,36,19,54.1,119,0
21:00:01,57.0,49.0,57.2,108,92,36,20,53.9,142,0
21:01:01,37.0,47.3,51.0,116,96,23,21,44.2,111,0
21:02:01,44.8,48.2,51.3,140,109,25,30,53.1,122,0
21:03:01,52.0,46.1,55.6,170,88,20,15,46.3,119,0
21:04:01,30.7,46.2,55.5,147,123,21,19,47.9,137,0
21:05:01,34.0,52.7,57.9,114,123,30,23,52.5,126,0
21:06:01,47.0,48.4,53.7,165,110,36,19,53.6,117,0
21:07:01,37.6,53.6,57.0,118,96,22,27,48.6,139,0
21:08:01,38.3,49.2,55.5,140,149,37,28,51.8,137,0
21:09:01,39.3,54.9,56.5,177,149,35,30,54.0,129,0
21:10:01,48.0,45.9,53.3,144,106,32,26,49.1,140,0
21:11:01,56.8,54.4,56.2,124,96,25,24,50.8,136,0
21:12:01,41.1,50.6,52.5,158,90,39,15,47.5,141,0
21:13:01,35.1,55.0,53.1,123,121,29,18,53.9,118,0
21:14:01,57.8,52.0,57.0,153,146,32,20,43.8,144,0
21:15:01,44.8,48.3,59.0,178,132,21,29,50.8,117,0
21:16:01,45.0,58.0,58.8,168,149,21,24,47.8,139,0
21:17:01,43.5,59.2,52.6,109,126,20,21,43.6,147,0
21:18:01,55.7,47.8,54.3,164,110,24,17,50.1,142,0
21:19:01,58.3,50.0,58.0,103,135,35,17,47.6,132,0
21:20:01,55.4,49.4,56.2,170,103,27,28,54.7,112,0
21:21:01,41.4,55.3,53.9,137,81,23,24,43.1,144,0
21:22:01,32.9,54.6,59.4,115,108,27,21,47.9,127,0
21:23:01,37.1,55.2,58.6,115,119,40,21,49.2,141,0
21:24:01,43.4,45.5,53.2,106,81,26,16,47.0,111,0
21:25:01,41.8,51.0,52.4,160,95,24,19,54.9,116,0
21:26:01,56.7,53.0,52.7,180,148,22,27,45.9,123,0
21:27:01,53.0,50.5,58.4,134,115,32,24,53.2,118,0
21:28:01,54.9,48.5,59.5,127,87,27,25,44.0,117,0
21:29:01,50.1,58.1,50.8,116,137,27,21,50.5,139,0
21:30:01,49.6,45.1,52.5,148,86,25,16,45.0,116,0
21:31:01,35.8,54.6,50.7,107,85,20,15,53.5,111,0
21:32:01,34.7,50.7,53.4,105,114,39,15,53.2,110,0
21:33:01,46.2,50.1,53.6,178,86,27,25,47.2,130,0
21:34:01,33.4,50.8,51.2,116,135,33,30,46.9,143,0
21:35:01,30.9,49.7,58.2,133,109,24,29,54.6,131,0
21:36:01,50.7,48.4,58.3,119,106,28,20,49.9,140,0
21:37:01,45.6,53.6,58.3,114,125,29,30,43.7,146,0
21:38:01,57.5,56.8,59.6,180,109,30,15,44.6,147,0
21:39:01,38.4,46.2,52.0,126,114,24,19,46.2,135,0
21:40:01,40.7,55.3,58.0,120,101,32,26,54.4,115,0
21:41:01,45.8,50.4,54.5,155,117,32,27,47.5,141,0
21:42:01,41.1,47.6,58.4,116,94,22,15,46.2,132,0
21:43:01,56.0,47.1,50.2,138,105,22,20,49.7,129,0
21:44:01,32.1,58.9,54.3,177,91,21,28,52.5,144,0
21:45:01,47.9,59.9,57.4,105,84,23,17,47.9,141,0
21:46:01,53.5,50.9,52.4,139,85,36,21,54.0,134,0
21:47:01,52.6,52.9,54.6,160,136,21,30,43.7,122,0
21:48:01,34.3,54.7,56.1,142,127,20,20,49.1,122,0
21:49:01,49.4,58.7,57.6,176,101,40,26,45.8,140,0
21:50:01,38.6,50.2,58.5,145,101,28,18,42.1,150,0
21:51:01,49.5,45.3,50.7,170,135,37,30,47.5,129,0
21:52:01,36.3,51.3,57.0,118,101,38,26,54.9,139,0
21:53:01,31.8,51.3,51.2,131,108,20,28,50.8,148,0
21:54:01,50.7,50.1,59.8,130,132,30,21,50.9,143,0
21:55:01,44.3,54.4,58.5,159,140,33,19,49.1,132,0
21:56:01,57.9,48.7,55.2,100,85,23,18,47.6,130,0
21:57:01,41.8,58.4,51.3,164,117,37,20,46.6,128,0
21:58:01,43.8,46.9,55.1,102,98,29,28,51.2,144,0
21:59:01,35.6,49.5,54.5,156,126,33,15,48.0,143,0
22:00:01,50.7,49.4,58.3,178,88,26,19,49.8,148,0
22:01:01,31.8,49.4,54.1,162,106,21,18,49.1,124,0
22:02:01,51.3,48.2,54.4,124,125,37,15,43.6,132,0
22:03:01,45.2,53.0,58.5,137,81,30,18,48.7,144,0
22:04:01,41.7,54.2,55.1,178,99,38,16,50.1,119,0
22:05:01,34.3,53.4,54.1,124,137,28,20,51.6,114,0
22:06:01,40.1,50.8,50.3,176,110,31,15,54.0,139,0
22:07:01,58.5,59.5,55.5,146,87,38,19,50.1,118,0
22:08:01,36.3,46.2,52.5,155,108,31,30,52.9,147,0
22:09:01,32.3,55.0,56.0,172,111,39,30,44.8,137,0
22:10:01,55.5,58.9,57.0,103,82,40,17,48.9,146,0
22:11:01,55.5,45.4,50.2,103,136,34,16,50.0,146,0
22:12:01,34.7,47.3,52.2,104,88,37,18,42.8,141,0
22:13:01,49.5,59.1,56.4,143,140,28,27,53.3,149,0
22:14:01,57.1,49.5,50.7,132,107,39,15,54.5,149,0
22:15:01,40.4,47.0,54.1,112,130,35,23,48.5,137,0
22:16:01,57.0,59.7,58.8,147,137,28,23,52.8,132,0
22:17:01,34.3,48.0,57.5,161,103,24,22,51.9,119,0
22:18:01,56.3,51.4,55.3,104,136,33,24,44.9,123,0
22:19:01,37.6,55.8,51.7,149,137,28,22,54.8,117,0
22:20:01,91.9,91.0,64.3,896,1173,767,492,79.8,472,1
22:21:01,39.3,59.5,59.4,124,91,26,21,43.7,148,0
22:22:01,43.0,51.7,53.1,122,83,30,21,46.5,111,0
22:23:01,44.0,55.8,52.4,174,150,30,21,50.5,120,0
22:24:01,56.9,47.4,55.3,179,137,24,30,51.4,124,0
22:25:01,35.4,48.8,54.6,170,107,39,23,43.5,124,0
22:26:01,59.5,53.7,59.5,158,135,38,30,42.4,146,0
22:27:01,50.8,46.0,59.9,100,115,37,16,49.5,120,0
22:28:01,88.2,96.8,65.9,959,1179,531,556,87.8,594,1
22:29:01,59.2,57.5,51.8,124,96,28,29,50.5,114,0
22:30:01,40.5,56.3,53.2,131,104,30,19,46.8,136,0
22:31:01,59.8,50.2,50.5,156,133,33,15,50.9,128,0
22:32:01,50.2,45.9,59.4,127,142,38,24,48.0,130,0
22:33:01,48.5,45.4,58.5,103,141,32,24,54.9,128,0
22:34:01,39.7,54.9,55.1,121,145,26,18,50.7,136,0
22:35:01,30.8,45.6,53.0,105,109,21,16,51.9,134,0
22:36:01,58.6,54.5,50.0,165,119,36,19,47.9,122,0
22:37:01,37.3,56.7,56.7,101,130,35,16,49.2,110,0
22:38:01,37.3,45.7,54.7,100,81,25,18,53.3,117,0
22:39:01,35.5,59.0,54.5,101,143,32,30,48.5,128,0
22:40:01,40.4,52.2,52.8,159,124,31,25,53.4,132,0
22:41:01,54.3,56.8,59.4,166,94,26,22,43.5,110,0
22:42:01,55.2,48.9,50.2,147,104,21,22,44.3,149,0
22:43:01,58.7,59.4,58.6,180,118,33,20,44.6,147,0
22:44:01,58.7,58.0,52.1,111,127,25,17,50.3,112,0
22:45:01,57.1,56.6,54.8,144,92,40,24,47.0,143,0
22:46:01,57.9,56.8,51.6,126,81,26,29,42.8,140,0
22:47:01,42.4,45.8,57.7,110,149,35,29,54.7,117,0
22:48:01,35.9,54.9,56.7,101,150,38,25,43.5,132,0
22:49:01,46.0,48.5,55.5,117,93,40,25,53.0,116,0
22:50:01,37.6,48.7,55.8,178,87,30,26,44.6,133,0
22:51:01,57.8,58.1,56.7,124,124,25,20,50.0,124,0
22:52:01,38.2,54.2,60.0,147,112,39,25,52.0,143,0
22:53:01,56.1,47.7,50.4,150,83,30,30,44.5,124,0
22:54:01,35.6,48.3,60.0,107,134,22,18,44.6,110,0
22:55:01,56.6,48.8,57.9,122,98,33,16,54.6,139,0
22:56:01,49.3,45.4,54.9,126,143,28,19,53.0,131,0
22:57:01,42.4,53.8,59.5,158,84,21,29,42.6,114,0
22:58:01,37.0,60.0,51.3,132,89,35,27,54.9,121,0
22:59:01,41.3,50.3,54.7,120,120,39,15,48.2,147,0
23:00:01,55.1,53.0,57.6,122,103,34,24,44.0,133,0
23:01:01,34.6,47.3,54.7,143,139,26,21,53.4,116,0
23:02:01,47.3,53.6,51.1,176,84,38,15,43.2,120,0
23:03:01,54.1,51.8,52.2,132,145,31,20,48.7,120,0
23:04:01,33.5,49.5,56.8,122,107,26,19,47.5,118,0
23:05:01,58.3,51.3,58.6,147,138,38,17,51.4,116,0
23:06:01,99.5,86.6,59.9,1275,1204,707,460,90.8,595,1
23:07:01,56.7,54.0,58.0,101,150,21,15,53.5,126,0
23:08:01,34.5,55.4,56.3,127,101,24,22,48.7,148,0
23:09:01,45.9,52.5,55.9,132,149,37,22,48.3,150,0
23:10:01,52.2,52.4,50.2,112,99,27,21,51.6,150,0
23:11:01,58.6,56.7,57.4,169,100,29,29,44.8,126,0
23:12:01,59.3,57.5,58.3,149,99,30,20,51.0,110,0
23:13:01,52.9,55.4,56.2,174,113,27,20,44.8,137,0
23:14:01,51.6,46.3,51.5,157,94,24,30,54.4,149,0
23:15:01,60.0,59.5,53.4,116,108,23,23,48.2,130,0
23:16:01,34.3,58.6,53.9,172,135,28,24,46.3,129,0
23:17:01,54.1,56.2,52.4,154,103,33,21,45.3,147,0
23:18:01,52.2,47.6,53.3,137,144,24,30,54.9,122,0
23:19:01,56.1,47.5,54.2,160,121,28,17,52.2,110,0
23:20:01,47.8,56.8,58.5,173,89,20,18,54.3,125,0
23:21:01,41.6,56.5,58.6,172,88,26,18,52.4,114,0
23:22:01,52.0,48.3,52.0,111,137,30,28,48.9,135,0
23:23:01,38.3,46.4,51.8,141,119,20,25,43.2,140,0
23:24:01,93.3,100.0,56.4,934,1374,887,528,77.4,402,1
23:25:01,37.0,57.3,50.9,167,150,38,30,51.9,129,0
23:26:01,49.4,59.4,56.9,172,101,34,21,49.2,135,0
23:27:01,51.0,47.6,58.3,170,117,29,28,54.4,126,0
23:28:01,43.9,56.7,56.8,112,115,29,18,54.3,121,0
23:29:01,49.7,46.3,55.4,118,112,29,27,53.8,148,0
23:30:01,58.2,55.6,54.6,143,87,40,29,54.1,150,0
23:31:01,48.5,57.5,59.0,151,117,27,22,51.9,136,0
23:32:01,30.9,57.2,50.4,110,147,34,28,46.8,125,0
23:33:01,40.5,49.7,55.2,114,87,37,29,49.6,149,0
23:34:01,34.3,49.3,57.0,154,104,23,24,45.9,141,0
23:35:01,94.0,96.7,62.0,966,675,504,456,87.4,396,1
23:36:01,50.9,54.3,56.0,178,122,29,27,46.5,112,0
23:37:01,31.2,53.3,54.4,115,100,31,16,43.7,116,0
23:38:01,39.4,57.9,51.1,114,136,36,18,51.6,126,0
23:39:01,58.6,50.5,59.3,129,80,30,22,42.3,136,0
23:40:01,51.6,46.3,53.8,129,147,22,18,54.3,146,0
23:41:01,48.8,56.5,53.2,147,85,21,27,51.5,126,0
23:42:01,45.3,55.3,57.1,156,145,35,20,44.4,145,0
23:43:01,44.8,50.3,59.4,149,80,37,26,44.7,138,0
23:44:01,55.8,57.1,58.4,141,125,32,28,54.3,118,0
23:45:01,56.0,50.8,59.0,119,115,30,27,42.0,140,0
23:46:01,44.6,46.1,56.9,141,135,27,19,47.7,140,0
23:47:01,53.1,59.6,52.2,179,89,37,20,43.3,142,0
23:48:01,94.2,95.8,59.5,911,910,506,631,83.8,436,1
23:49:01,45.9,51.0,50.9,135,85,21,30,49.0,139,0
23:50:01,51.2,56.7,53.7,130,137,31,26,54.0,121,0
23:51:01,44.5,59.2,50.8,154,123,21,30,49.8,129,0
23:52:01,31.8,58.0,50.6,179,107,32,26,51.1,147,0
23:53:01,31.4,52.6,58.4,109,83,23,20,53.1,136,0
23:54:01,51.4,50.7,59.3,144,120,32,25,50.4,129,0
23:55:01,52.6,46.8,53.7,158,144,32,19,53.4,128,0
23:56:01,46.2,46.9,59.9,117,106,21,19,51.3,136,0
23:57:01,36.8,57.5,50.9,160,128,35,24,48.8,139,0
23:58:01,43.3,48.0,58.5,148,120,29,21,44.2,136,0
23:59:01,58.1,56.4,51.0,133,105,36,23,42.6,111,0
00:00:01,55.9,57.7,59.3,179,109,27,16,42.3,123,0
00:01:01,95.8,88.7,54.6,1066,925,613,670,86.8,485,1
00:02:01,49.0,52.7,54.7,162,86,34,22,51.1,114,0
00:03:01,41.0,51.2,55.6,123,145,25,26,46.4,124,0
00:04:01,46.7,53.5,53.7,174,103,39,29,49.1,147,0
00:05:01,42.3,51.6,54.7,167,110,40,26,46.0,122,0
00:06:01,53.0,53.1,53.6,150,120,30,22,50.3,142,0
00:07:01,44.1,53.2,57.8,111,123,28,30,44.2,136,0
00:08:01,39.8,47.8,55.2,136,100,39,16,47.4,143,0
00:09:01,54.8,57.2,52.0,116,103,40,17,54.7,132,0
00:10:01,59.5,58.1,56.6,125,124,20,17,48.9,149,0
00:11:01,30.4,57.3,59.8,130,143,39,20,43.5,120,0
00:12:01,32.9,58.6,59.6,164,108,40,17,50.6,114,0
00:13:01,33.1,47.6,51.5,138,81,36,17,50.5,138,0
00:14:01,40.6,53.7,58.0,159,112,28,23,52.1,139,0
00:15:01,35.8,56.1,53.2,123,98,32,30,50.5,139,0
00:16:01,47.0,48.9,59.4,144,128,34,30,45.1,141,0
00:17:01,50.3,46.7,59.6,123,104,30,19,50.4,115,0
00:18:01,33.5,58.5,53.9,165,131,22,27,52.6,135,0
00:19:01,37.0,53.3,55.8,107,92,27,24,44.7,117,0
00:20:01,54.7,55.7,59.9,102,143,21,25,42.7,136,0
00:21:01,48.6,53.3,57.8,147,130,20,29,51.9,135,0
00:22:01,41.3,58.1,58.8,159,123,22,27,50.0,114,0
00:23:01,48.2,54.5,58.3,109,81,36,29,42.4,119,0
00:24:01,57.4,55.4,52.0,125,134,22,30,46.7,121,0
00:25:01,34.8,46.9,56.6,161,103,23,15,53.4,138,0
00:26:01,42.1,59.1,50.4,142,123,35,17,45.6,145,0
00:27:01,52.1,45.5,56.6,170,87,22,29,46.1,140,0
00:28:01,40.5,51.7,55.8,136,109,25,22,48.7,127,0
00:29:01,52.9,51.5,52.8,153,115,27,20,51.0,130,0
00:30:01,53.9,48.3,53.0,125,147,27,17,44.8,140,0
00:31:01,53.6,51.8,53.7,152,118,23,21,44.0,147,0
00:32:01,37.9,48.7,58.2,177,87,35,28,47.6,133,0
00:33:01,98.4,94.4,68.8,1369,1069,675,636,79.1,407,1
00:34:01,30.6,48.4,59.0,134,148,36,28,50.7,147,0
00:35:01,43.5,51.3,57.7,109,113,22,24,44.8,142,0
00:36:01,58.4,51.2,59.1,172,115,24,28,45.5,136,0
00:37:01,51.8,58.8,58.6,173,111,36,17,46.1,129,0
00:38:01,51.3,56.7,53.9,173,148,32,17,52.9,143,0
00:39:01,43.2,51.3,57.4,113,123,28,24,44.5,149,0
00:40:01,52.3,55.3,54.6,166,133,27,24,46.1,143,0
00:41:01,56.1,51.5,59.8,103,92,31,18,54.0,131,0
00:42:01,53.9,59.6,51.4,116,137,30,26,45.5,131,0
00:43:01,49.4,55.2,55.3,159,109,34,26,45.3,116,0
00:44:01,53.2,46.5,56.0,106,126,28,18,51.4,126,0
00:45:01,86.8,93.4,68.2,901,905,795,773,76.1,559,1
00:46:01,33.1,53.1,55.2,118,123,22,17,43.6,129,0
00:47:01,43.8,54.0,59.7,150,113,33,30,53.4,127,0
00:48:01,46.1,48.9,52.5,159,99,37,29,49.2,134,0
00:49:01,54.8,51.5,55.4,164,144,24,17,52.1,110,0
00:50:01,53.6,55.7,56.4,144,100,27,21,53.2,113,0
00:51:01,41.3,59.8,59.5,166,86,39,24,49.5,130,0
00:52:01,39.8,55.9,59.5,110,140,38,24,53.6,112,0
00:53:01,39.5,50.2,51.7,164,91,32,16,47.8,114,0
00:54:01,49.0,53.2,52.9,151,116,26,25,51.9,128,0
00:55:01,30.0,57.6,53.5,124,118,30,26,50.4,125,0
00:56:01,37.7,53.4,51.8,177,95,36,18,44.7,115,0
00:57:01,57.8,52.1,53.9,170,122,35,18,48.5,113,0
00:58:01,43.3,48.6,54.6,114,142,37,26,42.4,140,0
00:59:01,40.9,59.9,55.1,129,138,21,22,51.4,148,0
01:00:01,51.7,54.9,54.4,164,83,27,20,43.4,120,0
01:01:01,33.5,52.6,52.6,110,106,26,26,47.9,132,0
01:02:01,37.1,58.4,57.6,108,140,36,28,46.6,121,0
01:03:01,41.9,56.3,59.0,124,80,20,30,49.7,150,0
01:04:01,38.3,54.8,51.4,129,119,22,17,48.4,128,0
01:05:01,46.2,57.1,51.0,177,131,26,15,50.6,117,0
01:06:01,56.4,48.7,57.4,119,139,23,28,45.4,148,0
01:07:01,46.9,51.3,52.3,111,81,26,24,53.8,143,0
01:08:01,38.9,57.9,53.2,153,135,39,30,50.0,116,0
01:09:01,53.0,49.8,53.6,114,113,27,15,49.1,114,0
01:10:01,48.7,46.5,54.0,145,118,28,20,47.1,136,0
01:11:01,50.0,58.5,56.8,103,147,31,30,53.7,112,0
01:12:01,54.6,51.4,57.8,132,82,20,21,50.3,134,0
01:13:01,40.6,46.8,51.6,109,89,24,16,43.4,134,0
01:14:01,50.4,46.4,50.8,127,132,26,17,54.7,133,0
01:15:01,92.6,99.6,65.2,968,666,464,399,84.3,571,1
01:16:01,47.2,50.8,59.9,128,88,23,25,43.7,133,0
01:17:01,47.5,50.8,58.3,144,137,40,19,49.7,141,0
01:18:01,36.3,48.4,56.1,170,139,38,20,51.5,129,0
01:19:01,88.8,99.5,53.5,1160,929,862,745,84.7,361,1
01:20:01,40.0,53.7,52.2,128,97,37,21,51.1,149,0
01:21:01,49.8,55.2,52.3,143,104,22,24,51.7,143,0
01:22:01,44.4,55.5,54.4,122,98,22,27,47.6,133,0
01:23:01,41.6,57.6,54.7,114,83,30,23,47.2,113,0
01:24:01,31.8,58.2,57.4,110,98,28,27,48.3,121,0
01:25:01,39.0,50.7,53.9,132,87,25,22,49.5,137,0
01:26:01,49.5,52.0,58.4,147,100,37,30,50.8,128,0
01:27:01,51.9,57.9,52.8,167,107,30,24,48.1,149,0
01:28:01,31.1,58.7,59.2,149,135,32,27,54.4,126,0
01:29:01,33.4,48.4,50.5,149,87,29,15,44.7,130,0
01:30:01,92.2,94.4,67.9,867,1127,589,542,87.7,414,1
01:31:01,56.6,53.8,53.7,119,110,31,21,49.3,115,0
01:32:01,48.7,46.3,57.8,125,84,24,19,49.0,147,0
01:33:01,58.4,51.6,57.5,175,120,23,28,53.0,131,0
01:34:01,58.7,59.5,56.0,179,113,25,27,49.4,132,0
01:35:01,30.3,48.6,55.9,179,93,31,20,43.4,139,0
01:36:01,34.7,45.3,58.7,169,145,24,23,44.9,110,0
01:37:01,53.2,56.9,51.3,179,94,31,27,54.7,140,0
01:38:01,92.0,86.8,59.5,1294,1054,799,736,94.0,448,1
01:39:01,47.8,52.5,58.7,151,98,26,23,46.6,127,0
01:40:01,52.1,56.0,58.1,134,99,40,19,42.1,140,0
01:41:01,30.4,49.7,57.0,126,116,34,26,51.6,142,0
01:42:01,30.3,51.0,55.3,144,105,37,16,47.7,117,0
01:43:01,31.3,54.8,57.2,153,82,29,29,45.6,139,0
01:44:01,43.1,56.6,55.6,101,80,24,21,47.6,121,0
01:45:01,42.1,45.1,52.7,132,104,39,22,44.7,141,0
01:46:01,44.6,49.1,57.8,158,105,24,26,44.9,138,0
01:47:01,42.0,54.5,60.0,176,122,35,25,45.4,111,0
01:48:01,39.5,48.2,58.9,154,88,30,25,46.3,110,0
01:49:01,58.5,49.6,54.6,148,120,29,26,44.6,128,0
01:50:01,35.4,53.4,58.2,171,138,22,15,44.8,147,0
01:51:01,40.5,56.9,56.5,151,111,27,20,45.3,149,0
01:52:01,38.6,57.6,55.6,140,143,40,15,47.8,125,0
01:53:01,38.7,45.6,52.1,163,126,32,30,42.8,132,0
01:54:01,30.9,54.4,54.0,149,147,28,18,53.2,132,0
01:55:01,47.0,47.5,58.1,128,129,33,30,43.2,125,0
01:56:01,33.1,51.8,55.8,177,139,22,18,51.3,113,0
01:57:01,49.3,57.7,51.5,123,122,35,25,52.3,120,0
01:58:01,55.7,49.1,59.3,128,84,23,28,48.3,144,0
01:59:01,90.7,86.2,57.1,1202,946,453,771,92.3,426,1
02:00:01,52.0,58.8,58.5,104,132,24,27,52.3,130,0
02:01:01,36.7,57.4,56.1,160,126,29,16,43.6,144,0
02:02:01,87.8,86.2,62.0,746,1240,871,305,94.0,529,1
02:03:01,41.7,55.2,56.3,167,90,40,30,46.7,150,0
02:04:01,35.7,47.7,58.0,166,90,21,22,54.8,125,0
02:05:01,39.7,51.2,59.3,144,99,39,23,43.4,121,0
02:06:01,54.2,50.6,52.4,162,88,37,21,52.3,121,0
02:07:01,35.8,59.8,55.0,145,82,37,18,48.7,116,0
02:08:01,33.2,51.1,51.7,155,102,20,22,49.0,140,0
02:09:01,58.2,46.5,53.7,121,119,31,20,42.5,146,0
02:10:01,41.2,46.6,57.6,101,86,35,24,50.7,117,0
02:11:01,33.1,54.1,56.1,178,146,39,25,49.6,147,0
02:12:01,57.5,56.8,58.4,165,118,33,19,47.1,121,0
02:13:01,58.4,53.5,56.2,125,89,23,26,53.3,144,0
02:14:01,58.7,54.0,57.2,164,141,31,26,47.6,114,0
02:15:01,49.5,56.7,54.3,162,123,37,29,54.3,124,0
02:16:01,55.4,46.1,52.2,161,123,21,25,50.5,128,0
02:17:01,49.1,47.0,53.2,125,132,26,18,47.3,110,0
02:18:01,59.6,54.5,52.6,135,121,40,30,45.1,129,0
02:19:01,54.1,54.4,58.9,178,121,39,21,51.4,146,0
02:20:01,54.6,59.6,54.6,166,87,32,16,45.6,119,0
02:21:01,38.2,57.8,55.8,151,124,25,24,50.9,136,0
02:22:01,44.4,45.7,53.8,163,104,39,21,42.6,111,0
02:23:01,40.6,59.8,58.6,147,110,30,29,50.0,119,0
02:24:01,42.1,54.4,54.5,136,108,30,19,45.8,124,0
02:25:01,49.9,57.2,55.4,155,142,32,29,52.6,122,0
02:26:01,38.8,56.7,57.4,133,116,38,15,47.8,141,0
02:27:01,89.8,89.7,64.0,1253,700,646,577,88.7,466,1
02:28:01,30.4,48.5,57.7,148,127,37,16,43.1,131,0
02:29:01,95.6,88.9,64.7,1438,847,421,763,89.9,479,1
02:30:01,85.4,93.4,52.5,1160,1186,751,610,78.7,434,1
02:31:01,43.1,47.3,52.1,131,95,29,19,47.9,133,0
02:32:01,35.6,57.3,54.0,113,84,28,27,46.4,130,0
02:33:01,35.1,57.8,59.3,156,101,34,28,52.1,124,0
02:34:01,37.2,58.9,51.8,160,108,33,21,54.7,146,0
02:35:01,49.4,48.3,59.3,121,106,20,19,54.3,145,0
02:36:01,46.5,52.9,59.9,103,86,32,17,43.7,149,0
02:37:01,45.0,51.4,50.0,113,112,21,24,54.2,149,0
02:38:01,36.6,51.6,58.8,175,99,21,20,45.8,127,0
02:39:01,56.3,49.8,55.9,116,89,31,29,49.3,141,0
02:40:01,34.5,48.3,59.9,114,91,25,29,52.4,122,0
02:41:01,39.8,52.8,57.8,134,108,24,16,46.5,149,0
02:42:01,56.3,57.0,53.5,136,94,34,19,43.0,115,0
02:43:01,49.9,45.0,55.7,119,84,27,28,46.0,114,0
02:44:01,43.0,56.4,55.5,107,120,26,17,49.6,136,0
02:45:01,98.0,97.3,59.5,1286,1252,504,693,85.4,406,1
02:46:01,37.2,48.9,54.7,163,110,40,21,51.0,143,0
02:47:01,33.9,47.9,58.4,159,131,40,26,51.1,117,0
02:48:01,39.1,51.5,56.2,160,99,33,19,46.8,135,0
02:49:01,45.6,45.4,57.1,143,100,21,17,54.4,135,0
02:50:01,37.3,50.7,57.9,164,95,34,18,52.3,112,0
02:51:01,99.6,85.1,58.7,1430,677,435,697,94.7,400,1
02:52:01,38.7,56.9,59.4,180,110,29,18,46.5,141,0
02:53:01,57.1,57.0,50.9,125,98,26,20,54.8,128,0
02:54:01,52.8,45.7,53.0,114,83,31,19,49.7,111,0
02:55:01,85.6,87.2,64.2,1231,1194,850,573,86.2,392,1
02:56:01,47.0,57.5,57.8,161,116,29,19,42.8,150,0
02:57:01,37.9,48.6,59.5,148,111,39,30,43.2,150,0
02:58:01,56.5,59.6,53.4,124,122,29,22,51.8,147,0
02:59:01,96.1,93.7,63.9,1269,968,534,479,87.0,371,1
03:00:01,51.6,46.4,59.9,109,106,28,26,49.2,138,0
03:01:01,41.1,55.4,55.3,116,89,27,24,49.9,139,0
03:02:01,43.9,47.8,50.1,107,88,34,30,45.1,142,0
03:03:01,42.2,45.0,51.8,116,113,20,15,43.0,127,0
03:04:01,37.7,49.1,58.7,166,110,24,28,48.6,134,0
03:05:01,53.5,51.0,50.7,124,87,38,26,53.0,128,0
03:06:01,97.3,86.7,63.2,725,745,652,686,81.4,449,1
03:07:01,58.1,49.2,50.7,124,133,36,25,53.3,138,0
03:08:01,41.3,55.6,55.4,180,139,27,25,49.8,139,0
03:09:01,30.1,53.5,54.8,135,149,30,30,47.3,120,0
03:10:01,47.0,50.4,53.0,180,145,40,18,50.9,140,0
03:11:01,42.7,55.5,59.2,119,107,36,15,54.1,115,0
03:12:01,49.3,48.5,56.7,108,135,21,25,53.3,118,0
03:13:01,53.6,59.1,58.9,179,126,31,19,44.6,135,0
03:14:01,85.4,96.0,63.2,928,794,785,437,78.4,363,1
03:15:01,33.7,48.6,57.5,146,137,32,19,48.9,146,0
03:16:01,85.9,90.9,62.6,1264,857,421,632,83.3,519,1
03:17:01,39.1,52.7,54.7,103,146,30,17,45.3,128,0
03:18:01,57.3,49.1,52.6,176,118,38,17,47.0,110,0
03:19:01,59.4,48.1,57.1,149,129,39,29,42.3,121,0
03:20:01,52.9,59.4,51.8,112,105,20,20,43.7,129,0
03:21:01,59.5,52.6,50.7,103,121,40,30,51.7,117,0
03:22:01,55.2,57.5,52.4,120,149,30,28,50.5,118,0
03:23:01,56.2,55.1,50.3,125,84,27,15,49.6,149,0
03:24:01,46.6,55.8,56.8,135,112,39,15,43.1,135,0
03:25:01,57.7,49.6,56.7,139,84,31,24,43.7,121,0
03:26:01,30.9,58.2,53.1,179,123,25,18,53.6,125,0
03:27:01,91.0,89.6,57.3,1378,1171,728,306,80.6,441,1
03:28:01,31.2,58.6,59.6,155,119,22,29,44.2,135,0
03:29:01,50.5,57.7,54.9,103,142,23,29,44.7,139,0
03:30:01,46.4,48.2,58.7,123,145,25,19,44.1,122,0
03:31:01,52.8,54.7,56.0,167,88,22,25,47.2,124,0
03:32:01,91.2,87.2,65.2,1167,654,703,733,81.6,459,1
03:33:01,38.5,53.9,57.1,172,149,31,30,47.1,137,0
03:34:01,59.5,53.9,54.9,111,115,28,17,46.0,115,0
03:35:01,49.3,58.6,57.0,142,123,35,22,53.8,134,0
03:36:01,38.4,55.6,53.3,173,150,20,20,51.0,112,0
03:37:01,56.3,52.2,53.1,155,142,24,27,44.0,140,0
03:38:01,35.8,47.7,57.2,161,101,30,27,48.2,135,0
03:39:01,40.8,48.8,57.2,146,140,38,18,51.6,142,0
03:40:01,50.5,46.9,57.8,131,135,32,16,52.7,123,0
03:41:01,32.2,45.0,56.4,133,129,37,24,48.0,132,0
03:42:01,48.3,49.0,50.7,127,113,28,20,51.9,133,0
03:43:01,55.8,54.9,59.4,174,80,32,26,45.7,122,0
03:44:01,32.1,51.6,58.7,154,137,24,30,51.0,142,0
03:45:01,41.6,59.8,53.1,125,113,37,25,48.6,136,0
03:46:01,39.9,59.7,56.8,160,117,31,16,47.4,140,0
03:47:01,36.4,56.8,56.7,111,111,28,22,51.7,146,0
03:48:01,57.9,51.7,57.3,114,138,37,26,42.8,129,0
03:49:01,46.3,56.2,55.3,115,115,23,21,49.5,143,0
03:50:01,34.1,50.4,52.7,116,124,23,29,48.8,145,0
03:51:01,48.0,58.2,53.6,173,105,21,28,52.7,119,0
03:52:01,53.1,51.1,51.6,164,111,34,19,54.3,135,0
03:53:01,58.2,54.0,51.4,158,83,22,29,44.1,121,0
03:54:01,41.3,58.6,59.7,122,85,27,20,45.9,123,0
03:55:01,35.3,58.9,55.7,164,86,27,23,44.0,134,0
03:56:01,52.2,55.8,59.6,177,123,24,29,50.0,119,0
03:57:01,32.9,53.6,51.6,122,137,39,28,52.5,111,0
03:58:01,34.7,53.5,51.8,169,122,28,30,50.1,110,0
03:59:01,56.2,47.7,52.7,134,106,31,17,52.8,122,0
04:00:01,92.5,99.3,55.4,736,982,518,454,89.1,475,1
04:01:01,37.0,52.2,54.5,118,135,37,24,50.1,122,0
04:02:01,38.3,49.6,50.6,123,112,33,27,43.4,143,0
04:03:01,59.5,46.4,55.6,140,81,28,29,45.3,110,0
04:04:01,57.3,53.7,53.2,177,144,22,29,47.9,143,0
04:05:01,45.2,56.5,59.3,155,106,35,24,52.0,144,0
04:06:01,44.2,59.9,52.1,126,99,28,22,48.9,129,0
04:07:01,46.2,54.0,59.7,156,120,28,19,50.7,131,0
04:08:01,96.9,88.5,52.6,788,1342,362,477,90.8,561,1
04:09:01,35.2,59.6,57.7,103,88,34,23,45.3,140,0
04:10:01,58.5,53.7,53.0,154,138,32,26,53.4,140,0
04:11:01,33.0,58.1,59.1,134,135,35,30,52.3,128,0
04:12:01,56.3,46.9,58.9,166,100,33,24,54.9,136,0
04:13:01,58.6,46.5,59.5,152,141,20,19,42.9,120,0
04:14:01,34.3,53.5,53.4,134,96,30,19,45.2,132,0
04:15:01,48.1,52.8,58.4,160,99,22,17,42.6,138,0
04:16:01,33.1,53.6,58.1,160,103,21,18,50.4,133,0
04:17:01,39.3,45.3,50.8,167,105,33,19,54.1,148,0
04:18:01,46.9,54.5,53.8,144,137,36,26,46.3,140,0
04:19:01,41.5,59.0,51.3,115,134,39,22,50.6,120,0
04:20:01,46.4,49.6,51.7,174,122,21,27,54.8,140,0
04:21:01,56.8,58.1,56.0,108,90,24,19,49.4,116,0
04:22:01,38.7,50.3,55.8,169,144,27,18,52.4,111,0
04:23:01,56.0,51.5,53.7,155,108,26,17,46.3,149,0
04:24:01,32.8,49.8,60.0,142,137,22,28,44.9,138,0
04:25:01,37.4,57.3,54.2,109,88,40,17,49.0,149,0
04:26:01,35.9,59.8,52.0,147,145,35,20,43.4,127,0
04:27:01,50.5,47.5,59.6,118,105,34,28,45.3,147,0
04:28:01,39.9,47.9,50.1,116,118,37,17,53.5,130,0
04:29:01,45.3,51.8,56.6,149,143,30,16,50.2,147,0
04:30:01,37.0,54.2,56.1,148,149,32,22,42.6,117,0
04:31:01,49.3,51.6,54.5,130,87,27,24,45.4,147,0
04:32:01,33.7,52.3,60.0,146,145,29,25,44.9,122,0
04:33:01,49.1,51.7,56.5,103,92,36,23,43.9,136,0
04:34:01,51.0,50.6,50.2,129,125,31,21,43.2,133,0
04:35:01,33.6,54.2,53.1,169,117,37,21,48.3,132,0
04:36:01,35.5,58.0,58.8,170,86,21,29,49.9,137,0
04:37:01,88.0,95.8,62.8,1306,785,870,623,78.8,407,1
04:38:01,48.1,53.2,51.2,133,88,20,27,53.5,117,0
04:39:01,49.3,47.5,59.7,102,100,23,15,48.3,136,0
04:40:01,45.6,50.7,50.7,124,116,34,25,47.0,144,0
04:41:01,33.5,47.3,57.9,155,115,31,19,42.7,139,0
04:42:01,45.8,52.8,59.6,167,88,40,20,51.1,125,0
04:43:01,35.6,55.0,54.0,138,127,25,18,50.9,132,0
04:44:01,47.6,47.2,57.6,132,144,39,18,50.3,143,0
04:45:01,40.0,46.5,53.7,134,149,26,29,47.8,116,0
04:46:01,86.3,99.4,57.1,1471,1284,459,672,81.3,504,1
04:47:01,37.3,45.9,51.3,104,95,39,24,50.3,121,0
04:48:01,44.6,53.6,55.6,159,102,26,19,54.4,143,0
04:49:01,49.4,59.2,59.8,175,145,27,22,53.9,117,0
04:50:01,40.5,47.0,53.8,121,98,20,25,53.0,123,0
04:51:01,34.8,54.5,52.8,172,97,22,27,42.5,133,0
04:52:01,40.2,52.2,58.3,101,118,32,20,44.8,126,0
04:53:01,39.5,57.8,50.5,128,113,25,28,53.0,125,0
04:54:01,31.6,59.0,54.1,140,131,33,26,52.0,116,0
04:55:01,47.4,45.7,58.1,161,106,30,18,46.0,131,0
04:56:01,30.5,52.6,54.8,165,128,37,15,43.2,124,0
04:57:01,38.6,51.2,52.7,132,132,20,25,46.8,147,0
04:58:01,54.5,58.9,53.0,165,107,22,20,46.2,146,0
04:59:01,41.1,45.6,57.4,137,144,25,15,46.1,148,0
05:00:01,55.2,54.1,50.2,145,150,29,22,44.8,134,0
05:01:01,46.3,49.6,53.6,158,85,35,30,43.8,147,0
05:02:01,89.7,89.4,67.6,878,691,754,360,80.5,570,1
05:03:01,50.6,54.4,54.9,166,88,26,24,51.5,149,0
05:04:01,37.3,55.6,57.6,132,117,34,17,46.4,131,0
05:05:01,42.2,48.7,55.3,119,110,27,25,44.4,119,0
05:06:01,36.5,59.6,59.8,162,88,37,16,42.3,110,0
05:07:01,58.3,59.6,51.1,149,147,36,27,46.1,139,0
05:08:01,54.8,58.3,55.2,143,85,20,17,44.4,150,0
05:09:01,38.0,57.4,57.2,163,88,26,29,48.2,135,0
05:10:01,43.2,45.4,58.9,178,129,27,21,46.2,128,0
05:11:01,45.5,49.8,54.9,139,105,22,20,49.2,123,0
05:12:01,41.6,47.0,55.3,137,102,27,24,49.6,129,0
05:13:01,32.6,47.3,50.6,130,106,26,16,45.6,143,0
05:14:01,95.0,98.9,58.3,954,964,805,586,93.9,356,1
05:15:01,32.8,53.2,54.2,126,97,28,23,44.2,142,0
05:16:01,32.7,54.4,57.5,148,142,35,18,52.0,139,0
05:17:01,45.6,53.5,51.1,126,95,35,24,45.7,147,0
05:18:01,46.0,55.7,57.5,120,119,26,18,45.5,125,0
05:19:01,39.4,51.4,54.0,154,144,24,29,42.0,116,0
05:20:01,56.7,47.1,59.7,169,126,35,18,51.0,147,0
05:21:01,58.3,58.3,58.3,146,139,29,27,54.9,128,0
05:22:01,48.0,54.6,54.1,152,134,30,24,46.5,122,0
05:23:01,37.1,52.5,55.7,139,116,33,26,45.6,130,0
05:24:01,35.7,56.8,56.7,111,143,40,20,47.4,137,0
05:25:01,37.5,50.3,55.1,107,125,31,27,42.7,131,0
05:26:01,55.1,47.9,54.7,136,128,26,23,45.7,112,0
05:27:01,53.7,51.0,59.3,127,95,21,19,49.2,125,0
05:28:01,35.7,56.5,56.6,165,124,39,26,49.9,112,0
05:29:01,37.9,49.2,58.0,127,124,24,23,42.6,133,0
05:30:01,58.9,52.1,54.0,100,124,28,20,45.4,126,0
05:31:01,50.9,46.6,56.6,109,116,20,20,48.1,145,0
05:32:01,54.9,50.0,56.5,158,130,22,21,42.9,145,0
05:33:01,31.4,49.0,53.5,132,126,37,22,48.9,131,0
05:34:01,59.2,51.3,52.1,161,125,28,23,48.0,117,0
05:35:01,50.2,54.6,59.3,113,142,28,25,48.5,121,0
05:36:01,58.6,53.6,55.4,119,125,32,22,50.9,138,0
05:37:01,49.3,51.3,53.0,161,80,38,29,42.2,112,0
05:38:01,57.8,49.9,58.8,149,109,40,17,49.6,132,0
05:39:01,38.6,54.0,53.3,132,131,24,27,49.5,143,0
05:40:01,43.5,51.3,52.0,130,134,39,21,45.8,143,0
05:41:01,47.0,48.0,50.7,113,108,36,21,54.0,128,0
05:42:01,98.0,96.7,69.9,1275,706,444,713,78.4,541,1
05:43:01,45.2,53.6,55.4,177,80,36,27,54.7,136,0
05:44:01,34.7,45.5,50.5,142,96,23,24,53.1,121,0
05:45:01,40.1,57.6,51.1,147,89,33,22,43.9,141,0
05:46:01,58.9,58.7,53.8,140,128,38,15,42.8,150,0
05:47:01,48.5,58.4,57.3,104,134,20,28,51.6,115,0
05:48:01,43.6,50.3,56.1,135,134,40,20,48.8,133,0
05:49:01,45.4,59.8,50.3,136,90,23,23,45.7,138,0
05:50:01,96.1,98.0,57.8,1000,1185,361,622,78.3,420,1
05:51:01,53.2,48.5,59.1,110,118,33,20,54.8,120,0
05:52:01,55.0,58.0,52.2,175,115,27,22,51.1,126,0
05:53:01,31.4,51.1,57.3,124,97,39,30,50.3,120,0
05:54:01,49.2,54.2,52.4,134,129,28,25,43.8,115,0
05:55:01,33.8,50.0,54.1,115,121,36,26,48.9,139,0
05:56:01,48.7,52.4,53.6,164,141,31,29,43.3,111,0
05:57:01,31.0,52.3,56.0,121,128,24,30,53.9,124,0
05:58:01,45.7,59.8,56.9,128,150,28,27,43.8,114,0
05:59:01,57.9,47.5,51.9,179,95,22,20,42.7,110,0
06:00:01,31.5,52.4,51.8,129,93,21,30,42.9,118,0
06:01:01,58.8,50.5,55.3,153,99,28,21,44.5,115,0
06:02:01,35.4,45.2,53.9,138,83,31,25,52.2,139,0
06:03:01,31.9,56.8,50.0,107,114,33,19,45.6,136,0
06:04:01,51.2,50.5,53.0,137,115,38,25,45.2,149,0
06:05:01,51.7,53.9,58.9,127,120,23,16,50.5,128,0
06:06:01,45.3,56.5,56.8,176,146,30,25,50.5,140,0
06:07:01,59.4,57.5,54.0,148,142,38,16,44.1,117,0
06:08:01,36.3,49.5,55.2,136,120,32,28,44.6,117,0
06:09:01,54.3,45.2,50.2,119,142,29,28,50.5,114,0
06:10:01,37.9,56.5,52.6,161,119,29,27,44.7,130,0
06:11:01,46.2,57.5,57.4,119,115,22,15,47.8,149,0
06:12:01,34.6,54.6,52.3,129,124,26,29,43.8,111,0
06:13:01,46.3,55.5,57.9,145,112,38,25,52.1,127,0
06:14:01,58.3,53.2,59.0,153,124,35,26,46.9,114,0
06:15:01,45.7,51.8,54.0,180,130,25,17,48.7,117,0
06:16:01,33.6,54.4,57.3,132,140,39,17,52.9,135,0
06:17:01,59.0,54.4,51.1,124,115,37,24,53.5,117,0
06:18:01,31.0,47.6,51.7,109,116,33,26,46.6,130,0
06:19:01,34.1,50.4,56.7,133,150,20,29,53.9,139,0
06:20:01,54.6,49.2,52.3,137,131,36,20,47.1,150,0
06:21:01,46.6,59.3,51.5,165,105,34,25,43.5,150,0
06:22:01,53.2,52.3,51.6,172,111,22,15,47.0,120,0
06:23:01,33.0,52.2,59.7,158,125,22,23,55.0,120,0
06:24:01,34.8,47.4,50.7,146,106,38,21,54.4,130,0
06:25:01,60.0,56.1,56.4,159,102,30,19,49.1,150,0
06:26:01,38.8,56.3,55.5,119,136,20,29,44.7,138,0
06:27:01,51.4,48.3,58.4,120,107,33,21,48.0,136,0
06:28:01,35.7,48.5,55.9,113,84,40,23,46.7,127,0
06:29:01,38.7,53.4,52.1,168,99,26,16,54.1,138,0
06:30:01,30.1,46.0,53.4,103,108,32,29,50.0,136,0
06:31:01,33.8,54.2,59.5,144,91,32,20,53.6,113,0
06:32:01,44.4,49.3,56.4,139,121,36,23,44.0,134,0
06:33:01,56.2,55.1,56.3,116,96,29,20,44.9,116,0
06:34:01,41.4,57.4,54.3,168,124,22,17,45.9,147,0
06:35:01,40.1,50.2,50.5,104,115,32,26,44.9,147,0
06:36:01,44.6,59.0,55.3,139,135,28,15,48.2,115,0
06:37:01,35.0,48.0,50.9,105,88,37,18,44.1,145,0
06:38:01,55.3,46.0,57.8,154,135,24,17,44.9,146,0
06:39:01,38.4,46.7,52.6,115,135,31,26,52.4,116,0
06:40:01,95.5,99.8,59.4,921,1181,351,695,76.7,460,1
06:41:01,30.7,51.1,56.7,162,102,25,21,52.6,141,0
06:42:01,49.5,54.9,56.8,178,90,32,29,46.5,136,0
06:43:01,39.3,47.9,58.4,127,97,37,17,54.1,146,0
06:44:01,35.9,50.8,57.1,126,87,30,15,43.3,142,0
06:45:01,59.1,51.1,51.8,154,112,33,27,44.3,116,0
06:46:01,53.8,54.9,52.5,168,115,38,29,45.5,141,0
06:47:01,85.8,86.1,52.2,1252,893,736,703,79.0,355,1
06:48:01,48.7,50.4,54.1,178,136,23,25,54.2,112,0
06:49:01,31.1,52.3,57.1,132,108,20,23,42.9,132,0
06:50:01,33.3,49.8,56.5,104,142,24,26,49.8,146,0
06:51:01,54.6,45.3,57.7,103,137,26,26,45.0,116,0
06:52:01,41.6,46.6,56.1,165,128,33,29,43.9,130,0
06:53:01,54.1,46.1,59.2,127,137,29,18,46.5,131,0
06:54:01,53.7,55.7,54.3,174,80,39,25,46.9,140,0
06:55:01,39.5,45.4,56.3,166,129,27,29,47.7,128,0
06:56:01,31.7,49.9,52.8,114,139,20,17,54.4,124,0
06:57:01,58.4,50.1,56.8,117,88,39,19,44.1,148,0
06:58:01,38.2,58.9,59.0,169,99,23,27,46.0,120,0
06:59:01,59.1,56.8,54.9,102,103,25,26,46.0,143,0
07:00:01,40.2,55.2,58.0,102,113,27,18,48.1,142,0
07:01:01,36.5,55.2,53.1,180,142,37,28,43.6,115,0
07:02:01,37.7,59.3,58.6,134,92,24,24,45.3,144,0
07:03:01,37.8,49.2,52.3,132,129,34,15,53.7,134,0
07:04:01,44.9,47.1,58.4,124,109,21,18,47.7,115,0
07:05:01,37.5,52.9,54.6,137,94,40,18,51.4,114,0
07:06:01,49.8,50.8,58.8,129,105,38,15,51.0,137,0
07:07:01,44.0,55.8,56.2,178,139,39,26,46.5,130,0
07:08:01,54.7,53.8,50.2,105,120,25,15,51.8,144,0
07:09:01,37.1,54.0,52.2,147,142,35,17,54.8,133,0
07:10:01,51.2,45.2,55.8,172,116,36,27,45.8,150,0
07:11:01,92.1,86.6,56.1,1414,1290,599,396,91.7,531,1
07:12:01,47.8,55.5,51.0,174,148,26,23,42.8,120,0
07:13:01,50.9,54.7,58.5,176,88,40,28,50.5,119,0
07:14:01,45.2,54.7,54.4,132,88,20,18,42.2,132,0
07:15:01,89.2,87.9,57.4,742,1222,706,481,90.4,353,1
07:16:01,47.8,48.5,58.7,123,96,26,25,47.0,138,0
07:17:01,40.0,58.7,55.8,148,101,25,23,50.6,140,0
07:18:01,98.4,87.7,68.2,1374,864,614,738,77.2,524,1
07:19:01,46.7,47.5,59.9,103,132,24,20,45.0,133,0
07:20:01,30.4,46.7,58.0,145,133,32,30,46.2,134,0
07:21:01,33.0,57.6,51.2,136,149,39,19,45.9,144,0
07:22:01,59.6,50.7,59.6,176,137,37,28,45.5,125,0
07:23:01,31.8,53.0,50.5,106,105,20,25,48.2,134,0
07:24:01,41.4,47.2,57.9,163,135,38,19,46.2,126,0
07:25:01,52.7,53.0,59.5,145,92,33,20,53.2,113,0
07:26:01,57.0,46.2,53.1,100,93,37,24,49.2,127,0
07:27:01,44.6,56.9,55.0,143,91,24,30,48.2,126,0
07:28:01,46.5,52.7,55.2,114,132,39,30,44.8,145,0
07:29:01,39.1,57.7,56.9,156,121,31,24,42.7,148,0
07:30:01,46.5,52.4,59.6,100,117,23,29,50.1,119,0
07:31:01,59.4,59.6,55.8,104,95,22,15,44.4,133,0
07:32:01,31.8,48.2,51.9,155,150,21,24,52.5,114,0
07:33:01,89.6,99.3,56.1,1133,744,466,459,92.9,397,1
07:34:01,32.6,59.4,52.5,124,82,26,19,48.6,145,0
07:35:01,33.4,52.1,55.0,164,131,28,17,47.1,119,0
07:36:01,51.9,55.7,59.2,102,111,37,25,52.5,126,0
07:37:01,56.1,48.6,56.0,161,134,21,22,47.4,133,0
07:38:01,35.0,46.3,52.3,161,147,31,18,54.2,149,0
07:39:01,43.8,48.1,54.3,172,115,26,17,45.7,127,0
07:40:01,34.9,47.9,57.8,156,119,31,18,54.2,120,0
07:41:01,30.6,57.5,55.2,131,123,29,21,48.2,118,0
07:42:01,48.6,49.6,50.5,134,136,32,22,48.6,127,0
07:43:01,59.0,53.9,56.6,178,86,33,19,45.1,134,0
07:44:01,33.0,55.9,58.3,147,114,32,28,46.7,141,0
07:45:01,37.8,57.2,50.5,175,145,25,30,47.8,150,0
07:46:01,50.4,48.1,53.1,119,107,33,29,50.6,127,0
07:47:01,31.5,55.5,58.1,165,147,23,27,52.1,118,0
07:48:01,33.1,50.9,59.8,130,139,32,22,46.4,111,0
07:49:01,33.7,53.1,52.8,114,133,27,20,49.8,135,0
07:50:01,41.6,48.0,56.6,145,96,37,17,53.8,115,0
07:51:01,30.4,56.0,50.7,148,135,27,23,54.5,147,0
07:52:01,36.2,57.3,51.3,177,117,39,26,42.2,110,0
07:53:01,32.3,49.7,55.9,112,115,22,23,44.6,144,0
07:54:01,35.9,51.0,52.3,121,99,21,19,45.6,115,0
07:55:01,55.1,51.2,50.4,165,90,32,17,44.4,117,0
07:56:01,58.1,49.8,52.2,128,95,39,28,45.4,111,0
07:57:01,39.9,47.6,55.3,107,110,24,16,46.4,110,0
07:58:01,51.8,48.2,52.3,138,109,22,26,48.1,123,0
07:59:01,59.3,58.4,51.1,136,101,21,22,44.3,114,0
08:00:01,56.4,50.7,59.4,108,102,38,16,54.0,144,0
08:01:01,40.3,46.1,58.1,175,115,40,24,51.3,120,0
08:02:01,53.2,56.2,50.1,161,149,26,21,48.7,119,0
08:03:01,57.2,51.2,58.1,163,130,27,20,46.0,129,0
08:04:01,34.4,53.3,50.3,139,80,27,19,54.3,121,0
08:05:01,56.9,50.7,54.4,139,97,24,15,42.4,115,0
08:06:01,48.8,51.2,52.6,180,89,33,17,48.0,133,0
08:07:01,46.4,59.3,51.4,114,104,24,23,45.1,142,0
08:08:01,56.4,47.1,54.8,129,133,29,25,47.3,125,0
08:09:01,33.1,46.9,55.4,114,131,28,29,53.3,136,0
08:10:01,46.9,55.0,53.1,161,122,37,20,54.8,142,0
08:11:01,45.7,45.5,56.3,175,105,37,27,45.6,111,0
08:12:01,35.2,57.4,57.9,110,145,32,19,46.4,142,0
08:13:01,33.5,55.2,59.7,145,117,37,24,52.3,117,0
08:14:01,47.2,48.7,58.0,122,120,36,30,43.6,150,0
08:15:01,55.2,48.6,58.6,121,137,38,19,52.3,125,0
08:16:01,48.8,54.7,59.3,115,106,28,25,50.0,115,0
08:17:01,43.2,52.3,58.2,153,91,33,18,48.4,131,0
08:18:01,41.2,58.0,53.1,136,108,40,28,42.8,129,0
08:19:01,48.6,51.6,55.1,131,100,21,15,45.8,138,0
08:20:01,46.1,52.4,56.5,166,100,27,24,52.3,117,0
08:21:01,58.3,51.8,59.4,136,122,35,17,44.7,133,0
08:22:01,58.0,56.5,51.1,112,134,24,28,42.1,122,0
08:23:01,47.6,57.5,50.6,142,121,21,28,51.2,114,0
08:24:01,60.0,46.0,51.0,136,109,39,21,50.3,150,0
08:25:01,30.2,59.2,60.0,176,104,24,16,49.1,145,0
08:26:01,32.4,56.8,56.4,144,142,23,18,54.4,122,0
08:27:01,57.6,50.5,53.2,130,101,36,18,53.9,121,0
08:28:01,41.6,46.6,50.2,171,96,26,15,44.8,124,0
08:29:01,32.6,53.6,55.2,149,126,20,28,53.5,112,0
08:30:01,48.7,46.3,57.6,130,88,32,15,42.8,139,0
08:31:01,37.5,51.3,53.5,105,139,40,19,51.6,110,0
08:32:01,31.1,49.8,51.2,104,104,26,19,47.6,115,0
08:33:01,43.5,50.2,56.5,133,136,35,26,47.4,140,0
08:34:01,42.5,47.1,51.6,168,138,29,23,45.6,137,0
08:35:01,34.6,57.4,58.6,169,135,33,17,45.1,147,0
08:36:01,46.7,46.3,56.1,130,130,38,23,52.4,117,0
08:37:01,47.7,50.1,52.7,148,130,24,26,54.9,133,0
08:38:01,52.5,55.4,51.0,103,91,28,29,44.2,124,0
08:39:01,33.0,59.0,54.1,149,123,38,21,44.1,147,0
08:40:01,31.9,58.2,53.6,138,110,36,30,46.9,145,0
08:41:01,33.0,54.4,55.3,135,107,28,16,50.0,148,0
08:42:01,44.3,45.8,52.2,138,150,28,20,42.4,121,0
08:43:01,94.5,98.6,66.8,1255,769,779,325,86.6,461,1
08:44:01,30.3,47.6,57.9,123,113,21,19,54.6,128,0
08:45:01,47.6,54.8,55.2,156,109,27,22,47.2,136,0
08:46:01,33.5,45.9,54.0,148,124,35,24,47.4,115,0
08:47:01,46.3,49.2,51.3,170,139,35,28,44.6,143,0
08:48:01,55.5,54.4,52.6,102,89,36,22,53.5,137,0
08:49:01,96.3,90.2,69.6,1442,945,811,602,93.3,369,1
08:50:01,43.2,53.3,51.5,108,89,34,25,53.4,116,0
08:51:01,32.7,58.7,53.0,134,135,28,25,42.5,147,0
08:52:01,47.9,51.7,51.9,108,111,20,28,48.8,135,0
08:53:01,51.9,50.6,55.5,146,132,40,28,46.5,117,0
08:54:01,43.7,58.7,53.3,165,142,21,15,46.1,124,0
08:55:01,42.5,50.2,60.0,179,133,25,15,51.8,124,0
08:56:01,53.0,55.2,54.3,156,113,25,25,47.2,125,0
08:57:01,45.5,56.1,55.8,153,146,25,22,43.2,132,0
08:58:01,59.5,57.3,55.7,174,146,38,17,47.4,111,0
08:59:01,56.2,54.9,53.2,101,98,36,17,53.2,129,0
09:00:01,55.1,58.5,54.0,144,85,33,16,50.0,150,0
09:01:01,32.9,48.6,59.9,180,105,32,15,42.6,112,0
09:02:01,53.5,48.3,55.9,145,128,21,15,45.5,119,0
09:03:01,47.2,46.9,57.1,168,98,30,28,45.7,110,0
09:04:01,41.3,55.4,58.0,178,146,23,20,42.0,140,0
09:05:01,52.9,52.8,58.5,161,81,30,26,48.2,117,0
09:06:01,54.1,53.1,58.9,126,114,33,29,54.4,141,0
09:07:01,42.9,54.5,53.2,101,146,25,23,54.1,131,0
09:08:01,45.8,51.0,56.9,166,112,34,17,45.2,133,0
09:09:01,56.6,47.9,52.2,151,99,31,16,48.5,144,0
09:10:01,56.1,56.2,52.3,111,102,31,18,47.1,145,0
09:11:01,54.5,46.2,53.7,123,133,20,28,43.2,118,0
09:12:01,38.2,53.6,56.1,103,149,24,26,43.5,150,0
09:13:01,58.4,58.0,58.2,145,92,29,22,52.1,111,0
09:14:01,35.6,52.6,50.1,151,99,35,22,51.3,112,0
09:15:01,48.0,45.5,53.9,113,87,37,23,50.6,140,0
09:16:01,56.0,57.6,54.8,167,101,27,27,49.1,127,0
09:17:01,96.0,94.6,54.9,1047,836,450,491,90.0,513,1
09:18:01,36.6,59.6,59.5,170,107,39,20,44.2,126,0
09:19:01,35.0,56.9,56.3,132,150,33,16,49.2,148,0
09:20:01,32.5,58.1,53.0,108,121,37,15,49.4,127,0
09:21:01,34.3,52.4,52.4,118,146,30,18,45.8,139,0
09:22:01,49.0,46.0,52.6,138,88,36,17,50.5,117,0
09:23:01,32.7,55.1,51.1,179,110,23,22,50.9,115,0
09:24:01,42.9,49.5,59.9,152,131,22,19,45.9,114,0
09:25:01,46.0,59.1,55.2,108,94,40,16,53.9,139,0
09:26:01,32.0,56.3,50.4,135,82,25,19,52.6,143,0
09:27:01,48.8,56.9,58.8,136,94,23,25,42.2,149,0
09:28:01,95.4,95.4,54.6,890,744,649,758,92.3,496,1
09:29:01,50.8,58.3,57.4,137,133,24,26,42.9,142,0
09:30:01,42.9,52.0,58.9,124,129,30,22,52.2,124,0
09:31:01,36.9,59.2,52.8,113,111,22,24,42.9,147,0
09:32:01,46.5,51.1,54.7,140,127,33,29,43.4,119,0
09:33:01,43.2,46.0,55.7,101,141,37,19,46.0,147,0
09:34:01,45.5,55.1,52.2,149,133,23,17,51.0,133,0
09:35:01,35.8,53.9,53.5,102,142,28,23,43.2,130,0
09:36:01,49.4,51.5,54.6,105,141,39,15,45.3,148,0
09:37:01,44.5,46.7,56.2,138,120,32,18,54.2,121,0
09:38:01,52.8,49.4,56.3,177,83,25,18,54.7,112,0
09:39:01,41.8,57.8,53.5,155,110,29,29,50.2,124,0
09:40:01,53.4,50.7,55.6,147,113,31,30,52.1,130,0
09:41:01,41.5,49.7,50.4,113,82,38,26,47.4,126,0
09:42:01,47.2,53.6,51.0,124,132,28,19,46.9,131,0
09:43:01,31.6,58.9,50.8,105,145,22,22,44.5,130,0
09:44:01,30.3,55.6,58.3,178,86,31,17,46.1,122,0
09:45:01,40.2,59.6,58.3,143,149,27,20,49.3,115,0
09:46:01,34.4,49.4,57.3,156,126,33,21,46.0,117,0
09:47:01,32.5,59.2,55.0,159,147,39,25,43.6,131,0
09:48:01,50.8,59.8,50.1,168,109,35,29,51.2,149,0
09:49:01,36.9,55.0,56.5,180,135,38,15,45.5,141,0
09:50:01,54.1,50.2,51.9,160,139,22,17,45.9,144,0
09:51:01,41.9,54.7,55.7,119,114,20,21,47.7,150,0
09:52:01,38.1,58.5,50.6,153,147,26,17,47.6,120,0
09:53:01,45.9,53.8,59.7,169,128,33,17,42.9,150,0
09:54:01,47.4,48.6,55.8,100,104,34,23,47.4,140,0
09:55:01,59.0,57.4,58.7,149,121,20,16,47.5,114,0
09:56:01,86.6,96.3,66.2,1198,1258,690,464,89.1,581,1
09:57:01,34.8,47.5,56.9,104,109,36,18,45.8,119,0
09:58:01,56.2,50.0,57.0,146,146,23,16,50.9,137,0
09:59:01,38.4,45.7,56.1,138,130,32,24,48.4,111,0
10:00:01,49.2,55.7,59.3,133,112,30,18,43.8,111,0
10:01:01,55.5,48.9,51.4,104,131,21,25,53.3,143,0
10:02:01,57.0,45.5,52.3,148,97,27,27,46.2,143,0
10:03:01,45.0,46.1,52.5,108,124,31,21,53.7,110,0
10:04:01,57.3,45.5,56.4,176,127,23,28,48.1,112,0
10:05:01,32.7,60.0,55.9,176,114,33,24,45.7,138,0
10:06:01,38.8,54.4,58.2,157,93,38,26,50.3,145,0
10:07:01,31.2,52.2,57.7,143,88,24,30,51.8,142,0
10:08:01,48.4,47.3,52.8,122,118,35,28,53.6,130,0
10:09:01,86.6,85.7,57.5,712,1238,790,341,91.7,539,1
10:10:01,47.2,47.4,55.9,108,87,32,17,48.6,123,0
10:11:01,40.3,52.8,52.2,132,94,27,17,47.8,123,0
10:12:01,30.2,49.6,57.9,101,144,40,19,48.3,114,0
10:13:01,35.5,50.7,58.0,146,128,25,18,50.0,149,0
10:14:01,33.6,58.6,51.4,130,142,34,17,53.4,116,0
10:15:01,37.5,45.6,56.4,173,107,27,19,47.5,130,0
10:16:01,31.1,59.9,55.6,113,110,23,21,48.0,139,0
10:17:01,32.9,54.3,54.6,165,146,37,19,42.7,123,0
10:18:01,57.7,53.9,52.2,161,148,28,27,51.2,115,0
10:19:01,35.9,58.1,51.6,169,98,38,25,42.3,126,0
10:20:01,54.3,56.9,50.2,112,146,33,23,45.9,111,0
10:21:01,85.2,94.6,53.7,1021,1153,726,406,84.2,535,1
10:22:01,49.3,58.7,51.8,153,105,26,18,52.5,144,0
10:23:01,41.0,51.0,54.6,142,114,26,25,49.0,114,0
10:24:01,87.5,95.6,58.3,1204,758,408,736,77.4,389,1
10:25:01,54.4,51.9,51.6,107,135,34,30,49.0,128,0
10:26:01,30.6,52.6,56.8,121,89,21,28,48.2,137,0
10:27:01,51.2,59.9,56.8,100,113,39,17,54.8,137,0
10:28:01,33.8,53.4,52.1,132,142,29,20,46.9,148,0
10:29:01,40.2,51.1,50.8,130,100,22,17,53.3,119,0
10:30:01,51.4,56.4,59.4,133,150,21,27,45.2,130,0
10:31:01,43.9,58.4,52.2,159,118,38,28,46.3,134,0
10:32:01,32.3,53.6,52.0,173,108,36,16,42.7,141,0
10:33:01,99.1,93.0,62.5,1428,763,695,324,93.0,482,1
10:34:01,98.2,90.9,63.4,1143,670,633,739,77.0,470,1
10:35:01,40.4,57.1,52.0,117,85,22,24,50.3,140,0
10:36:01,33.2,57.1,57.8,111,139,37,17,52.4,150,0
10:37:01,44.8,45.8,55.0,151,104,26,21,52.1,117,0
10:38:01,31.2,53.2,60.0,105,101,33,21,48.6,119,0
10:39:01,55.0,51.3,56.2,114,84,36,29,45.6,142,0
10:40:01,50.3,56.1,58.7,151,80,23,20,50.1,141,0
10:41:01,39.5,57.6,56.7,166,132,23,27,44.0,118,0
10:42:01,59.4,56.6,53.1,135,122,23,30,53.4,115,0
10:43:01,43.5,47.3,56.6,118,137,33,16,52.1,125,0
10:44:01,50.6,50.5,58.6,128,127,28,16,54.8,123,0
10:45:01,40.6,52.5,57.9,110,104,27,30,46.4,115,0
10:46:01,35.9,47.3,52.1,169,133,32,23,52.5,144,0
10:47:01,58.0,59.2,59.3,164,148,38,26,43.4,127,0
10:48:01,51.0,47.6,51.1,129,148,23,20,45.8,130,0
10:49:01,44.0,56.8,53.8,166,114,37,21,44.2,123,0
10:50:01,38.1,50.5,59.9,101,139,23,24,50.1,112,0
10:51:01,49.1,46.9,53.4,168,86,39,16,49.2,141,0
10:52:01,34.0,49.9,59.9,159,130,29,17,52.8,121,0
10:53:01,39.2,59.9,51.0,176,133,26,29,49.7,131,0
10:54:01,43.3,58.3,58.3,111,118,40,24,44.3,112,0
10:55:01,58.9,47.4,59.7,179,148,40,18,53.1,141,0
10:56:01,46.9,51.6,52.8,154,116,33,29,49.1,137,0
10:57:01,35.4,54.0,56.4,171,95,26,19,44.9,114,0
10:58:01,58.7,49.2,59.3,162,100,22,20,45.2,124,0
10:59:01,34.0,48.7,56.7,156,90,24,16,45.3,121,0
11:00:01,51.0,52.8,52.7,167,146,25,24,50.3,119,0
11:01:01,37.5,52.4,52.0,120,106,31,15,49.8,120,0
11:02:01,41.6,53.5,50.3,131,91,21,15,53.4,129,0
11:03:01,50.7,52.3,55.8,122,80,21,24,54.0,115,0
11:04:01,94.9,87.2,61.8,1334,952,403,380,83.6,514,1
11:05:01,37.8,58.6,59.3,137,82,20,29,43.2,114,0
11:06:01,32.0,58.0,56.4,161,146,26,25,52.4,133,0
11:07:01,50.2,50.1,51.1,168,116,36,21,54.0,136,0
11:08:01,53.1,56.9,59.0,161,89,38,17,49.7,137,0
11:09:01,39.0,58.5,52.3,120,139,25,16,48.5,144,0
11:10:01,31.1,49.5,55.0,163,81,36,20,53.4,127,0
11:11:01,90.4,99.4,69.9,1425,1384,830,414,90.2,434,1
11:12:01,97.0,98.6,54.4,883,1249,577,343,92.1,358,1
11:13:01,40.3,45.3,53.3,115,100,39,30,42.8,150,0
11:14:01,48.9,59.0,53.0,114,132,33,26,51.5,110,0
11:15:01,46.7,52.3,57.2,114,119,29,25,52.0,149,0
11:16:01,31.4,59.2,59.5,118,126,40,24,52.1,141,0
11:17:01,32.2,49.3,52.5,114,96,29,20,48.7,111,0
11:18:01,37.6,57.3,52.3,146,112,34,15,53.3,141,0
11:19:01,48.8,56.0,58.4,109,101,40,24,45.0,126,0
11:20:01,39.2,48.4,54.6,104,133,30,26,52.4,149,0
11:21:01,39.9,57.7,53.2,116,88,28,20,54.8,110,0
11:22:01,43.6,54.1,56.7,175,109,32,29,51.6,139,0
11:23:01,56.0,49.6,51.9,138,106,24,30,52.0,131,0
11:24:01,33.2,56.8,52.0,162,113,20,29,51.4,118,0
11:25:01,58.9,58.0,52.1,149,106,40,25,49.7,111,0
11:26:01,55.7,54.1,54.6,179,87,33,16,51.4,131,0
11:27:01,98.0,91.1,59.9,1464,1138,827,668,92.0,410,1
11:28:01,34.2,54.1,53.1,165,122,31,17,49.2,141,0
11:29:01,44.5,58.2,56.2,130,138,40,25,46.4,145,0
11:30:01,34.4,59.5,53.6,109,87,25,21,49.1,116,0
11:31:01,87.4,95.4,56.5,1439,1235,694,489,91.0,548,1
11:32:01,53.8,54.1,54.3,180,146,35,24,44.3,112,0
11:33:01,34.5,53.2,50.1,121,89,26,23,44.1,114,0
11:34:01,45.1,55.3,55.1,144,135,25,25,53.9,111,0
11:35:01,40.3,47.5,51.3,167,141,36,29,54.5,122,0
11:36:01,48.3,49.4,52.9,164,96,35,16,54.7,123,0
11:37:01,33.9,53.6,57.1,137,82,36,21,52.4,111,0
11:38:01,58.2,59.1,57.4,110,115,37,26,53.3,146,0
11:39:01,44.0,58.5,57.8,106,95,29,25,51.7,140,0
11:40:01,32.8,53.9,56.1,172,109,23,26,51.6,140,0
11:41:01,89.9,86.3,62.4,910,1180,872,422,92.5,499,1
11:42:01,59.7,53.9,55.4,163,130,32,22,42.2,144,0
11:43:01,36.7,53.7,59.8,158,121,24,26,47.0,123,0
11:44:01,40.3,59.7,51.5,131,81,23,29,42.5,132,0
11:45:01,39.0,45.4,52.0,105,89,22,29,54.7,147,0
11:46:01,37.4,55.6,56.3,125,94,38,17,47.7,128,0
11:47:01,50.4,49.7,56.0,143,83,40,25,53.0,139,0
11:48:01,53.4,55.6,58.0,103,137,33,16,48.5,140,0
11:49:01,48.9,58.5,51.7,114,144,23,27,42.2,126,0
11:50:01,57.9,49.0,53.6,143,84,30,24,42.3,140,0
11:51:01,35.2,46.9,55.0,107,124,25,22,42.6,119,0
11:52:01,57.3,52.4,53.6,125,88,25,22,45.7,132,0
11:53:01,93.7,86.3,64.5,1125,818,475,425,79.9,559,1
11:54:01,39.3,59.5,59.6,134,97,29,19,51.7,121,0
11:55:01,41.4,58.5,52.2,143,102,30,18,45.8,119,0
11:56:01,45.2,49.0,54.7,112,81,39,26,46.2,136,0
11:57:01,37.7,55.4,55.7,159,82,29,17,52.4,145,0
11:58:01,43.2,51.2,56.5,114,89,35,19,51.6,125,0
11:59:01,43.2,56.2,55.3,153,131,32,16,51.7,142,0
12:00:01,54.1,47.4,58.9,116,133,27,21,52.0,120,0
12:01:01,43.8,54.2,54.8,153,89,22,18,51.9,141,0
12:02:01,36.8,51.1,55.1,146,109,23,21,45.5,122,0
12:03:01,32.1,53.8,56.5,101,96,20,19,42.9,137,0
12:04:01,55.5,48.4,59.2,136,140,38,21,44.5,127,0
12:05:01,43.4,49.3,57.0,148,102,24,20,44.6,121,0
12:06:01,37.3,47.5,54.9,147,111,31,20,44.8,119,0
12:07:01,35.0,59.2,51.0,117,105,37,16,50.2,138,0
12:08:01,37.6,49.3,59.4,133,95,37,24,46.5,125,0
12:09:01,57.4,48.8,51.6,112,115,22,25,46.5,115,0
12:10:01,49.6,57.7,53.8,172,108,30,17,51.8,126,0
12:11:01,53.0,49.9,58.8,103,146,26,28,45.2,126,0
12:12:01,52.2,51.0,59.9,169,93,33,15,47.4,122,0
12:13:01,91.4,98.9,57.0,1477,1213,635,402,76.7,376,1
12:14:01,30.7,59.6,59.5,145,138,32,25,54.3,138,0
12:15:01,30.1,48.1,54.6,152,138,29,15,49.6,130,0
12:16:01,46.1,58.7,55.6,142,89,34,20,51.6,125,0
12:17:01,49.3,48.1,53.2,143,134,38,22,49.1,121,0
12:18:01,51.9,54.0,56.7,131,109,26,18,42.2,145,0
12:19:01,38.5,57.9,51.1,164,106,24,27,50.5,115,0
12:20:01,45.6,57.6,58.5,180,93,22,20,47.2,139,0
12:21:01,54.8,55.5,59.6,176,139,23,19,43.0,137,0
12:22:01,35.4,55.8,52.1,120,96,28,24,54.3,145,0
12:23:01,59.8,57.5,55.5,134,144,37,27,49.1,139,0
12:24:01,44.4,54.1,53.0,143,115,34,30,45.0,131,0
12:25:01,50.7,59.5,59.9,116,107,27,24,45.3,111,0
12:26:01,32.4,49.0,55.5,158,128,27,25,49.2,134,0
12:27:01,51.7,56.4,56.2,104,82,23,20,48.6,132,0
12:28:01,36.6,57.9,54.4,106,93,36,20,46.4,148,0
12:29:01,87.0,87.4,58.8,1179,1145,454,373,90.4,358,1
12:30:01,45.1,46.8,50.3,129,147,30,30,43.6,139,0
12:31:01,46.7,55.7,57.0,173,91,26,28,46.4,115,0
12:32:01,47.5,46.6,51.0,169,133,40,28,51.0,128,0
12:33:01,41.8,46.6,57.3,160,138,28,20,48.5,128,0
12:34:01,41.4,53.9,51.6,176,118,31,15,43.1,117,0
12:35:01,49.3,45.0,52.9,100,131,32,29,47.7,113,0
12:36:01,59.6,47.1,50.6,125,102,21,21,45.0,146,0
12:37:01,31.0,47.6,58.7,158,124,23,16,51.5,119,0
12:38:01,45.7,52.5,52.9,164,98,40,27,52.7,130,0
12:39:01,37.9,47.8,50.5,155,133,33,25,46.7,125,0
12:40:01,41.6,57.7,55.9,135,116,35,25,45.9,145,0
12:41:01,46.8,58.5,50.9,115,141,20,17,42.2,142,0
12:42:01,33.6,52.3,54.7,124,116,26,22,45.4,127,0
12:43:01,94.1,97.6,68.7,1292,1235,689,523,81.7,543,1
12:44:01,33.6,53.4,56.3,174,116,31,29,54.5,111,0
12:45:01,35.8,59.5,52.9,111,138,21,29,53.2,136,0
12:46:01,48.4,58.8,53.2,165,128,36,24,54.9,130,0
12:47:01,53.9,51.1,52.7,138,102,39,17,48.2,130,0
12:48:01,42.3,47.3,53.3,133,82,40,24,45.5,135,0
12:49:01,96.9,89.3,52.6,1071,986,645,355,85.3,395,1
12:50:01,55.4,51.8,57.6,142,119,20,22,42.5,139,0
12:51:01,42.2,52.1,55.9,123,122,20,16,45.7,130,0
12:52:01,50.3,50.5,50.7,123,93,33,30,43.0,134,0
12:53:01,39.4,56.1,51.2,137,111,30,17,45.6,140,0
12:54:01,47.0,54.7,50.1,144,123,26,22,53.3,146,0
12:55:01,50.4,49.8,53.8,101,94,34,19,42.5,117,0
12:56:01,48.7,48.1,50.4,145,81,40,24,44.0,137,0
12:57:01,52.8,58.4,56.6,175,137,23,18,51.6,136,0
12:58:01,53.6,50.4,56.3,121,105,27,30,49.9,126,0
12:59:01,38.6,55.5,56.7,119,82,33,24,51.6,118,0
13:00:01,97.0,98.7,56.9,1356,1376,742,512,83.3,444,1
13:01:01,54.1,54.3,51.9,174,91,34,19,52.7,116,0
13:02:01,95.4,85.1,64.7,1008,1277,453,374,82.3,461,1
13:03:01,48.8,51.8,58.7,164,104,39,26,46.7,119,0
13:04:01,54.5,59.5,57.7,158,147,29,17,51.2,139,0
13:05:01,41.6,49.0,54.0,145,128,34,23,52.5,128,0
13:06:01,56.4,51.1,59.5,103,138,26,19,47.4,114,0
13:07:01,32.3,52.9,57.5,108,100,20,17,46.0,148,0
13:08:01,33.6,53.5,52.1,147,93,37,15,47.5,112,0
13:09:01,40.5,52.7,59.1,120,131,26,23,52.5,150,0
13:10:01,57.3,59.8,54.0,122,117,34,18,53.9,125,0
13:11:01,31.3,58.3,50.3,126,149,31,15,52.6,119,0
13:12:01,30.1,49.1,54.5,161,130,34,27,54.7,113,0
13:13:01,48.0,49.9,52.4,130,105,24,29,47.7,140,0
13:14:01,34.5,57.4,53.8,155,131,34,25,53.7,113,0
13:15:01,47.0,53.3,50.4,104,131,32,21,46.8,144,0
13:16:01,32.8,51.8,56.1,174,99,36,22,52.0,115,0
13:17:01,35.5,58.9,50.6,105,87,37,20,46.7,136,0
13:18:01,57.2,57.1,55.8,144,130,37,17,54.9,139,0
13:19:01,45.7,46.4,57.2,140,110,21,16,52.6,144,0
13:20:01,57.8,49.2,56.8,109,127,21,21,48.0,132,0
13:21:01,46.3,49.0,59.7,171,112,40,19,44.8,113,0
13:22:01,42.1,56.3,55.2,137,85,33,19,44.2,128,0
13:23:01,30.3,51.1,50.5,148,108,23,19,45.1,142,0
13:24:01,49.3,52.4,59.9,165,129,40,22,53.4,135,0
13:25:01,53.7,51.7,55.3,143,114,23,28,44.0,121,0
13:26:01,35.5,58.6,50.1,161,94,39,20,53.7,119,0
13:27:01,31.5,51.6,56.9,145,104,29,18,43.8,115,0
13:28:01,39.0,54.1,55.6,161,102,21,27,54.6,138,0
13:29:01,34.1,56.4,57.2,161,83,31,29,51.6,110,0
13:30:01,41.7,56.6,58.1,161,85,40,18,46.9,147,0
13:31:01,47.2,53.8,50.5,149,109,36,23,49.9,143,0
13:32:01,47.7,51.5,57.9,151,132,33,24,53.6,119,0
13:33:01,52.1,45.7,54.0,141,89,35,28,49.8,149,0
13:34:01,33.2,51.8,52.0,176,131,39,20,54.0,110,0
13:35:01,55.7,55.4,57.6,172,134,36,16,48.2,124,0
13:36:01,41.3,54.9,58.0,174,134,39,15,54.2,123,0
13:37:01,59.6,51.1,52.5,101,127,20,21,49.2,134,0
13:38:01,35.8,57.1,58.4,169,96,29,29,42.2,131,0
13:39:01,30.4,58.7,51.1,127,125,26,20,54.1,125,0
13:40:01,42.0,59.3,57.7,155,123,24,18,47.3,131,0
13:41:01,31.3,54.5,51.5,127,147,23,21,46.8,113,0
13:42:01,44.2,50.6,54.0,123,89,30,18,50.7,121,0
13:43:01,31.3,46.9,51.4,176,139,28,26,44.3,148,0
13:44:01,56.8,47.0,56.6,127,127,32,20,45.6,127,0
13:45:01,48.6,57.1,52.1,165,110,38,29,43.7,145,0
13:46:01,42.9,59.1,56.8,159,85,30,17,54.8,142,0
13:47:01,58.7,57.8,59.5,117,138,32,16,48.0,136,0
13:48:01,59.8,56.6,57.8,137,137,29,23,48.7,132,0
13:49:01,35.5,53.0,52.7,115,128,25,29,47.0,117,0
13:50:01,52.6,51.4,51.4,158,111,36,29,52.8,128,0
13:51:01,44.9,52.6,56.5,170,98,21,27,45.2,118,0
13:52:01,44.8,55.4,58.5,116,116,23,29,46.4,111,0
13:53:01,49.6,50.7,57.1,149,136,23,25,51.2,114,0
13:54:01,50.9,50.7,56.7,151,120,35,19,48.0,121,0
13:55:01,50.1,51.4,56.7,148,113,21,19,48.0,133,0
13:56:01,35.6,53.2,53.0,173,135,25,21,52.4,115,0
13:57:01,58.4,54.5,55.5,111,119,25,21,45.4,125,0
13:58:01,58.7,54.3,58.7,148,113,30,21,45.7,143,0
13:59:01,41.2,50.6,57.0,170,140,24,18,53.8,126,0
14:00:01,44.0,52.1,54.0,179,134,31,25,45.0,118,0
14:01:01,87.1,92.9,62.2,1126,1020,685,510,93.8,429,1
14:02:01,59.7,58.8,57.2,101,129,24,16,48.0,110,0
14:03:01,40.1,52.3,59.2,158,148,25,30,54.5,111,0
14:04:01,32.7,49.4,51.5,162,111,29,26,43.4,131,0
14:05:01,34.4,56.0,54.3,167,106,27,20,45.0,147,0
14:06:01,55.2,58.1,56.9,150,139,27,17,46.7,139,0
14:07:01,99.1,99.5,64.4,1097,1294,471,376,90.7,500,1
14:08:01,54.6,50.2,55.6,105,147,31,21,53.2,128,0
14:09:01,49.7,56.4,50.1,121,88,27,30,44.1,125,0
14:10:01,49.1,46.9,52.0,180,97,21,26,42.3,128,0
14:11:01,59.5,45.2,51.6,166,81,38,18,54.1,119,0
14:12:01,58.4,53.3,57.2,114,81,20,17,53.8,132,0
14:13:01,42.2,54.7,58.3,131,106,25,22,51.4,148,0
14:14:01,53.4,58.5,53.8,164,124,31,27,49.9,120,0
14:15:01,32.0,58.3,57.6,125,140,24,27,42.0,142,0
14:16:01,49.3,59.6,59.3,117,102,27,25,47.3,123,0
14:17:01,32.1,58.7,52.4,111,143,37,26,52.6,138,0
14:18:01,59.6,55.1,59.0,127,129,38,29,45.1,130,0
14:19:01,36.7,59.9,52.9,110,100,32,21,49.2,129,0
14:20:01,57.0,58.5,58.8,159,98,31,25,48.3,150,0
14:21:01,31.0,45.8,54.5,153,91,40,30,44.5,118,0
14:22:01,42.4,58.4,54.8,136,121,37,28,45.0,125,0
14:23:01,49.5,51.5,59.9,141,85,35,16,43.4,130,0
14:24:01,56.9,52.1,53.9,178,123,26,16,54.7,123,0
14:25:01,58.7,48.9,58.9,168,149,38,30,50.4,144,0
14:26:01,56.7,45.8,53.0,103,86,37,21,45.6,130,0
14:27:01,34.8,51.4,59.3,106,99,37,27,51.6,139,0
14:28:01,50.8,47.6,55.1,168,147,31,29,42.4,136,0
14:29:01,58.1,58.0,53.0,132,133,36,15,46.7,133,0
14:30:01,46.3,49.7,53.9,160,119,20,30,54.3,146,0
14:31:01,59.6,52.3,51.8,154,130,24,15,48.1,113,0
14:32:01,38.1,48.0,55.2,158,103,34,25,48.6,128,0
14:33:01,39.2,55.5,51.5,128,95,28,27,45.6,134,0
14:34:01,53.4,57.4,57.7,111,138,37,18,51.7,144,0
14:35:01,46.2,52.5,57.1,174,123,31,30,49.9,147,0
14:36:01,31.6,50.9,58.0,104,80,24,26,47.3,119,0
14:37:01,52.6,47.2,54.1,113,91,40,29,51.0,126,0
14:38:01,42.1,53.3,52.3,179,137,30,28,48.5,114,0
14:39:01,36.7,56.2,50.6,120,125,36,26,44.2,128,0
14:40:01,57.1,58.4,59.8,175,85,29,15,44.7,117,0
14:41:01,43.5,56.9,56.4,173,133,40,17,46.3,149,0
14:42:01,88.9,94.5,59.8,707,696,661,518,79.2,425,1
14:43:01,34.8,59.1,56.6,129,123,22,18,48.6,142,0
14:44:01,41.9,54.8,56.4,123,82,20,25,43.1,128,0
14:45:01,34.5,52.0,52.3,138,89,25,29,50.8,130,0
14:46:01,50.7,59.8,55.3,148,80,24,23,46.8,133,0
14:47:01,40.8,57.8,55.0,118,93,28,29,46.6,132,0
14:48:01,88.8,92.8,63.7,1254,827,449,519,81.0,369,1
14:49:01,39.9,46.2,52.2,173,126,33,20,44.1,122,0
14:50:01,44.6,56.9,55.8,116,83,25,18,47.4,112,0
14:51:01,46.5,57.4,51.7,100,90,23,16,43.7,127,0
14:52:01,53.6,55.0,53.2,133,88,27,24,54.6,111,0
14:53:01,44.7,50.2,54.0,146,97,33,16,44.5,138,0
14:54:01,41.1,53.2,53.9,100,122,36,30,54.3,133,0
14:55:01,30.3,57.5,59.0,163,128,26,25,48.2,133,0
14:56:01,32.9,53.7,50.4,179,130,31,22,48.1,135,0
14:57:01,59.4,52.5,56.5,157,102,35,22,45.8,117,0
14:58:01,31.1,54.8,52.8,143,88,20,22,48.2,128,0
14:59:01,57.5,51.8,58.6,165,135,39,26,46.2,134,0
15:00:01,37.0,49.4,54.5,164,132,21,20,53.5,144,0
15:01:01,37.3,59.2,54.1,145,95,30,25,54.1,136,0
15:02:01,37.4,46.2,56.7,149,90,36,21,43.7,125,0
15:03:01,35.8,52.0,51.9,106,104,26,20,53.1,126,0
15:04:01,46.2,48.9,52.6,146,102,30,19,46.8,136,0
15:05:01,44.9,45.6,51.2,160,139,32,25,44.4,116,0
15:06:01,38.2,54.8,56.7,110,135,32,22,52.6,118,0
15:07:01,57.3,53.9,55.2,160,124,30,17,49.2,143,0
15:08:01,50.3,49.0,50.5,149,137,36,24,48.7,112,0
15:09:01,34.8,56.7,55.3,147,90,34,30,53.7,127,0
15:10:01,57.6,57.3,51.8,150,130,33,22,51.7,112,0
15:11:01,31.2,46.2,52.7,166,136,23,20,51.0,120,0
15:12:01,57.9,55.3,59.7,157,110,37,25,43.6,126,0
15:13:01,58.0,59.8,50.9,122,102,39,28,46.2,144,0
15:14:01,59.0,51.4,58.6,138,140,28,23,49.0,117,0
15:15:01,38.5,49.4,53.3,177,86,23,19,52.5,117,0
15:16:01,42.7,47.3,57.4,168,105,27,15,43.0,119,0
15:17:01,86.8,96.5,62.0,858,660,675,646,92.4,387,1
15:18:01,48.7,47.3,56.1,112,86,34,16,43.4,148,0
15:19:01,59.7,57.8,57.2,109,109,34,18,53.1,138,0
15:20:01,43.0,57.8,54.3,168,147,23,27,53.9,115,0
15:21:01,53.0,46.3,53.4,116,145,33,30,53.8,125,0
15:22:01,38.7,52.2,54.1,176,147,20,17,46.1,136,0
15:23:01,46.3,50.3,57.7,130,90,38,19,54.9,139,0
15:24:01,57.6,50.2,55.4,163,119,24,30,48.9,140,0
15:25:01,35.9,48.1,59.2,110,119,26,24,53.8,145,0
15:26:01,98.4,90.6,56.9,1291,1322,419,377,93.0,436,1
15:27:01,40.5,53.5,57.5,168,115,24,30,49.0,138,0
15:28:01,31.6,46.1,51.6,144,81,37,17,42.3,118,0
15:29:01,35.8,59.9,50.9,179,147,20,27,50.5,116,0
15:30:01,38.2,47.4,55.5,107,98,40,24,53.2,147,0
15:31:01,85.7,92.9,60.2,884,1174,778,763,92.9,576,1
15:32:01,52.7,53.8,57.5,135,128,31,20,47.9,123,0
15:33:01,50.1,45.3,54.2,158,136,31,21,52.4,135,0
15:34:01,42.5,58.4,54.4,164,130,40,21,42.3,121,0
15:35:01,42.4,52.7,52.4,109,89,30,28,49.7,135,0
15:36:01,34.8,55.4,59.0,177,80,22,23,51.9,124,0
15:37:01,41.7,59.3,55.1,164,114,30,21,54.5,149,0
15:38:01,91.4,92.5,70.0,785,1384,768,482,82.3,351,1
15:39:01,51.7,45.7,52.0,107,134,30,17,50.6,148,0
15:40:01,43.1,58.2,59.7,144,145,35,25,50.3,113,0
15:41:01,52.7,55.8,55.0,101,138,23,23,47.5,117,0
15:42:01,35.4,59.0,54.6,178,142,35,24,49.8,144,0
15:43:01,54.0,51.3,57.1,129,150,24,28,42.8,150,0
15:44:01,53.4,52.7,52.9,177,127,20,25,51.2,135,0
15:45:01,40.3,53.1,51.1,138,88,23,17,43.6,136,0
15:46:01,34.5,47.2,58.3,148,131,28,21,46.3,138,0
15:47:01,39.2,57.6,50.8,160,108,40,20,53.4,119,0
15:48:01,35.1,45.7,53.1,145,86,32,15,47.7,143,0
15:49:01,95.9,98.7,56.3,833,993,553,535,81.5,481,1
15:50:01,34.8,56.4,58.0,117,98,25,15,52.6,130,0
15:51:01,49.6,54.8,52.4,180,115,23,28,47.8,125,0
15:52:01,58.4,46.3,50.6,164,127,21,23,46.0,134,0
15:53:01,41.5,46.5,54.7,121,125,33,25,51.7,111,0
15:54:01,59.6,45.2,52.0,132,110,37,30,50.6,141,0
15:55:01,32.3,45.2,54.2,164,86,26,22,47.2,134,0
15:56:01,42.2,55.9,50.1,101,122,26,18,46.2,119,0
15:57:01,47.2,49.6,58.3,114,104,22,28,49.5,142,0
15:58:01,50.2,48.0,53.3,165,115,27,16,43.0,148,0
15:59:01,45.5,46.3,55.8,171,94,27,16,45.4,137,0
16:00:01,52.2,57.4,57.8,128,102,29,19,46.9,111,0
16:01:01,37.3,54.8,59.2,111,83,21,23,49.7,138,0
16:02:01,55.7,46.3,57.2,137,115,25,15,43.6,133,0
16:03:01,60.0,53.0,57.9,107,139,33,19,43.0,137,0
16:04:01,54.3,49.0,55.0,153,139,27,30,48.1,147,0
16:05:01,34.7,51.7,54.8,137,100,33,25,50.0,148,0
16:06:01,52.5,52.9,53.8,170,149,20,21,49.4,123,0
16:07:01,98.4,93.4,63.3,1113,1335,826,508,77.9,415,1
16:08:01,34.8,55.0,50.0,105,99,38,28,51.5,145,0
16:09:01,47.9,48.2,50.6,168,103,20,26,53.9,138,0
16:10:01,44.3,48.1,55.3,135,137,24,24,51.1,134,0
16:11:01,54.7,58.5,54.4,137,111,28,27,50.3,135,0
16:12:01,59.9,56.0,51.5,164,122,25,24,49.1,127,0
16:13:01,34.6,46.9,52.9,168,85,31,15,55.0,121,0
16:14:01,51.7,58.8,56.9,164,140,32,23,43.5,135,0
16:15:01,31.8,45.1,52.0,127,90,21,23,54.8,137,0
16:16:01,87.2,87.3,59.9,886,967,708,662,90.8,473,1
16:17:01,53.2,47.0,54.5,115,81,32,19,52.7,137,0
16:18:01,49.9,46.3,53.2,139,93,20,16,44.6,117,0
16:19:01,47.6,56.2,50.3,156,141,39,28,47.7,132,0
16:20:01,38.7,48.5,55.1,108,141,33,23,45.0,115,0
16:21:01,57.7,54.7,54.8,102,81,24,18,53.6,121,0
16:22:01,36.5,47.2,54.0,124,99,23,17,54.9,143,0
16:23:01,57.7,55.8,52.2,100,122,33,26,54.5,143,0
16:24:01,31.3,51.9,57.5,127,124,30,29,53.5,117,0
16:25:01,45.6,45.2,59.7,150,148,37,15,47.9,113,0
16:26:01,35.1,55.1,50.5,160,115,20,25,42.7,111,0
16:27:01,32.7,46.3,52.7,164,147,20,25,52.1,138,0
16:28:01,91.0,87.9,60.0,1454,887,442,677,78.2,433,1
16:29:01,57.5,48.9,54.5,150,110,27,23,43.0,130,0
16:30:01,38.9,51.0,59.1,162,143,29,23,49.3,142,0
16:31:01,55.7,48.2,59.7,157,82,25,29,42.0,122,0
16:32:01,34.4,57.2,57.9,140,106,39,18,54.8,145,0
16:33:01,32.7,50.8,59.7,132,114,24,26,48.3,131,0
16:34:01,92.0,91.1,63.1,1275,700,426,556,92.9,492,1
16:35:01,33.7,52.6,51.2,124,95,37,30,48.2,123,0
16:36:01,55.5,59.2,51.6,160,95,26,17,45.9,116,0
16:37:01,34.3,54.4,56.8,139,146,40,21,49.1,146,0
16:38:01,53.3,46.7,55.0,141,133,37,17,51.5,124,0
16:39:01,38.4,46.1,56.9,108,112,32,24,46.5,131,0
16:40:01,48.9,59.7,59.2,101,84,38,30,50.6,129,0
16:41:01,32.3,54.2,54.3,139,115,31,21,43.3,111,0
16:42:01,97.0,91.5,69.4,1236,978,846,386,75.5,528,1
16:43:01,44.8,59.2,55.2,136,142,40,15,43.7,115,0
16:44:01,58.8,53.4,53.1,143,96,27,29,47.3,147,0
16:45:01,48.7,57.4,55.2,115,94,35,18,53.0,124,0
16:46:01,47.5,49.9,58.4,159,99,37,24,50.5,118,0
16:47:01,34.8,46.3,58.4,146,140,31,29,52.5,110,0
16:48:01,93.8,91.5,67.7,1151,936,443,703,90.0,474,1
16:49:01,58.6,55.5,57.6,140,128,32,27,52.9,117,0
16:50:01,36.9,59.5,51.2,178,128,24,17,49.3,142,0
16:51:01,36.0,52.8,57.4,179,102,30,24,45.0,116,0
16:52:01,43.8,53.6,55.1,102,96,24,26,53.8,135,0
16:53:01,43.9,59.0,56.0,154,138,29,30,53.9,115,0
16:54:01,97.9,98.8,68.9,1424,1120,360,696,78.4,409,1
16:55:01,45.5,46.2,57.0,135,104,21,26,43.3,130,0
16:56:01,53.4,47.7,56.7,170,115,39,15,46.1,126,0
16:57:01,35.8,54.8,57.2,129,113,22,20,50.9,124,0
16:58:01,90.4,87.8,68.0,1074,1192,383,713,91.8,444,1
16:59:01,55.4,54.9,54.8,144,103,22,22,48.7,133,0
17:00:01,56.6,49.9,53.4,144,140,30,30,49.8,112,0
17:01:01,57.8,58.9,58.6,175,97,27,23,52.0,141,0
17:02:01,35.5,45.2,55.3,153,86,20,16,50.9,111,0
17:03:01,53.2,56.7,54.5,120,100,35,19,50.6,134,0
17:04:01,58.3,47.6,57.5,116,94,26,26,45.7,116,0
17:05:01,47.7,51.1,56.1,165,81,27,16,46.4,130,0
17:06:01,49.6,54.8,51.1,173,126,33,15,44.0,117,0
17:07:01,40.3,45.9,57.8,123,103,30,20,46.3,132,0
17:08:01,33.4,45.4,51.0,119,91,32,27,50.4,114,0
17:09:01,33.9,52.1,58.8,122,148,28,26,42.3,136,0
17:10:01,40.1,48.8,59.8,157,130,28,30,42.8,141,0
17:11:01,39.6,59.6,57.7,158,95,24,21,42.3,133,0
17:12:01,50.7,50.0,56.8,144,148,34,26,52.6,130,0
17:13:01,35.3,55.0,50.8,171,121,37,27,49.4,150,0
17:14:01,43.6,52.4,58.5,165,119,23,21,48.7,112,0
17:15:01,49.9,56.3,55.7,146,124,33,28,44.8,116,0
17:16:01,37.3,54.8,55.6,139,102,27,22,54.5,110,0
17:17:01,50.1,59.8,58.8,173,144,23,18,44.2,124,0
17:18:01,51.6,46.4,52.3,144,95,39,25,50.6,142,0
17:19:01,44.7,48.4,52.5,161,101,36,30,44.9,132,0
17:20:01,93.3,92.8,54.1,1201,897,596,518,88.0,368,1
17:21:01,47.8,47.6,59.5,115,133,40,23,48.5,134,0
17:22:01,45.4,54.6,54.9,118,140,30,28,45.4,149,0
17:23:01,53.1,55.4,53.1,147,107,29,18,52.3,127,0
17:24:01,44.6,45.2,55.9,112,108,25,27,51.9,114,0
17:25:01,41.8,56.2,51.7,130,89,40,21,52.5,137,0
17:26:01,34.7,51.4,50.3,168,150,39,23,54.5,113,0
17:27:01,48.0,52.5,56.6,133,139,34,24,45.4,122,0
17:28:01,36.4,54.0,59.5,126,131,35,26,51.6,132,0
17:29:01,43.7,48.2,57.2,113,142,37,17,42.4,146,0
17:30:01,46.3,46.3,56.0,101,117,40,28,47.2,118,0
17:31:01,37.0,45.5,52.7,149,150,36,20,47.9,150,0
17:32:01,34.9,51.0,54.6,160,108,32,21,54.5,111,0
17:33:01,56.9,49.9,57.2,151,86,37,30,46.7,132,0
17:34:01,34.4,52.4,51.5,121,86,30,17,50.0,132,0
17:35:01,50.0,51.0,57.6,140,127,21,21,44.7,146,0
17:36:01,33.5,49.6,56.6,119,134,33,27,51.2,117,0
17:37:01,31.1,58.1,53.8,156,81,20,24,48.2,147,0
17:38:01,46.7,49.8,58.9,143,115,28,17,45.7,123,0
17:39:01,42.4,52.5,57.2,115,108,32,20,48.8,128,0
17:40:01,30.5,46.6,54.1,121,145,24,25,46.9,126,0
17:41:01,54.6,47.3,57.1,123,131,38,29,49.8,145,0
17:42:01,42.7,55.9,58.2,153,102,33,26,53.7,120,0
17:43:01,51.1,55.5,54.4,150,124,25,21,49.3,125,0
17:44:01,39.6,58.0,59.4,140,112,40,19,48.7,133,0
17:45:01,33.0,48.5,59.5,166,115,26,23,45.3,134,0
17:46:01,32.1,55.4,59.1,106,120,37,19,49.8,111,0
17:47:01,47.8,51.7,58.5,146,109,20,18,48.6,127,0
17:48:01,42.5,45.5,54.4,148,120,22,15,49.6,135,0
17:49:01,52.9,54.2,54.8,178,150,20,29,51.5,143,0
17:50:01,57.6,58.4,54.2,159,116,40,29,42.6,137,0
17:51:01,90.7,87.4,56.5,729,650,536,699,85.8,406,1
17:52:01,43.0,46.5,57.1,179,144,20,18,54.2,146,0
17:53:01,42.5,49.9,52.6,136,95,24,21,45.2,113,0
17:54:01,39.4,54.7,51.2,131,84,32,21,42.4,132,0
17:55:01,59.4,52.9,59.3,140,142,27,21,50.6,143,0
17:56:01,39.4,54.1,52.1,126,100,33,27,45.4,110,0
17:57:01,40.2,46.6,55.0,115,139,35,25,47.3,146,0
17:58:01,43.2,46.7,59.4,108,115,36,20,43.9,143,0
17:59:01,34.4,45.4,54.1,149,108,38,19,54.8,141,0
18:00:01,49.3,48.2,52.6,177,99,23,16,51.1,146,0
18:01:01,51.0,52.8,53.0,142,94,26,22,52.7,138,0
18:02:01,59.5,54.6,55.7,166,145,37,20,42.2,119,0
18:03:01,53.0,59.5,59.8,129,110,20,25,44.0,145,0
18:04:01,38.1,46.0,55.1,160,119,30,28,47.7,139,0
18:05:01,36.5,49.5,59.5,120,99,37,29,54.3,146,0
18:06:01,47.5,50.6,52.7,163,86,24,15,46.8,123,0
18:07:01,46.1,59.3,54.5,121,87,40,21,50.5,120,0
18:08:01,35.2,51.8,57.5,175,135,31,25,47.4,134,0
18:09:01,51.0,50.7,52.2,110,124,36,19,47.8,125,0
18:10:01,34.6,46.5,58.5,171,110,21,22,48.5,142,0
18:11:01,30.1,54.7,51.9,102,138,20,17,48.9,116,0
18:12:01,46.8,46.6,55.7,173,99,40,30,43.5,118,0
18:13:01,58.3,59.8,53.8,153,102,32,18,48.2,125,0
18:14:01,49.2,59.8,51.8,147,115,25,15,42.5,148,0
18:15:01,58.8,57.7,52.0,105,116,29,23,45.9,131,0
18:16:01,45.2,47.2,51.9,123,92,29,19,45.7,138,0
18:17:01,58.1,53.4,54.8,127,134,26,20,42.7,134,0
18:18:01,36.2,52.6,52.4,100,138,40,25,44.6,122,0
18:19:01,48.2,53.6,52.3,151,107,30,16,47.5,139,0
18:20:01,54.6,52.5,56.6,132,80,40,28,46.6,128,0
18:21:01,53.2,47.6,51.1,113,146,33,21,52.5,116,0
18:22:01,52.7,57.5,52.4,104,93,21,30,52.6,121,0
18:23:01,40.3,47.7,57.5,118,132,36,18,54.7,125,0
18:24:01,36.4,50.8,57.1,146,121,33,17,42.2,113,0
18:25:01,47.7,51.5,50.3,138,130,23,23,48.2,133,0
18:26:01,57.0,46.4,54.5,132,134,22,16,48.0,148,0
18:27:01,37.0,47.5,50.1,125,118,34,15,52.3,138,0
18:28:01,45.0,49.6,54.2,172,118,27,19,51.4,114,0
18:29:01,45.0,58.8,50.5,175,102,22,25,45.6,132,0
18:30:01,37.5,59.3,58.6,174,95,26,22,42.9,129,0
18:31:01,57.5,49.5,58.9,150,106,25,27,42.3,115,0
18:32:01,55.0,48.9,54.7,119,85,27,22,52.9,134,0
18:33:01,50.8,57.6,56.7,129,100,35,24,43.7,119,0
18:34:01,37.8,47.6,56.2,118,117,28,25,50.5,141,0
18:35:01,97.7,98.4,63.2,861,1202,368,572,86.1,593,1
18:36:01,31.6,46.8,52.7,180,150,38,15,50.8,121,0
18:37:01,39.2,50.0,56.7,102,97,37,21,48.5,126,0
18:38:01,91.3,96.3,60.7,1217,944,897,689,83.4,436,1
18:39:01,46.6,53.9,51.9,161,97,32,19,49.4,142,0
18:40:01,45.4,58.1,59.6,108,142,37,28,42.2,115,0
18:41:01,51.6,53.4,50.0,118,138,32,24,48.3,114,0
18:42:01,57.6,57.4,58.8,113,107,37,15,52.6,139,0
18:43:01,45.0,52.0,57.8,126,145,22,20,43.8,143,0
18:44:01,56.2,54.3,58.6,138,123,37,16,43.6,143,0
18:45:01,51.8,47.5,58.4,148,114,20,22,44.7,135,0
18:46:01,43.2,59.3,56.2,114,94,33,15,47.1,119,0
18:47:01,35.5,55.0,51.3,121,109,39,21,45.9,135,0
18:48:01,46.5,45.1,53.9,174,148,30,23,54.8,121,0
18:49:01,45.8,51.5,51.0,129,93,32,16,45.9,131,0
18:50:01,85.3,87.5,58.9,839,1084,592,743,92.0,356,1
18:51:01,36.3,49.8,53.4,144,134,23,25,50.2,139,0
18:52:01,39.1,56.9,54.3,129,91,37,21,51.6,139,0
18:53:01,42.8,57.3,59.0,117,83,25,15,45.8,136,0
18:54:01,46.7,58.6,50.9,129,102,27,30,50.2,127,0
18:55:01,52.4,58.8,53.5,156,99,37,28,51.1,134,0
18:56:01,30.0,49.3,59.8,125,120,38,28,49.5,117,0
18:57:01,43.3,55.4,54.4,159,134,34,18,54.0,150,0
18:58:01,33.1,48.3,55.7,163,104,38,30,42.1,137,0
18:59:01,43.9,59.8,52.8,112,82,30,28,53.9,143,0
19:00:01,54.3,50.9,54.4,141,128,37,15,53.3,117,0
19:01:01,35.4,53.2,51.9,171,102,36,17,53.8,119,0
19:02:01,57.8,58.1,51.5,165,106,21,28,50.1,131,0
19:03:01,58.5,59.5,55.2,135,149,39,25,42.8,139,0
19:04:01,54.7,51.1,59.5,159,146,21,28,44.8,149,0
19:05:01,46.0,54.2,50.7,106,100,22,28,53.5,134,0
19:06:01,98.1,90.2,62.4,1459,1264,747,766,90.2,370,1
19:07:01,55.4,53.2,53.9,178,106,38,21,45.9,118,0
19:08:01,56.5,54.7,59.6,168,85,31,21,43.3,146,0
19:09:01,47.0,56.8,58.2,130,147,22,17,54.2,150,0
19:10:01,52.9,50.2,53.7,179,136,33,27,52.5,110,0
19:11:01,59.6,55.4,55.6,177,90,38,16,53.9,113,0
19:12:01,40.1,46.4,53.4,179,148,22,27,50.4,124,0
19:13:01,93.5,95.2,57.7,947,1355,417,387,78.8,398,1
19:14:01,42.9,51.5,53.3,102,123,30,26,48.2,122,0
19:15:01,34.6,52.9,56.4,120,93,35,25,54.8,144,0
19:16:01,45.1,49.8,57.1,114,110,23,23,50.2,121,0
19:17:01,34.4,49.3,51.4,106,115,21,28,48.7,125,0
19:18:01,95.3,86.8,68.2,978,813,358,682,77.9,568,1
19:19:01,33.5,52.2,57.7,138,103,38,22,50.4,117,0
19:20:01,44.1,45.5,54.0,180,127,24,17,54.9,122,0
19:21:01,39.5,47.8,53.3,169,136,22,15,43.0,143,0
19:22:01,56.7,56.3,50.3,163,86,39,22,54.3,125,0
19:23:01,30.2,53.8,55.6,110,105,21,19,48.4,125,0
19:24:01,43.1,46.5,55.5,105,107,32,19,48.7,111,0
19:25:01,54.8,48.0,52.9,149,130,38,22,43.5,122,0
19:26:01,40.9,58.8,58.4,132,91,20,15,54.0,143,0
19:27:01,40.8,58.7,56.7,130,138,25,20,54.5,135,0
19:28:01,91.1,94.6,53.5,794,732,745,568,92.0,394,1
19:29:01,31.4,52.0,55.5,127,96,40,24,45.4,125,0
19:30:01,48.0,50.3,50.2,150,120,32,16,48.4,112,0
19:31:01,59.0,59.5,53.4,158,109,33,15,51.4,114,0
19:32:01,33.2,53.0,57.0,178,135,39,27,49.4,116,0
19:33:01,98.6,90.5,54.9,729,994,629,337,78.3,352,1
19:34:01,55.5,59.6,54.3,147,105,26,19,50.3,149,0
19:35:01,34.6,54.2,54.1,146,97,27,15,43.1,135,0
19:36:01,51.5,46.3,52.2,150,120,20,17,54.9,129,0
19:37:01,34.9,54.4,58.0,118,119,27,29,51.8,119,0
19:38:01,32.0,54.2,55.7,158,144,37,15,50.0,138,0
19:39:01,48.2,48.2,55.6,107,95,39,19,49.1,135,0
19:40:01,34.0,57.3,53.4,136,87,23,18,46.1,142,0
19:41:01,45.5,50.7,52.0,168,110,28,20,46.7,147,0
19:42:01,32.0,45.2,58.6,112,122,28,29,45.8,126,0
19:43:01,92.1,89.5,56.1,1279,1186,684,798,75.9,549,1
19:44:01,48.3,51.9,58.0,165,90,22,28,49.0,125,0
19:45:01,58.6,45.8,52.1,106,103,28,24,45.2,128,0
19:46:01,30.1,56.5,59.2,115,106,32,30,44.1,130,0
19:47:01,45.2,48.8,56.0,176,106,36,15,47.8,117,0
19:48:01,51.3,59.6,50.8,106,105,37,25,51.8,150,0
19:49:01,59.6,51.7,54.7,174,82,27,25,49.8,121,0
19:50:01,49.6,55.4,59.3,151,96,31,24,45.0,131,0
19:51:01,56.4,52.0,50.2,171,148,25,15,47.9,135,0
19:52:01,38.6,56.2,50.5,166,124,35,23,53.4,130,0
19:53:01,41.0,48.7,58.8,180,98,40,27,53.1,130,0
19:54:01,37.6,50.7,50.5,133,138,32,30,49.9,128,0
19:55:01,41.3,56.9,54.4,105,102,26,30,50.6,125,0
19:56:01,58.9,47.9,51.8,119,91,22,21,42.7,149,0
19:57:01,43.8,52.6,53.5,102,146,35,19,50.2,115,0
19:58:01,55.0,47.6,59.8,151,145,34,29,49.9,112,0
19:59:01,40.8,56.3,55.8,173,124,30,22,53.4,129,0
20:00:01,34.7,54.4,50.8,152,149,28,16,52.2,138,0
20:01:01,88.7,88.9,58.1,1162,854,767,431,94.3,575,1
20:02:01,46.1,46.3,56.2,157,94,36,27,50.9,114,0
20:03:01,56.0,47.8,52.2,144,93,34,17,44.6,114,0
20:04:01,42.8,49.9,52.9,159,87,26,16,53.0,136,0
20:05:01,52.6,57.6,55.1,177,102,37,20,52.7,137,0
20:06:01,86.6,87.1,63.4,1284,845,589,304,78.0,461,1
20:07:01,41.2,46.6,57.3,109,148,20,19,43.2,145,0
20:08:01,52.1,47.9,58.8,174,127,25,29,47.0,145,0
20:09:01,33.1,53.8,56.4,106,102,23,15,47.8,119,0
20:10:01,42.9,53.4,59.1,167,130,23,21,43.9,120,0
20:11:01,54.4,57.3,56.5,175,116,29,23,47.8,113,0
20:12:01,31.1,51.2,57.8,168,138,29,16,47.8,124,0
20:13:01,50.6,49.6,57.6,161,102,26,24,52.2,126,0
20:14:01,51.1,56.6,55.1,173,96,23,15,48.9,128,0
20:15:01,49.3,50.4,52.2,113,100,39,23,52.0,148,0
20:16:01,31.2,58.3,52.2,157,134,37,30,45.4,135,0
20:17:01,43.7,50.4,58.5,169,118,40,28,52.7,140,0
20:18:01,51.2,55.7,50.4,105,125,38,20,42.3,135,0
20:19:01,59.4,49.6,58.4,143,113,39,30,42.7,111,0
20:20:01,59.1,46.7,55.1,157,106,29,15,44.2,119,0
20:21:01,54.6,49.7,55.3,175,133,34,18,46.4,123,0
20:22:01,35.4,57.8,52.3,145,81,30,22,46.4,122,0
20:23:01,34.9,48.4,50.5,140,87,31,15,43.5,137,0
20:24:01,32.2,52.3,50.2,128,105,23,20,42.7,110,0
20:25:01,57.9,48.0,54.4,116,145,23,26,54.3,131,0
20:26:01,40.5,50.4,54.1,155,95,39,21,46.7,131,0
20:27:01,97.3,98.5,54.7,1435,1189,830,384,76.6,586,1
20:28:01,56.0,45.5,53.2,137,94,40,22,48.8,124,0
20:29:01,33.4,46.1,58.3,160,138,27,23,46.0,116,0
20:30:01,35.9,50.4,59.7,160,140,34,21,48.5,134,0
20:31:01,30.6,58.7,54.2,128,115,32,19,54.2,120,0
20:32:01,48.9,56.8,52.0,140,122,37,27,53.6,119,0
20:33:01,33.6,57.7,58.3,142,136,34,28,43.7,124,0
20:34:01,32.1,57.2,52.6,113,120,25,17,47.2,123,0
20:35:01,59.4,45.7,52.2,175,120,21,27,52.3,119,0
20:36:01,36.4,59.9,56.3,129,93,24,24,53.3,123,0
20:37:01,57.8,57.2,50.7,174,94,23,16,47.5,150,0
20:38:01,56.2,49.2,53.1,106,115,22,24,44.8,148,0
20:39:01,43.4,58.9,56.2,101,88,35,19,44.8,139,0
20:40:01,30.6,59.2,51.8,150,126,25,24,50.9,135,0
20:41:01,55.4,59.6,54.9,164,82,38,27,54.1,141,0
20:42:01,42.6,58.3,50.7,166,139,29,20,46.4,129,0
20:43:01,51.6,57.9,52.9,114,84,28,26,52.7,133,0
20:44:01,47.6,57.2,52.1,180,150,25,21,48.7,125,0
20:45:01,53.4,45.7,53.3,130,127,35,16,53.5,112,0
20:46:01,54.2,55.6,59.1,169,118,34,23,50.7,116,0
20:47:01,35.8,57.7,52.6,153,117,40,16,52.4,113,0
20:48:01,43.2,56.0,59.2,175,96,28,25,52.5,130,0
20:49:01,44.4,57.3,54.0,138,92,35,28,54.5,115,0
20:50:01,48.8,53.4,51.4,169,87,21,19,46.7,124,0
20:51:01,39.3,48.9,54.0,115,109,39,20,52.6,144,0
20:52:01,57.8,45.4,58.9,173,97,36,24,51.6,118,0
20:53:01,58.2,50.1,55.9,179,123,34,15,42.3,129,0
20:54:01,49.8,59.5,51.7,161,145,37,15,43.5,111,0
20:55:01,32.7,59.4,56.2,166,136,31,28,54.1,146,0
20:56:01,58.0,46.6,59.1,179,129,34,26,49.1,142,0
20:57:01,58.0,54.3,59.1,128,110,34,22,46.5,149,0
20:58:01,39.4,46.4,53.1,172,112,25,22,46.1,138,0
20:59:01,34.9,54.6,59.0,154,109,33,29,44.2,124,0
21:00:01,45.7,52.9,50.1,113,137,29,18,54.7,148,0
21:01:01,96.0,85.5,67.6,803,874,769,771,84.1,525,1
21:02:01,46.6,51.2,54.4,179,105,33,22,43.0,144,0
21:03:01,37.4,50.1,51.1,167,104,26,26,44.5,140,0
21:04:01,33.2,53.9,59.9,121,121,31,21,53.0,142,0
21:05:01,33.8,57.9,50.9,157,85,21,29,52.2,118,0
21:06:01,57.1,51.0,58.3,175,82,38,23,52.4,115,0
21:07:01,44.9,52.6,51.5,114,85,21,25,47.9,142,0
21:08:01,52.8,47.9,51.7,125,131,40,25,43.0,112,0
21:09:01,30.7,52.7,53.6,147,131,20,24,47.1,122,0
21:10:01,45.4,50.9,55.0,139,80,34,24,45.9,127,0
21:11:01,51.6,47.3,57.4,140,139,25,25,43.9,117,0
21:12:01,53.1,58.2,53.9,133,113,34,19,45.4,123,0
21:13:01,39.1,47.2,57.8,176,123,34,17,54.9,123,0
21:14:01,52.2,57.5,54.2,128,121,37,20,43.5,140,0
21:15:01,86.1,98.5,53.8,818,835,771,593,75.7,500,1
21:16:01,90.9,88.5,67.4,795,926,439,454,83.6,499,1
21:17:01,41.5,49.8,53.3,140,91,35,26,47.8,111,0
21:18:01,57.9,48.9,59.5,136,117,38,25,53.4,150,0
21:19:01,42.3,49.1,51.3,156,94,28,15,43.5,134,0
21:20:01,54.8,46.0,53.1,121,109,23,21,42.6,143,0
21:21:01,45.5,52.7,50.2,159,107,28,16,42.5,116,0
21:22:01,55.1,57.5,56.4,102,142,20,18,54.1,143,0
21:23:01,34.0,58.2,52.2,147,122,28,25,50.7,122,0
21:24:01,53.0,58.9,57.0,104,92,34,23,45.2,135,0
21:25:01,47.0,54.8,50.7,174,85,28,24,53.4,127,0
21:26:01,58.9,49.1,52.7,172,120,34,21,47.2,118,0
21:27:01,43.6,55.9,58.2,157,84,29,30,44.0,119,0
21:28:01,51.5,50.2,56.6,134,117,37,15,48.9,112,0
21:29:01,58.2,54.8,57.8,171,96,39,22,43.3,145,0
21:30:01,58.2,49.7,55.5,152,94,29,21,46.9,132,0
21:31:01,50.5,59.2,52.2,102,88,34,23,46.2,134,0
21:32:01,34.3,59.5,51.4,179,98,33,27,47.3,117,0
21:33:01,43.0,47.9,51.1,121,96,22,21,47.1,133,0
21:34:01,30.7,47.8,54.6,176,115,38,19,44.6,149,0
21:35:01,48.3,58.0,58.5,179,140,29,16,50.5,112,0
21:36:01,35.8,55.7,53.6,146,90,29,22,50.6,127,0
21:37:01,95.4,99.2,55.1,955,662,670,343,85.8,519,1
21:38:01,37.9,59.7,53.3,141,126,37,17,48.3,117,0
21:39:01,34.4,50.3,55.3,132,123,39,23,47.6,149,0
21:40:01,45.7,55.6,51.8,106,120,40,30,50.9,131,0
21:41:01,30.3,56.4,50.4,132,81,35,18,51.7,113,0
21:42:01,46.9,54.4,54.1,172,148,31,17,45.8,138,0
21:43:01,31.2,47.6,55.3,115,141,21,26,46.6,147,0
21:44:01,42.2,53.8,53.3,143,129,32,29,43.2,133,0
21:45:01,30.9,54.2,51.6,113,135,39,15,52.4,119,0
21:46:01,39.8,49.7,59.3,128,142,20,25,45.3,142,0
21:47:01,39.6,57.3,51.3,114,134,28,18,50.6,132,0
21:48:01,53.2,47.6,57.6,132,117,38,30,48.9,121,0
21:49:01,36.0,54.2,53.8,180,111,25,18,43.1,117,0
21:50:01,46.3,56.0,58.8,112,134,33,29,44.3,121,0
21:51:01,96.6,87.3,53.7,1354,724,661,627,88.8,434,1
21:52:01,38.7,48.1,56.5,127,146,40,22,45.0,119,0
21:53:01,52.3,56.0,50.1,162,110,34,17,52.4,137,0
21:54:01,53.4,46.5,55.5,125,121,24,23,50.1,122,0
21:55:01,97.8,85.7,59.9,1045,692,647,747,91.3,418,1
21:56:01,35.2,57.9,58.6,166,89,36,24,45.1,116,0
21:57:01,56.9,58.6,55.1,129,142,33,27,43.4,147,0
21:58:01,58.4,51.4,59.4,165,89,34,24,45.2,128,0
21:59:01,93.8,98.4,56.7,1155,681,566,464,84.4,453,1
22:00:01,30.9,52.1,55.5,172,109,34,21,50.0,138,0
22:01:01,59.0,56.0,58.7,147,106,27,30,46.0,132,0
22:02:01,43.4,55.5,52.1,177,89,36,28,51.2,127,0
22:03:01,48.0,50.6,50.3,101,119,35,29,47.0,132,0
22:04:01,46.0,45.1,52.2,156,130,35,20,45.8,140,0
22:05:01,34.2,51.6,58.3,172,99,21,25,43.8,146,0
22:06:01,53.3,47.2,51.6,158,147,40,23,53.9,125,0
22:07:01,56.6,55.3,58.2,138,120,29,27,50.6,132,0
22:08:01,50.8,48.8,52.1,106,86,28,17,50.8,120,0
22:09:01,38.8,49.7,51.5,119,87,33,27,47.1,136,0
22:10:01,44.9,45.6,52.9,169,126,22,17,51.2,134,0
22:11:01,58.8,53.8,53.8,121,138,29,30,46.2,114,0
22:12:01,54.4,51.1,54.1,139,112,23,17,52.0,141,0
22:13:01,34.7,54.6,53.2,140,110,23,19,43.9,142,0
22:14:01,51.5,57.3,56.3,106,140,29,23,46.5,112,0
22:15:01,48.0,46.7,58.1,101,137,25,17,44.3,142,0
22:16:01,50.7,46.9,54.2,136,138,39,28,47.4,140,0
22:17:01,43.4,51.5,57.5,111,104,28,19,51.1,141,0
22:18:01,30.6,58.0,57.8,157,125,24,18,51.5,123,0
22:19:01,52.9,58.9,59.4,170,115,31,19,46.0,112,0
22:20:01,49.5,50.7,58.1,112,94,29,17,53.4,121,0
22:21:01,56.5,56.8,55.0,124,140,22,24,42.6,115,0
22:22:01,44.9,47.9,52.9,171,113,25,20,47.7,146,0
22:23:01,57.4,49.9,52.1,154,140,35,27,53.7,118,0
22:24:01,53.2,53.4,52.6,118,86,34,24,47.6,128,0
22:25:01,39.8,59.2,54.1,142,137,37,27,47.6,132,0
22:26:01,56.1,59.1,55.3,176,87,30,24,48.3,129,0
22:27:01,50.6,45.4,59.2,114,91,22,26,50.4,143,0
22:28:01,94.8,91.8,54.4,1183,1136,772,380,75.5,386,1
22:29:01,50.6,58.3,54.5,146,91,20,22,52.1,114,0
22:30:01,52.9,57.7,56.9,150,113,25,26,51.8,114,0
22:31:01,57.4,55.6,55.9,115,147,35,20,53.9,118,0
22:32:01,44.3,47.4,53.4,125,129,33,30,48.1,140,0
22:33:01,42.5,45.3,59.1,138,89,20,15,42.9,140,0
22:34:01,40.1,45.5,59.7,129,125,31,18,50.6,137,0
22:35:01,57.6,47.9,50.3,128,125,34,24,52.6,143,0
22:36:01,54.6,52.2,50.5,122,90,31,26,45.0,136,0
22:37:01,60.0,57.3,54.7,173,117,30,18,46.0,110,0
22:38:01,38.8,54.5,53.9,177,132,25,30,55.0,113,0
22:39:01,37.3,56.8,56.8,147,116,38,23,51.7,144,0
22:40:01,55.6,57.6,53.6,175,145,25,19,48.5,139,0
22:41:01,30.4,57.0,57.6,145,126,39,16,49.9,116,0
22:42:01,51.2,45.2,56.7,142,129,22,17,53.7,113,0
22:43:01,94.7,86.1,69.3,914,958,415,409,92.1,533,1
22:44:01,92.3,87.4,64.0,979,848,500,757,78.3,386,1
22:45:01,59.1,54.8,58.5,129,113,21,20,54.4,122,0
22:46:01,33.0,57.2,53.6,161,148,36,22,50.9,143,0
22:47:01,55.5,54.9,53.9,171,116,21,27,45.2,114,0
22:48:01,59.4,48.0,54.2,170,115,36,30,52.3,147,0
22:49:01,40.3,52.4,57.7,120,109,40,18,43.4,117,0
22:50:01,48.2,49.4,53.1,168,125,33,16,50.4,115,0
22:51:01,34.1,53.7,53.7,109,88,20,20,47.0,123,0
22:52:01,85.6,96.1,56.8,1342,1361,866,459,91.3,477,1
22:53:01,54.8,46.1,50.7,155,116,22,18,43.7,132,0
22:54:01,99.5,93.2,63.6,1289,893,803,341,85.6,414,1
22:55:01,38.1,55.9,55.3,129,141,21,22,49.4,150,0
22:56:01,59.7,48.8,50.9,117,132,31,16,42.2,136,0
22:57:01,50.5,55.4,58.1,110,83,29,20,51.2,124,0
22:58:01,32.3,52.0,57.3,159,111,35,25,54.8,149,0
22:59:01,51.1,51.3,58.7,123,89,30,28,54.4,141,0
23:00:01,43.1,55.4,50.3,128,104,22,24,47.5,118,0
23:01:01,36.9,51.1,50.7,169,83,28,29,52.3,117,0
23:02:01,45.2,54.7,51.2,148,142,31,22,49.9,129,0
23:03:01,55.2,50.9,51.1,161,91,26,22,54.0,130,0
23:04:01,47.9,55.5,54.7,170,124,34,19,52.6,141,0
23:05:01,33.1,49.7,59.0,156,116,36,21,43.5,149,0
23:06:01,51.6,55.2,53.6,112,110,22,19,48.5,138,0
23:07:01,40.3,55.7,54.4,106,103,38,22,44.3,116,0
23:08:01,47.7,49.4,55.4,125,127,30,27,52.9,148,0
23:09:01,38.7,58.9,59.7,129,84,25,16,43.2,138,0
23:10:01,55.4,49.5,50.9,118,115,33,23,48.9,128,0
23:11:01,42.2,47.5,50.2,103,100,38,17,43.4,146,0
23:12:01,30.7,49.1,53.0,130,99,20,16,52.0,112,0
23:13:01,38.0,46.0,58.3,123,101,35,26,52.5,118,0
23:14:01,53.4,51.5,57.2,178,113,21,27,51.8,145,0
23:15:01,33.0,58.9,52.4,107,113,34,25,45.6,119,0
23:16:01,50.1,47.9,59.7,159,87,24,27,49.6,126,0
23:17:01,33.1,56.3,50.5,150,136,32,26,52.0,142,0
23:18:01,43.6,53.7,53.6,137,97,29,27,44.7,134,0
23:19:01,89.6,87.3,64.8,1217,1197,705,421,79.4,390,1
23:20:01,30.9,55.0,53.3,137,116,35,22,50.9,129,0
23:21:01,47.6,54.3,50.5,114,128,27,26,50.5,122,0
23:22:01,47.7,56.2,55.4,104,96,29,22,42.7,140,0
23:23:01,35.3,57.7,50.7,166,97,36,30,50.2,117,0
23:24:01,85.0,96.3,65.4,1205,970,493,645,90.6,382,1
23:25:01,55.8,59.5,56.3,180,123,37,21,53.5,112,0
23:26:01,88.4,97.1,60.3,830,1358,774,800,88.7,553,1
23:27:01,58.8,55.4,55.4,126,117,40,15,46.0,142,0
23:28:01,56.8,59.7,52.8,129,140,23,27,51.4,142,0
23:29:01,57.2,52.7,58.1,163,87,25,18,50.2,129,0
23:30:01,48.9,57.5,54.0,127,138,29,29,52.4,118,0
23:31:01,48.6,56.9,54.6,126,120,21,24,54.0,147,0
23:32:01,48.1,46.4,58.8,115,127,25,30,49.9,136,0
23:33:01,48.2,54.2,57.2,109,102,23,16,48.5,130,0
23:34:01,46.6,51.6,53.4,105,117,20,17,49.4,121,0
23:35:01,35.5,52.8,56.7,135,123,26,17,53.1,149,0
23:36:01,36.1,59.6,58.4,173,148,39,22,50.6,138,0
23:37:01,51.2,46.6,54.2,176,135,33,23,42.7,128,0
23:38:01,87.4,90.7,62.1,1284,657,665,737,92.5,437,1
23:39:01,85.7,90.4,55.5,1438,858,363,738,77.6,361,1
23:40:01,54.6,57.7,55.2,169,116,20,28,50.0,145,0
23:41:01,51.7,52.8,57.1,115,99,26,19,42.9,110,0
23:42:01,43.6,51.1,56.7,164,103,20,24,46.8,111,0
23:43:01,54.7,55.9,54.5,153,93,26,30,54.0,113,0
23:44:01,35.6,53.6,51.8,158,93,34,25,52.8,112,0
23:45:01,34.2,45.1,56.8,152,133,26,26,42.8,136,0
23:46:01,92.3,96.6,52.9,831,1301,412,473,91.8,510,1
23:47:01,45.1,49.2,54.9,167,90,25,26,47.2,111,0
23:48:01,48.7,47.8,52.2,173,120,39,17,45.4,127,0
23:49:01,32.4,59.5,50.9,139,89,38,17,47.8,146,0
23:50:01,53.1,55.8,50.2,142,119,25,20,42.3,113,0
23:51:01,42.2,46.3,58.4,142,120,21,19,46.4,110,0
23:52:01,40.6,56.3,54.1,118,94,24,27,48.4,136,0
23:53:01,53.5,51.1,51.9,149,147,26,27,53.7,147,0
23:54:01,38.2,47.9,56.6,128,146,25,17,44.1,135,0
23:55:01,59.6,55.0,55.2,108,81,38,20,49.7,125,0
23:56:01,59.7,55.9,55.5,126,109,40,15,42.0,148,0
23:57:01,90.2,88.3,59.8,1130,1108,860,729,76.3,581,1
23:58:01,56.8,59.7,56.9,103,147,33,15,50.7,115,0
23:59:01,85.1,96.2,55.3,1236,1389,824,358,87.1,489,1
00:00:01,38.3,57.0,56.4,140,122,20,23,54.8,129,0
00:01:01,35.9,55.4,57.7,162,135,34,29,47.0,135,0
00:02:01,46.5,48.9,54.1,176,90,29,17,46.0,120,0
00:03:01,39.3,58.6,59.8,145,131,34,29,48.5,113,0
00:04:01,41.4,54.3,51.8,115,138,35,30,52.5,140,0
00:05:01,30.7,57.6,50.8,155,96,27,16,45.4,122,0
00:06:01,43.0,57.9,57.9,157,143,37,18,48.0,145,0
00:07:01,49.3,49.2,53.7,104,137,36,28,48.5,137,0
00:08:01,30.2,58.0,56.8,142,109,30,18,44.0,116,0
00:09:01,35.3,48.6,59.7,160,81,20,30,48.6,131,0
00:10:01,92.6,89.5,58.4,1435,857,691,613,86.6,564,1
00:11:01,56.2,55.5,60.0,176,89,21,21,53.5,139,0
00:12:01,40.1,46.4,54.8,127,98,22,29,49.6,114,0
00:13:01,90.9,91.0,54.8,1217,1076,572,324,91.6,522,1
00:14:01,49.6,45.1,53.6,159,83,40,19,51.6,138,0
00:15:01,43.6,46.4,51.0,170,126,21,19,54.0,147,0
00:16:01,58.7,59.3,50.2,129,84,27,17,49.3,126,0
00:17:01,92.7,88.9,60.6,1212,1309,806,526,93.1,591,1
00:18:01,55.6,55.7,55.8,178,113,26,19,47.6,118,0
00:19:01,88.3,88.2,62.2,1088,1058,477,689,81.7,440,1
00:20:01,53.7,46.0,55.6,105,80,38,27,44.7,135,0
00:21:01,46.7,52.1,51.6,108,89,39,21,46.5,115,0
00:22:01,46.8,55.3,54.9,156,96,36,24,42.5,139,0
00:23:01,40.3,55.8,55.6,123,94,24,25,53.5,143,0
00:24:01,57.2,45.5,55.4,136,81,23,17,48.0,130,0
00:25:01,39.8,55.8,59.8,164,131,35,30,53.6,119,0
00:26:01,44.1,51.3,51.8,136,143,32,17,43.0,135,0
00:27:01,59.1,50.2,57.5,109,82,23,16,42.8,125,0
00:28:01,43.2,54.8,59.2,141,108,38,18,52.0,145,0
00:29:01,54.2,51.3,57.3,149,110,39,15,48.5,118,0
00:30:01,56.1,56.2,56.0,143,121,20,19,51.3,129,0
00:31:01,38.4,47.3,57.3,100,106,36,27,43.8,115,0
00:32:01,33.8,57.5,52.8,167,85,34,20,44.1,119,0
00:33:01,31.2,58.5,50.6,150,142,28,19,50.0,142,0
00:34:01,45.2,47.6,51.6,105,96,25,27,53.1,138,0
00:35:01,30.2,47.2,59.9,118,141,23,17,48.9,112,0
00:36:01,44.8,48.8,58.6,103,146,29,20,50.7,128,0
00:37:01,44.1,49.3,59.8,130,141,24,21,45.5,114,0
00:38:01,46.4,51.0,59.8,114,80,39,24,53.0,130,0
00:39:01,44.1,57.7,54.0,174,89,20,17,46.3,138,0
00:40:01,34.6,45.1,50.8,179,84,20,22,45.8,130,0
00:41:01,51.7,50.0,56.7,105,88,26,28,49.8,111,0
00:42:01,54.5,53.1,52.9,156,120,28,23,43.7,129,0
00:43:01,49.2,49.3,52.5,130,104,20,29,45.5,141,0
00:44:01,94.7,97.4,52.2,1111,776,842,742,93.9,362,1
00:45:01,45.8,59.0,53.0,151,92,36,25,49.7,141,0
00:46:01,37.9,55.3,53.1,159,107,34,23,48.4,125,0
00:47:01,35.2,51.5,52.4,138,82,21,24,49.4,121,0
00:48:01,31.8,58.3,57.9,127,130,30,29,48.0,147,0
00:49:01,36.0,50.5,58.7,152,148,40,16,47.3,134,0
00:50:01,33.5,46.4,53.1,163,137,21,20,47.8,139,0
00:51:01,31.8,56.8,55.0,148,124,31,19,44.2,127,0
00:52:01,54.4,59.0,51.0,147,109,21,28,47.8,112,0
00:53:01,44.3,47.2,59.5,149,88,30,25,54.9,139,0
00:54:01,93.7,95.7,52.4,773,751,673,765,88.7,379,1
00:55:01,39.2,53.4,50.5,139,99,23,24,46.7,119,0
00:56:01,31.7,52.7,52.7,166,149,29,26,52.0,145,0
00:57:01,48.3,50.5,52.0,156,129,34,19,46.6,118,0
00:58:01,34.0,51.9,51.0,161,94,21,20,48.0,142,0
00:59:01,51.1,54.6,52.4,152,91,29,24,42.6,148,0
01:00:01,44.4,51.0,50.8,175,148,29,28,42.6,118,0
01:01:01,41.0,51.4,52.9,173,142,23,25,43.3,111,0
01:02:01,99.7,86.7,55.9,788,1255,830,439,85.2,414,1
01:03:01,38.1,47.5,52.9,138,94,39,18,45.2,143,0
01:04:01,42.4,57.2,57.0,161,119,39,21,47.9,141,0
01:05:01,32.5,54.9,58.2,125,105,23,25,43.1,134,0
01:06:01,59.0,54.1,57.7,108,88,37,16,47.8,132,0
01:07:01,49.2,59.5,52.8,177,112,24,17,52.3,127,0
01:08:01,41.8,46.7,52.3,121,101,33,16,54.1,124,0
01:09:01,53.1,47.2,50.5,106,90,24,25,44.7,139,0
01:10:01,41.2,54.3,59.5,143,136,33,26,53.5,124,0
01:11:01,40.1,53.1,55.4,107,98,21,25,52.2,122,0
01:12:01,50.6,49.0,56.8,180,140,38,28,52.9,115,0
01:13:01,30.2,48.2,51.5,136,96,40,27,51.5,137,0
01:14:01,39.8,46.7,54.6,151,112,20,17,45.7,147,0
01:15:01,31.7,45.8,51.6,163,113,25,29,51.5,111,0
01:16:01,59.3,45.1,53.4,112,132,36,21,49.9,116,0
01:17:01,37.7,58.4,59.5,135,89,29,17,44.4,131,0
01:18:01,33.8,55.7,53.5,129,133,40,18,45.3,111,0
01:19:01,42.3,45.5,52.6,139,91,24,24,44.4,147,0
01:20:01,53.9,52.7,59.4,157,125,37,21,49.9,116,0
01:21:01,55.0,48.3,53.1,148,100,31,24,44.9,115,0
01:22:01,45.2,58.3,50.2,140,116,25,27,45.4,117,0
01:23:01,50.6,53.5,59.5,116,132,25,18,44.3,131,0
01:24:01,43.4,54.2,59.8,153,91,40,28,46.1,118,0
01:25:01,39.8,45.9,51.3,152,104,27,17,44.6,117,0
01:26:01,40.4,58.0,55.5,147,95,22,21,54.5,136,0
01:27:01,58.2,55.9,53.5,132,86,40,18,48.5,117,0
01:28:01,55.6,52.9,50.9,122,105,26,15,52.1,110,0
01:29:01,47.4,50.6,58.0,124,150,30,15,52.0,131,0
01:30:01,48.2,51.4,58.0,154,107,28,23,46.1,145,0
01:31:01,39.4,57.0,56.4,145,141,21,30,53.6,124,0
01:32:01,32.7,47.9,54.2,138,105,22,28,45.3,148,0
01:33:01,35.6,56.5,58.7,105,88,28,15,50.1,114,0
01:34:01,46.7,53.2,55.7,162,142,30,28,50.6,117,0
01:35:01,59.1,48.0,54.5,137,109,21,30,45.8,121,0
01:36:01,96.7,94.7,54.5,1187,1346,712,627,87.6,582,1
01:37:01,37.0,57.8,54.4,149,104,33,16,47.0,147,0
01:38:01,58.3,49.5,51.6,121,103,20,27,45.5,113,0
01:39:01,37.7,58.6,56.1,163,107,40,27,50.0,128,0
01:40:01,58.9,55.5,57.7,140,87,21,28,45.9,118,0
01:41:01,37.2,50.6,59.0,153,130,21,15,45.3,111,0
01:42:01,53.0,56.8,55.6,118,133,34,28,45.7,110,0
01:43:01,37.0,58.5,59.1,111,105,20,16,52.2,117,0
01:44:01,56.5,56.6,55.0,127,130,24,28,45.4,140,0
01:45:01,37.7,57.2,51.9,109,149,21,21,46.0,135,0
01:46:01,39.9,48.2,54.4,128,112,27,22,48.8,143,0
01:47:01,54.8,58.0,59.5,108,101,30,29,50.7,148,0
01:48:01,36.7,46.0,54.3,146,114,39,28,43.0,141,0
01:49:01,51.1,56.2,59.6,129,147,38,24,45.4,123,0
01:50:01,40.1,48.7,54.6,145,148,25,26,49.5,147,0
01:51:01,51.3,58.8,55.4,159,128,21,22,47.9,142,0
01:52:01,44.8,49.2,53.7,143,126,29,22,47.2,132,0
01:53:01,56.1,58.6,54.4,125,90,21,15,44.4,119,0
01:54:01,33.0,57.8,55.6,147,141,36,23,48.0,115,0
01:55:01,53.4,56.7,58.4,103,111,38,22,49.0,126,0
01:56:01,98.2,91.0,67.3,1176,1208,726,416,91.6,430,1
01:57:01,46.6,55.4,57.6,175,128,23,15,54.2,128,0
01:58:01,57.3,51.5,58.1,123,139,35,26,47.9,140,0
01:59:01,35.3,56.3,51.3,102,96,37,26,51.4,114,0
02:00:01,97.4,98.1,61.7,1186,731,678,614,85.4,477,1
02:01:01,31.6,57.6,56.5,133,110,35,21,48.2,121,0
02:02:01,49.7,48.9,54.7,118,96,20,16,48.0,118,0
02:03:01,56.5,46.5,50.0,160,83,28,22,42.7,119,0
02:04:01,45.7,56.6,59.8,162,104,36,20,54.9,111,0
02:05:01,53.1,51.4,54.0,110,120,39,19,51.3,111,0
02:06:01,51.1,45.8,52.6,173,104,22,21,53.0,124,0
02:07:01,36.4,56.3,56.6,126,132,32,29,47.4,135,0
02:08:01,30.9,58.3,53.2,138,146,34,30,49.8,112,0
02:09:01,45.5,45.8,56.7,120,102,40,15,43.9,146,0
02:10:01,37.1,50.0,51.3,163,144,22,26,47.1,136,0
02:11:01,58.5,46.9,58.9,132,149,23,23,42.7,138,0
02:12:01,39.2,59.5,59.2,153,117,31,16,42.1,132,0
02:13:01,53.8,47.6,56.6,126,148,23,19,45.1,137,0
02:14:01,33.9,52.2,54.7,131,98,27,16,44.8,123,0
02:15:01,32.5,46.4,53.3,117,87,37,20,42.9,124,0
02:16:01,30.4,50.8,54.7,135,98,28,15,52.5,130,0
02:17:01,95.5,94.1,53.8,1263,1253,610,403,75.3,350,1
02:18:01,34.0,45.0,55.4,120,132,27,27,52.7,150,0
02:19:01,49.1,55.1,54.3,109,85,22,25,47.4,119,0
02:20:01,59.4,46.8,50.9,114,126,31,28,51.0,145,0
02:21:01,35.9,55.8,56.9,169,136,29,26,48.0,126,0
02:22:01,53.3,55.9,50.2,178,82,22,19,45.8,148,0
02:23:01,48.8,52.3,58.3,180,104,26,22,44.1,150,0
02:24:01,90.4,97.2,56.0,993,688,597,503,90.4,380,1
02:25:01,50.7,54.8,54.9,145,95,33,30,54.5,140,0
02:26:01,56.5,47.2,57.6,132,114,25,23,46.3,146,0
02:27:01,92.6,85.0,60.9,1296,726,523,594,91.7,516,1
02:28:01,57.3,45.9,51.8,170,133,34,25,53.7,133,0
02:29:01,37.5,45.4,50.2,170,86,20,20,46.3,141,0
02:30:01,56.7,50.7,58.1,160,149,26,25,44.9,143,0
02:31:01,51.5,57.6,56.6,115,107,38,28,46.7,134,0
02:32:01,52.5,52.5,57.8,163,117,36,29,44.8,131,0
02:33:01,36.5,58.2,51.8,173,106,30,29,43.5,142,0
02:34:01,56.8,56.5,57.2,112,113,33,17,43.3,111,0
02:35:01,46.8,54.8,56.6,140,146,20,15,45.2,118,0
02:36:01,32.7,53.4,59.4,111,86,20,20,46.2,144,0
02:37:01,58.1,49.4,52.2,154,112,21,16,46.0,113,0
02:38:01,45.2,51.0,51.3,129,127,20,16,54.1,111,0
02:39:01,56.5,46.4,59.4,120,115,30,21,50.4,144,0
02:40:01,38.5,48.5,59.9,115,81,26,18,53.4,145,0
02:41:01,33.7,55.6,59.4,121,117,22,18,48.4,137,0
02:42:01,41.7,50.7,58.3,115,121,23,19,42.1,132,0
02:43:01,96.7,89.3,55.0,1303,737,461,450,90.5,547,1
02:44:01,54.5,54.5,56.8,173,114,28,22,47.0,134,0
02:45:01,33.7,56.3,59.7,131,97,20,20,54.5,132,0
02:46:01,59.5,51.6,50.2,169,104,20,15,51.6,146,0
02:47:01,44.7,46.0,56.1,140,146,39,27,43.4,115,0
02:48:01,53.5,50.9,50.8,105,143,36,18,43.1,133,0
02:49:01,43.0,46.2,50.3,159,140,29,20,51.0,144,0
02:50:01,48.7,51.5,55.1,140,113,38,24,52.3,133,0
02:51:01,50.6,58.3,59.0,162,100,40,18,44.7,137,0
02:52:01,48.3,57.7,51.4,132,95,32,28,48.5,142,0
02:53:01,51.4,46.7,59.8,130,113,26,20,48.4,128,0
02:54:01,36.5,48.8,58.7,176,123,22,25,54.2,120,0
02:55:01,41.9,50.1,59.1,105,133,21,26,45.1,147,0
02:56:01,32.9,45.4,56.4,105,121,37,24,46.0,115,0
02:57:01,86.4,89.4,63.1,1489,1036,591,626,91.1,440,1
02:58:01,32.4,51.8,53.4,163,110,37,20,51.5,133,0
02:59:01,53.1,49.7,57.0,108,114,23,30,42.8,117,0
03:00:01,31.6,49.6,51.9,120,92,36,21,42.9,149,0
03:01:01,38.1,50.7,54.4,119,80,34,23,43.1,147,0
03:02:01,55.3,55.8,50.3,149,127,40,22,49.6,125,0
03:03:01,39.4,51.6,56.8,112,138,30,21,50.8,143,0
03:04:01,99.2,92.4,66.7,1153,959,762,453,85.5,400,1
03:05:01,40.1,52.2,53.6,178,85,24,20,50.8,140,0
03:06:01,54.7,46.9,57.8,169,130,32,25,52.3,125,0
03:07:01,33.4,47.0,50.6,109,103,39,28,53.1,128,0
03:08:01,55.1,52.5,55.3,178,143,29,20,49.2,143,0
03:09:01,37.3,53.0,50.1,158,83,27,17,45.2,121,0
03:10:01,39.1,60.0,57.7,117,87,20,21,53.9,135,0
03:11:01,40.8,45.8,52.4,122,141,36,27,50.8,123,0
03:12:01,36.8,54.1,58.1,100,90,30,27,43.7,147,0
03:13:01,47.6,47.3,52.8,142,109,25,20,45.6,123,0
03:14:01,57.0,47.4,51.0,165,144,23,20,45.2,132,0
03:15:01,90.7,95.8,67.3,1100,1139,840,565,78.4,406,1
03:16:01,35.1,56.1,58.3,158,140,30,29,43.2,134,0
03:17:01,54.4,53.7,53.2,168,118,25,22,50.4,132,0
03:18:01,40.9,57.0,59.2,172,136,35,23,46.2,119,0
03:19:01,37.9,48.4,56.7,143,150,33,15,51.6,134,0
03:20:01,86.4,88.6,53.1,1483,813,353,716,84.2,372,1
03:21:01,51.7,45.2,50.5,153,126,27,27,48.0,127,0
03:22:01,35.1,50.4,59.4,159,130,33,30,47.7,111,0
03:23:01,44.8,50.0,55.6,146,132,35,25,50.6,127,0
03:24:01,93.7,86.5,52.8,1367,780,804,535,85.0,396,1
03:25:01,38.9,49.7,56.9,135,108,26,16,47.8,139,0
03:26:01,56.2,54.3,54.5,153,122,27,22,53.1,139,0
03:27:01,52.8,53.1,51.1,170,107,35,30,51.1,110,0
03:28:01,50.7,49.4,54.4,102,102,24,18,53.4,117,0
03:29:01,40.5,49.0,59.6,166,141,40,27,54.4,139,0
03:30:01,52.8,45.5,54.4,160,86,20,25,44.7,118,0
03:31:01,38.6,58.9,53.7,138,92,20,23,47.2,116,0
03:32:01,45.9,49.1,55.5,157,127,38,22,44.8,114,0
03:33:01,33.1,47.1,57.4,143,111,37,28,44.7,125,0
03:34:01,32.3,57.4,55.9,158,103,35,28,47.7,144,0
03:35:01,88.9,96.2,60.0,851,796,876,628,81.4,408,1
03:36:01,56.7,49.6,55.4,179,135,33,29,45.8,127,0
03:37:01,57.9,58.5,59.7,167,115,34,24,54.7,148,0
03:38:01,35.8,48.0,55.8,124,87,21,17,43.5,112,0
03:39:01,45.6,46.4,59.5,132,146,21,21,46.0,134,0
03:40:01,46.6,48.0,52.4,127,87,22,17,53.4,124,0
03:41:01,56.2,56.9,58.6,119,103,35,17,52.3,112,0
03:42:01,42.6,47.4,53.7,126,106,23,29,53.1,112,0
03:43:01,37.5,58.5,51.3,137,90,38,30,46.7,124,0
03:44:01,37.2,56.9,55.2,154,149,22,23,43.8,111,0
03:45:01,34.1,54.9,56.9,142,129,21,26,52.9,144,0
03:46:01,46.2,48.5,51.4,104,132,27,18,45.0,133,0
03:47:01,52.9,56.8,54.4,163,116,34,18,52.6,144,0
03:48:01,45.7,59.1,59.4,164,111,27,24,53.4,136,0
03:49:01,55.1,46.6,53.0,135,106,33,30,43.7,129,0
03:50:01,36.5,59.9,54.5,125,88,39,21,48.0,127,0
03:51:01,50.8,49.9,56.7,131,147,38,23,53.7,138,0
03:52:01,45.9,50.4,59.1,164,116,31,24,47.5,128,0
03:53:01,42.8,49.7,59.1,169,112,21,27,53.4,111,0
03:54:01,30.4,51.9,59.3,114,140,20,21,53.6,119,0
03:55:01,53.3,57.4,51.1,146,96,35,17,49.3,149,0
03:56:01,56.4,51.3,58.7,130,83,38,18,43.8,132,0
03:57:01,40.7,49.6,52.9,165,130,28,25,50.8,139,0
03:58:01,53.9,55.5,55.5,176,82,25,30,54.6,114,0
03:59:01,54.1,54.4,58.8,158,116,31,16,51.8,124,0
04:00:01,32.8,56.0,55.8,170,109,30,21,49.7,139,0
04:01:01,34.3,48.6,50.6,119,141,29,18,49.8,111,0
04:02:01,35.4,47.1,59.6,173,140,30,20,47.6,135,0
04:03:01,87.6,87.5,53.5,757,1384,351,492,78.8,421,1
04:04:01,37.7,48.5,53.4,152,117,20,25,54.7,145,0
04:05:01,53.2,56.3,55.4,134,115,25,19,47.8,125,0
04:06:01,48.6,50.4,55.6,119,92,22,29,47.0,144,0
04:07:01,38.1,51.5,59.6,105,115,35,28,47.7,124,0
04:08:01,32.9,56.7,56.4,106,87,32,25,54.3,146,0
04:09:01,46.7,52.8,50.7,169,122,39,30,42.7,129,0
04:10:01,45.9,58.0,57.9,141,115,32,29,45.7,115,0
04:11:01,49.1,57.4,53.0,137,86,31,26,42.6,114,0
04:12:01,44.9,53.3,51.3,110,133,26,24,50.0,141,0
04:13:01,33.2,53.8,52.0,176,137,29,26,54.5,116,0
04:14:01,53.7,47.2,51.3,115,109,28,16,49.1,130,0
04:15:01,38.5,49.3,54.0,139,138,27,16,43.2,120,0
04:16:01,59.7,52.2,53.4,173,80,32,28,49.8,119,0
04:17:01,53.0,49.6,52.5,171,93,23,21,44.8,117,0
04:18:01,58.5,59.8,59.9,151,120,27,17,52.7,122,0
04:19:01,50.9,58.8,55.4,171,98,33,25,48.5,116,0
04:20:01,40.1,46.4,51.7,171,130,28,23,51.0,114,0
04:21:01,55.3,52.8,56.4,171,81,23,23,54.2,141,0
04:22:01,59.9,58.9,55.5,176,146,28,27,50.4,130,0
04:23:01,46.8,58.0,52.9,116,117,24,15,54.2,140,0
04:24:01,98.3,90.2,60.6,835,1355,836,359,91.3,430,1
04:25:01,30.9,53.9,58.9,154,116,30,26,51.7,142,0
04:26:01,44.8,45.3,50.5,149,81,32,25,49.4,117,0
04:27:01,91.9,98.4,59.4,960,1049,412,717,90.4,590,1
04:28:01,57.9,53.2,50.2,111,88,36,22,48.3,143,0
04:29:01,34.4,50.9,50.5,126,115,29,26,45.6,125,0
04:30:01,44.0,50.3,54.3,138,127,37,26,44.7,110,0
04:31:01,40.4,56.3,56.0,180,111,38,27,47.5,117,0
04:32:01,48.2,55.8,51.2,106,148,35,23,45.5,122,0
04:33:01,47.9,57.8,52.9,105,89,27,28,55.0,113,0
04:34:01,39.7,55.8,53.8,155,94,39,26,51.5,140,0
04:35:01,51.0,50.5,55.0,149,103,38,21,45.1,136,0
04:36:01,55.6,55.2,54.0,155,119,38,19,49.9,124,0
04:37:01,38.2,59.3,52.2,111,106,33,28,44.3,114,0
04:38:01,46.8,47.2,50.9,159,94,27,26,44.1,125,0
04:39:01,46.6,56.3,59.0,156,116,29,16,42.9,133,0
04:40:01,59.1,48.0,53.5,130,140,33,30,51.3,131,0
04:41:01,85.6,92.3,64.1,1353,728,893,339,78.2,581,1
04:42:01,42.3,57.4,51.4,126,112,28,21,48.0,119,0
04:43:01,56.8,55.1,52.8,132,147,28,22,46.3,112,0
04:44:01,50.4,57.4,59.1,124,147,31,17,45.2,148,0
04:45:01,92.9,85.4,52.7,1013,916,490,716,89.5,600,1
04:46:01,41.3,48.3,54.7,180,105,29,26,52.1,140,0
04:47:01,37.6,52.0,53.2,110,130,28,28,49.0,126,0
04:48:01,48.3,52.7,53.5,129,90,28,25,43.2,139,0
04:49:01,30.1,56.3,55.6,177,141,38,29,48.1,115,0
04:50:01,43.0,45.7,53.2,142,111,22,29,52.3,147,0
04:51:01,51.1,58.3,51.8,175,87,38,26,46.4,110,0
04:52:01,45.8,52.0,57.2,139,124,39,19,43.1,140,0
04:53:01,48.1,46.5,53.6,169,126,26,18,46.0,143,0
04:54:01,35.4,52.5,53.3,173,127,23,25,47.5,121,0
04:55:01,46.3,49.3,55.6,118,119,32,17,42.1,110,0
04:56:01,50.1,53.9,54.9,161,146,39,23,47.5,130,0
04:57:01,51.3,55.0,56.1,159,81,38,22,51.8,115,0
04:58:01,59.4,55.5,51.7,101,135,22,29,46.2,146,0
04:59:01,59.3,58.0,59.2,118,98,37,15,50.9,136,0
05:00:01,52.6,48.8,59.1,100,150,24,22,50.7,113,0
05:01:01,42.7,49.0,57.7,174,122,30,23,47.2,140,0
05:02:01,52.2,58.9,50.8,110,147,27,19,54.2,111,0
05:03:01,33.5,47.2,58.0,160,93,38,29,53.5,128,0
05:04:01,52.7,53.1,53.5,107,132,36,30,54.4,115,0
05:05:01,30.1,46.0,54.7,171,129,32,21,51.0,117,0
05:06:01,51.9,48.6,55.6,137,123,30,25,45.0,142,0
05:07:01,58.3,51.4,59.7,151,89,38,18,47.6,147,0
05:08:01,37.8,49.2,54.5,175,133,21,30,53.5,128,0
05:09:01,41.6,54.3,54.5,144,145,40,30,54.9,135,0
05:10:01,39.1,48.4,55.0,173,128,39,30,52.7,140,0
05:11:01,43.9,58.0,57.8,148,128,40,30,43.8,136,0
05:12:01,54.5,47.3,52.9,147,109,39,18,43.5,141,0
05:13:01,51.5,57.4,51.1,134,85,39,20,54.4,146,0
05:14:01,53.6,56.9,57.4,110,130,26,28,44.3,148,0
05:15:01,51.9,59.4,58.1,133,129,40,21,47.1,143,0
05:16:01,46.9,51.7,56.6,127,147,37,24,48.0,118,0
05:17:01,45.7,49.0,53.9,176,108,27,17,54.5,121,0
05:18:01,96.6,99.1,65.7,1369,680,581,379,89.9,444,1
05:19:01,40.9,56.0,50.1,141,118,23,22,44.0,113,0
05:20:01,50.6,57.4,52.7,137,100,36,26,53.1,144,0
05:21:01,30.7,51.0,54.0,114,116,31,18,45.8,142,0
05:22:01,55.6,47.1,55.8,172,110,40,17,48.1,121,0
05:23:01,37.2,58.1,51.5,163,138,34,17,47.0,124,0
05:24:01,40.2,58.5,55.5,153,93,27,24,54.2,125,0
05:25:01,55.7,50.6,53.8,167,124,20,22,49.4,128,0
05:26:01,54.6,55.3,54.4,143,86,37,25,51.0,111,0
05:27:01,44.2,46.9,58.4,172,120,40,27,52.7,131,0
05:28:01,47.9,51.8,50.6,172,86,32,19,51.5,128,0
05:29:01,30.9,50.5,52.5,112,114,26,28,51.8,135,0
05:30:01,59.9,56.5,53.6,164,125,40,30,46.0,134,0
05:31:01,43.8,57.4,58.6,109,109,29,29,49.6,112,0
05:32:01,52.2,56.4,51.0,157,118,36,30,53.9,126,0
05:33:01,58.9,50.5,59.8,120,134,29,24,43.3,117,0
05:34:01,39.4,52.8,53.9,134,124,28,23,51.4,123,0
05:35:01,34.5,55.5,53.9,137,88,40,24,45.7,138,0
05:36:01,45.2,53.2,59.3,109,112,30,15,42.7,144,0
05:37:01,43.0,46.0,57.1,122,129,33,27,54.9,130,0
05:38:01,45.0,50.6,54.9,159,114,37,21,43.9,131,0
05:39:01,58.5,50.3,57.0,168,82,23,29,45.0,127,0
05:40:01,47.0,52.9,58.0,147,84,31,20,44.3,149,0
05:41:01,52.2,48.4,57.2,108,119,21,27,48.4,127,0
05:42:01,43.5,56.4,50.7,115,81,26,18,48.3,121,0
05:43:01,45.3,48.3,53.5,126,142,38,24,51.3,120,0
05:44:01,37.0,45.6,50.6,115,90,24,25,51.2,127,0
05:45:01,31.5,59.6,58.2,102,106,32,16,52.1,112,0
05:46:01,50.7,59.1,52.8,115,88,28,15,48.6,147,0
05:47:01,43.7,47.1,57.2,111,125,29,15,47.2,129,0
05:48:01,94.7,94.9,66.5,1433,1291,807,604,84.7,481,1
05:49:01,36.1,55.4,53.8,156,84,24,19,50.3,144,0
05:50:01,95.4,87.5,58.5,1009,876,530,321,78.9,439,1
05:51:01,57.5,58.6,50.4,134,82,22,25,45.4,133,0
05:52:01,37.2,55.3,56.1,153,92,34,16,50.6,124,0
05:53:01,87.0,88.1,56.5,1473,724,360,590,76.1,430,1
05:54:01,39.0,48.0,57.9,141,80,33,23,46.5,122,0
05:55:01,51.7,47.5,52.7,165,134,31,21,53.3,123,0
05:56:01,98.2,97.3,55.7,921,1155,494,354,86.0,516,1
05:57:01,87.5,96.8,58.5,799,1364,891,779,81.2,553,1
05:58:01,57.0,46.5,51.8,141,119,20,30,52.0,144,0
05:59:01,99.9,91.6,61.8,864,818,546,796,90.3,439,1
06:00:01,92.0,88.4,54.4,1024,1256,747,408,85.3,490,1
06:01:01,48.5,59.5,52.7,168,139,33,20,43.1,134,0
06:02:01,36.8,57.2,55.4,179,80,37,16,44.8,131,0
06:03:01,46.1,56.2,54.9,136,85,35,15,53.0,121,0
06:04:01,52.8,56.6,59.6,135,127,28,21,53.2,141,0
06:05:01,50.6,50.0,52.3,117,150,33,16,52.9,112,0
06:06:01,97.0,94.4,55.2,1361,1217,484,793,89.2,370,1
06:07:01,37.5,46.3,58.5,168,113,37,22,52.9,118,0
06:08:01,57.0,46.2,53.3,141,93,38,19,49.5,134,0
06:09:01,58.2,55.6,56.9,131,82,34,23,52.8,145,0
06:10:01,43.9,45.2,51.8,132,100,25,23,53.6,144,0
06:11:01,46.3,55.2,53.4,167,98,35,30,48.4,120,0
06:12:01,33.0,58.0,57.4,117,99,39,20,50.2,111,0
06:13:01,41.9,59.6,55.3,105,86,31,16,51.9,134,0
06:14:01,41.2,49.1,56.3,110,96,22,18,46.1,122,0
06:15:01,42.6,48.0,58.3,147,82,39,23,46.6,119,0
06:16:01,44.5,56.7,53.9,124,114,21,15,46.7,136,0
06:17:01,53.3,45.2,52.6,166,89,32,15,43.0,110,0
06:18:01,46.2,50.9,52.6,153,129,22,24,53.7,132,0
06:19:01,49.1,51.2,54.0,179,117,37,22,51.8,132,0
06:20:01,39.9,48.4,52.2,129,120,35,20,53.6,123,0
06:21:01,58.8,48.7,59.3,148,139,26,19,44.5,123,0
06:22:01,44.6,49.8,58.7,176,118,37,21,49.7,112,0
06:23:01,52.0,54.6,53.0,117,134,35,21,52.0,141,0
06:24:01,43.3,54.5,59.4,157,92,24,29,47.4,129,0
06:25:01,97.2,87.7,54.2,882,1050,714,714,77.8,498,1
06:26:01,54.2,46.9,54.7,123,114,36,22,44.3,128,0
06:27:01,51.9,53.2,59.5,114,145,32,15,51.2,131,0
06:28:01,34.3,51.1,54.7,142,138,36,19,51.0,113,0
06:29:01,34.0,52.6,54.9,131,87,22,30,42.8,149,0
06:30:01,37.2,54.9,50.6,168,85,34,24,50.3,116,0
06:31:01,49.7,49.8,55.9,157,117,25,20,53.7,136,0
06:32:01,40.4,45.7,55.8,112,118,28,27,52.3,122,0
06:33:01,59.7,50.8,53.5,169,83,23,24,52.8,113,0
06:34:01,57.7,47.5,50.2,102,100,23,15,54.5,135,0
06:35:01,34.5,51.9,57.7,113,90,30,19,49.0,130,0
06:36:01,33.9,52.1,53.0,180,126,30,24,44.7,124,0
06:37:01,57.8,57.8,51.3,180,138,37,24,45.1,115,0
06:38:01,34.7,59.1,55.9,169,130,20,27,53.5,140,0
06:39:01,46.0,55.1,51.9,157,134,37,23,45.4,123,0
06:40:01,48.4,47.4,57.2,137,120,31,23,53.3,149,0
06:41:01,40.5,51.2,55.2,116,97,24,22,49.1,134,0
06:42:01,54.1,54.7,53.9,114,133,24,15,46.5,126,0
06:43:01,32.5,57.0,57.1,154,106,32,17,44.0,114,0
06:44:01,41.7,47.7,50.3,111,104,27,16,53.9,134,0
06:45:01,41.6,53.9,57.9,148,99,27,22,54.4,115,0
06:46:01,37.1,49.7,59.5,102,129,22,15,54.0,116,0
06:47:01,43.2,56.4,53.4,170,105,21,24,44.8,141,0
06:48:01,42.2,53.6,53.3,173,114,27,16,46.0,139,0
06:49:01,50.8,52.3,51.2,124,137,27,24,43.2,124,0
06:50:01,32.8,59.7,55.5,103,124,39,17,45.3,118,0
06:51:01,43.7,52.6,51.0,150,84,37,18,54.4,114,0
06:52:01,33.4,48.2,55.4,129,84,21,17,52.3,138,0
06:53:01,56.3,54.1,52.9,100,129,28,24,50.4,143,0
06:54:01,32.7,49.9,51.1,138,112,26,21,49.5,145,0
06:55:01,41.5,52.8,53.7,165,141,37,30,44.2,110,0
06:56:01,41.6,55.7,52.4,134,83,27,25,51.6,144,0
06:57:01,48.3,59.5,59.7,152,109,28,19,49.5,116,0
06:58:01,52.7,50.1,51.5,107,147,36,24,53.7,122,0
06:59:01,98.4,97.9,53.6,1419,1246,688,765,94.1,357,1
07:00:01,38.8,54.2,52.9,103,116,26,22,42.4,112,0
07:01:01,42.8,53.1,56.6,109,110,20,16,48.2,126,0
07:02:01,41.0,54.5,58.9,163,127,28,20,46.7,120,0
07:03:01,33.0,48.6,59.8,152,138,34,27,48.4,120,0
07:04:01,40.5,52.0,53.3,146,88,24,28,46.3,148,0
07:05:01,55.9,57.6,59.0,104,108,34,30,46.8,134,0
07:06:01,88.4,89.0,55.2,1252,660,611,489,81.0,505,1
07:07:01,59.2,51.4,54.8,122,89,22,24,52.9,141,0
07:08:01,85.8,93.5,64.2,1207,1002,667,602,83.4,365,1
07:09:01,50.7,53.9,54.0,114,114,31,25,53.2,112,0
07:10:01,54.0,53.3,54.5,104,84,20,18,42.8,118,0
07:11:01,53.2,50.1,58.3,119,98,29,20,46.8,141,0
07:12:01,91.9,98.2,68.4,969,737,737,473,91.2,560,1
07:13:01,51.0,56.6,53.1,149,128,35,19,50.9,122,0
07:14:01,35.0,56.3,57.8,118,83,27,22,52.6,113,0
07:15:01,58.9,56.4,57.9,123,109,21,28,44.7,148,0
07:16:01,30.5,49.5,57.0,111,96,28,17,42.9,141,0
07:17:01,48.4,53.7,52.2,130,119,37,27,44.3,120,0
07:18:01,40.1,47.9,54.0,130,103,30,19,44.3,111,0
07:19:01,39.0,47.4,50.7,102,127,34,20,44.4,148,0
07:20:01,51.4,56.3,55.2,111,111,40,26,53.3,131,0
07:21:01,36.5,45.4,51.3,116,109,20,29,42.3,126,0
07:22:01,53.0,48.6,58.8,101,93,28,24,54.1,125,0
07:23:01,44.9,55.1,51.4,130,101,30,26,42.8,114,0
07:24:01,86.8,90.7,61.6,1420,668,439,575,82.2,528,1
07:25:01,53.9,58.6,51.4,107,86,36,16,51.3,134,0
07:26:01,47.4,46.4,59.2,158,89,36,30,53.0,114,0
07:27:01,55.0,49.5,51.2,112,122,22,19,43.0,149,0
07:28:01,39.2,47.5,54.1,144,113,33,18,52.2,141,0
07:29:01,48.7,53.3,57.7,108,109,36,29,49.3,145,0
07:30:01,49.0,55.4,56.4,154,108,32,26,54.3,127,0
07:31:01,47.2,58.9,55.2,154,93,23,18,49.5,140,0
07:32:01,57.8,54.9,59.9,160,122,34,23,45.0,120,0
07:33:01,59.7,58.9,59.1,124,119,39,20,42.5,116,0
07:34:01,35.7,45.7,59.8,153,94,40,28,46.9,138,0
07:35:01,91.5,85.4,54.5,1214,785,693,475,77.3,578,1
07:36:01,56.5,50.5,54.5,165,107,38,15,46.0,136,0
07:37:01,36.6,55.5,55.9,144,144,22,18,54.2,117,0
07:38:01,46.1,58.0,57.5,167,127,27,27,48.7,125,0
07:39:01,37.1,57.5,51.7,103,131,34,25,50.5,132,0
07:40:01,47.8,51.1,50.4,180,80,23,17,46.8,130,0
07:41:01,38.3,51.3,52.1,107,108,38,23,51.3,120,0
07:42:01,99.0,97.1,62.2,1480,1105,594,494,90.1,566,1
07:43:01,54.6,48.5,55.7,135,128,23,24,44.7,133,0
07:44:01,35.4,58.7,54.3,166,121,21,28,44.8,129,0
07:45:01,48.7,50.3,50.8,112,86,25,22,42.8,120,0
07:46:01,58.4,55.8,50.6,151,147,24,16,46.3,142,0
07:47:01,40.0,59.4,51.0,133,148,34,16,54.6,122,0
07:48:01,54.7,53.2,52.8,121,118,29,16,46.3,129,0
07:49:01,32.1,53.6,57.2,121,88,22,22,52.5,122,0
07:50:01,49.5,59.1,53.2,179,109,26,20,48.3,116,0
07:51:01,85.5,98.7,67.8,1130,778,679,749,94.2,350,1
07:52:01,38.1,52.0,57.0,171,149,20,24,46.2,138,0
07:53:01,45.7,58.4,59.5,159,122,38,30,48.5,139,0
07:54:01,55.2,49.4,55.7,140,88,22,22,53.6,128,0
07:55:01,58.9,57.5,53.1,118,141,40,23,46.7,112,0
07:56:01,30.5,54.2,52.5,177,142,23,17,52.3,144,0
07:57:01,40.2,52.5,54.0,173,125,27,22,54.3,148,0
07:58:01,93.1,86.6,59.5,871,674,843,649,79.8,512,1
07:59:01,40.1,52.3,52.8,157,150,35,26,48.6,127,0
08:00:01,33.2,50.4,52.0,130,143,27,25,48.8,129,0
08:01:01,59.0,52.7,59.6,130,80,34,24,45.0,137,0
08:02:01,48.6,53.9,58.7,109,105,28,18,54.1,146,0
08:03:01,43.4,59.6,56.1,150,83,37,25,47.0,122,0
08:04:01,36.0,48.4,57.7,151,142,38,25,53.4,145,0
08:05:01,31.8,58.8,53.1,175,84,38,15,54.3,137,0
08:06:01,33.6,54.2,52.1,168,82,37,26,44.1,119,0
08:07:01,40.2,50.0,55.2,178,110,37,24,52.8,116,0
08:08:01,36.2,47.4,58.9,121,122,23,16,51.5,115,0
08:09:01,31.4,54.0,59.6,173,146,22,16,44.5,117,0
08:10:01,46.7,49.4,52.0,180,81,23,15,47.8,146,0
08:11:01,46.7,49.4,58.9,147,141,29,19,44.3,143,0
08:12:01,32.0,49.7,55.7,122,141,32,16,53.7,135,0
08:13:01,35.8,56.8,56.3,168,150,38,24,43.6,146,0
08:14:01,55.1,54.5,59.4,109,107,32,20,48.2,148,0
08:15:01,32.1,46.2,51.8,150,110,37,30,46.3,116,0
08:16:01,31.2,49.1,58.7,133,93,29,28,51.1,137,0
08:17:01,32.3,55.0,51.6,145,121,33,18,49.8,114,0
08:18:01,46.8,58.8,58.0,165,146,35,25,53.9,117,0
08:19:01,46.9,54.3,58.6,111,107,33,20,43.2,130,0
08:20:01,32.2,49.8,52.8,159,147,32,16,54.9,130,0
08:21:01,51.5,52.1,51.1,133,99,35,28,49.0,142,0
08:22:01,31.0,57.3,54.5,126,148,27,15,51.0,129,0
08:23:01,58.9,54.4,58.7,180,104,25,24,42.0,110,0
08:24:01,41.8,50.0,57.5,103,106,38,18,42.7,139,0
08:25:01,48.5,48.2,50.3,106,93,33,17,50.6,138,0
08:26:01,54.8,50.5,58.5,174,137,26,27,52.8,144,0
08:27:01,31.3,45.2,50.4,102,110,30,19,48.5,142,0
08:28:01,49.0,51.4,50.4,149,116,22,29,45.8,127,0
08:29:01,59.3,45.6,51.1,105,84,20,23,51.3,127,0
08:30:01,43.2,57.9,52.5,118,109,29,17,53.0,115,0
08:31:01,51.7,48.8,54.0,174,125,25,15,46.6,132,0
08:32:01,38.7,55.0,59.2,103,109,35,30,47.2,122,0
08:33:01,60.0,51.4,57.8,172,142,32,24,45.7,139,0
08:34:01,38.5,49.4,51.7,153,110,24,25,45.0,117,0
08:35:01,97.6,89.3,66.5,812,1378,696,800,84.1,380,1
08:36:01,37.3,57.9,53.0,161,129,31,16,52.0,120,0
08:37:01,49.8,51.0,57.6,120,92,38,15,46.7,110,0
08:38:01,41.4,45.4,54.6,135,93,36,27,51.5,127,0
08:39:01,33.3,47.1,59.7,102,135,30,22,43.6,130,0
08:40:01,30.3,46.2,59.9,143,128,29,15,50.1,122,0
08:41:01,47.5,49.7,55.1,113,113,40,21,46.9,128,0
08:42:01,43.6,58.0,58.9,174,140,40,21,51.9,147,0
08:43:01,41.6,58.2,52.5,107,140,22,28,43.6,119,0
08:44:01,33.0,56.4,54.9,176,108,20,29,43.6,122,0
08:45:01,39.6,48.6,52.7,102,97,26,26,50.5,117,0
08:46:01,44.6,58.7,55.0,133,95,31,16,48.4,127,0
08:47:01,49.6,47.8,52.7,106,112,22,25,45.8,117,0
08:48:01,89.1,99.0,69.8,1166,994,494,355,80.6,364,1
08:49:01,35.3,49.9,56.5,160,136,32,15,49.5,146,0
08:50:01,59.7,57.0,50.5,153,88,31,18,45.8,147,0
08:51:01,34.9,51.2,50.0,100,105,32,23,48.3,114,0
08:52:01,36.6,54.6,54.9,163,146,20,26,45.0,117,0
08:53:01,38.8,46.2,59.7,120,111,32,20,50.7,123,0
08:54:01,44.8,51.6,58.5,118,137,26,25,46.6,113,0
08:55:01,38.6,50.2,52.6,150,82,36,22,44.5,116,0
08:56:01,55.0,49.0,59.1,107,145,27,16,49.3,148,0
08:57:01,48.1,46.0,53.6,119,92,39,29,47.3,114,0
08:58:01,44.8,55.7,51.4,174,83,33,24,45.2,130,0
08:59:01,38.2,58.4,51.9,139,86,39,27,44.7,121,0
09:00:01,91.5,95.2,61.8,1450,934,452,718,83.3,425,1
09:01:01,93.7,98.0,61.4,910,937,783,416,88.7,350,1
09:02:01,44.8,51.1,56.0,109,83,40,28,47.3,149,0
09:03:01,51.7,49.8,57.0,150,133,27,24,47.2,150,0
09:04:01,58.3,51.4,53.0,124,121,38,15,44.8,147,0
09:05:01,50.1,54.9,56.2,179,87,31,28,45.4,131,0
09:06:01,45.7,53.5,54.2,180,96,22,27,53.2,116,0
09:07:01,58.2,58.9,59.9,147,112,20,21,54.1,119,0
09:08:01,42.7,52.4,55.8,163,115,28,20,44.6,127,0
09:09:01,46.3,51.3,54.0,130,121,34,17,44.3,132,0
09:10:01,54.1,46.8,55.2,128,118,28,23,52.3,129,0
09:11:01,37.7,52.1,54.9,107,119,39,17,52.1,128,0
09:12:01,55.4,51.0,51.1,132,135,26,26,42.1,138,0
09:13:01,47.2,55.0,56.0,102,104,27,20,46.7,131,0
09:14:01,53.4,48.2,51.1,166,91,38,15,54.2,141,0
09:15:01,45.3,50.5,52.3,128,145,20,29,43.2,147,0
09:16:01,58.9,51.0,54.9,112,107,37,24,53.6,120,0
09:17:01,44.7,57.8,58.9,108,108,22,24,45.1,129,0
09:18:01,93.7,90.3,54.7,1062,751,470,703,85.2,360,1
09:19:01,49.7,53.3,55.7,155,104,35,22,52.2,124,0
09:20:01,34.8,53.8,55.9,101,124,38,29,43.0,149,0
09:21:01,38.2,49.2,54.5,109,124,20,16,50.5,126,0
09:22:01,51.7,51.6,58.4,145,106,26,24,47.4,138,0
09:23:01,86.5,89.1,59.7,982,1095,541,355,77.6,502,1
09:24:01,99.4,85.1,55.6,901,1027,404,497,81.5,417,1
09:25:01,30.4,49.6,59.2,173,130,20,29,44.7,115,0
09:26:01,54.8,52.8,54.6,160,128,31,16,55.0,142,0
09:27:01,36.2,58.9,53.9,165,86,25,23,44.1,126,0
09:28:01,37.0,45.1,50.2,103,141,36,23,45.4,117,0
09:29:01,57.7,57.8,59.1,136,100,32,26,46.6,126,0
09:30:01,46.7,56.7,56.3,175,102,28,25,51.9,139,0
09:31:01,39.3,58.7,51.6,134,101,22,15,42.1,117,0
09:32:01,37.0,49.4,51.8,119,82,35,25,42.5,120,0
09:33:01,85.7,91.6,69.0,1205,832,832,389,82.6,367,1
09:34:01,45.5,54.2,59.5,119,127,30,16,46.6,112,0
09:35:01,48.0,59.6,56.9,172,138,38,28,49.8,148,0
09:36:01,85.7,96.1,61.9,913,859,499,567,85.1,425,1
09:37:01,39.1,48.9,50.6,151,138,31,17,53.8,142,0
09:38:01,48.6,45.8,56.0,114,112,24,28,47.9,127,0
09:39:01,40.6,53.1,54.3,119,147,32,22,51.3,112,0
09:40:01,53.6,53.4,56.7,147,101,32,19,47.3,141,0
09:41:01,48.2,57.3,51.4,158,95,33,25,51.1,134,0
09:42:01,45.3,45.1,50.2,146,110,38,25,47.7,124,0
09:43:01,33.7,54.3,59.4,177,91,33,27,43.0,132,0
09:44:01,56.1,58.7,54.6,113,85,37,25,51.8,135,0
09:45:01,39.0,45.9,52.7,142,91,39,15,46.2,123,0
09:46:01,53.7,51.7,58.6,178,147,25,21,53.2,117,0
09:47:01,33.6,55.3,57.2,150,122,28,19,54.6,141,0
09:48:01,98.1,97.2,66.6,784,815,461,608,87.0,570,1
09:49:01,43.2,59.0,51.6,157,122,35,18,48.1,149,0
09:50:01,56.5,59.8,54.1,127,104,32,29,47.6,129,0
09:51:01,36.9,55.5,51.8,107,104,34,25,42.3,110,0
09:52:01,30.1,55.1,56.0,148,111,40,16,45.3,144,0
09:53:01,57.1,52.8,56.5,126,136,34,24,49.4,138,0
09:54:01,36.5,55.5,57.0,137,122,30,30,47.0,124,0
09:55:01,46.3,48.5,51.0,110,92,26,16,54.2,149,0
09:56:01,33.7,50.0,59.3,125,147,21,17,43.7,112,0
09:57:01,90.0,93.8,54.1,735,1254,664,374,92.0,562,1
09:58:01,57.2,57.4,57.0,132,89,22,23,54.6,144,0
09:59:01,44.0,58.2,56.0,109,99,36,28,50.0,133,0
10:00:01,46.4,46.6,55.5,128,145,35,16,49.2,137,0
10:01:01,58.5,47.3,58.5,156,126,21,17,45.1,130,0
10:02:01,38.2,58.3,55.6,164,103,32,16,46.3,123,0
10:03:01,43.3,45.9,52.6,115,92,32,15,50.3,145,0
10:04:01,39.9,49.6,50.8,142,107,32,21,53.1,116,0
10:05:01,30.6,53.4,51.3,158,125,29,18,44.9,142,0
10:06:01,56.2,59.9,50.7,121,90,39,30,53.1,141,0
10:07:01,58.9,51.7,56.3,168,93,23,29,46.0,116,0
10:08:01,56.5,58.7,52.2,117,104,26,27,49.2,150,0
10:09:01,54.7,59.9,56.6,168,87,21,25,46.5,137,0
10:10:01,47.2,57.5,52.6,175,85,27,21,43.4,112,0
10:11:01,59.9,59.6,50.1,155,144,30,15,52.9,124,0
10:12:01,34.1,49.4,52.5,175,130,23,16,46.4,118,0
10:13:01,36.6,58.9,52.7,169,123,28,15,54.7,133,0
10:14:01,41.1,57.3,57.9,147,101,39,24,51.7,138,0
10:15:01,49.4,55.6,53.6,176,145,22,20,46.9,136,0
10:16:01,45.1,52.9,51.7,134,132,24,17,49.4,141,0
10:17:01,42.2,52.4,50.3,156,89,26,27,44.4,140,0
10:18:01,55.9,51.4,55.9,125,108,26,18,49.3,140,0
10:19:01,50.3,51.6,57.1,107,123,33,29,49.9,125,0
10:20:01,44.6,51.0,58.8,167,92,23,27,48.2,133,0
10:21:01,31.2,47.0,54.5,130,83,39,17,50.7,129,0
10:22:01,42.8,51.1,50.9,159,96,25,27,47.7,147,0
10:23:01,34.0,50.6,57.8,176,138,23,17,47.3,137,0
10:24:01,41.7,46.7,53.2,126,88,39,28,48.8,131,0
10:25:01,41.4,51.4,51.2,155,143,35,17,53.7,145,0
10:26:01,59.4,50.9,52.9,172,124,40,23,54.0,142,0
10:27:01,55.5,53.0,52.1,134,82,32,21,46.5,131,0
10:28:01,48.1,57.1,53.4,114,146,21,25,48.7,146,0
10:29:01,59.8,57.5,55.4,161,129,38,15,54.2,119,0
10:30:01,36.9,52.7,59.8,134,90,20,23,52.2,115,0
10:31:01,44.8,50.7,51.7,106,91,40,20,47.7,132,0
10:32:01,32.9,54.1,57.6,174,91,31,15,53.3,117,0
10:33:01,37.5,46.3,53.5,147,132,25,30,53.6,116,0
10:34:01,36.5,60.0,60.0,107,82,23,22,54.2,121,0
10:35:01,59.9,51.8,51.7,106,137,34,22,44.9,117,0
10:36:01,47.4,46.2,54.4,138,124,20,29,48.6,114,0
10:37:01,40.1,45.2,59.6,142,117,32,30,49.4,137,0
10:38:01,50.0,50.5,56.8,143,87,20,30,45.0,140,0
10:39:01,54.1,59.5,55.1,115,83,35,27,47.1,137,0
10:40:01,39.3,50.2,51.3,106,89,31,25,50.4,135,0
10:41:01,41.4,49.6,55.6,127,124,36,17,54.5,143,0
10:42:01,89.5,98.8,52.5,1237,1129,368,573,77.4,467,1
10:43:01,56.2,51.5,55.1,158,106,25,22,44.3,122,0
10:44:01,43.8,46.5,55.7,170,95,20,29,46.3,147,0
10:45:01,43.9,51.0,52.0,171,142,34,28,54.0,147,0
10:46:01,50.8,59.6,54.9,123,116,38,21,48.4,120,0
10:47:01,41.0,48.2,50.1,180,147,25,25,46.4,118,0
10:48:01,32.3,57.2,50.5,149,112,28,29,45.1,131,0
10:49:01,45.8,48.9,55.9,126,107,35,30,42.8,124,0
10:50:01,59.6,52.2,51.1,103,128,31,15,43.9,143,0
10:51:01,46.2,58.0,50.8,119,90,36,18,49.8,124,0
10:52:01,40.2,52.1,51.3,174,134,20,29,52.7,127,0
10:53:01,32.7,47.0,59.1,111,101,36,22,52.4,149,0
10:54:01,35.1,46.7,57.7,100,118,30,26,45.8,134,0
10:55:01,39.3,45.2,58.0,165,105,40,26,46.1,133,0
10:56:01,30.4,52.8,50.2,112,123,22,30,44.9,129,0
10:57:01,49.8,52.5,59.1,164,136,24,22,46.3,142,0
10:58:01,54.3,55.2,50.0,150,144,29,18,45.7,134,0
10:59:01,46.4,51.8,59.1,150,135,34,20,53.2,120,0
11:00:01,35.0,48.7,54.2,179,99,25,15,43.3,120,0
11:01:01,56.3,56.0,57.9,109,99,23,25,52.0,128,0
11:02:01,47.4,47.0,53.5,168,116,28,15,43.3,117,0
11:03:01,36.0,48.8,59.4,176,149,24,19,45.6,119,0
11:04:01,47.6,59.3,52.5,119,137,34,16,51.0,131,0
11:05:01,45.7,47.4,56.6,135,94,22,24,47.0,121,0
11:06:01,42.0,58.3,56.9,120,89,27,22,49.8,130,0
11:07:01,36.4,50.6,50.6,176,111,27,16,49.7,143,0
11:08:01,98.2,95.5,66.4,1111,918,427,437,82.2,394,1
11:09:01,51.8,55.0,54.1,131,147,25,29,51.0,146,0
11:10:01,30.7,54.8,58.3,166,102,32,17,46.0,139,0
11:11:01,59.3,49.6,54.5,136,117,36,26,47.7,126,0
11:12:01,98.0,97.6,61.5,1272,680,830,509,94.3,592,1
11:13:01,52.4,52.0,54.4,170,139,35,21,43.4,142,0
11:14:01,40.0,59.7,54.8,111,129,25,22,43.0,117,0
11:15:01,52.6,46.9,54.4,150,121,32,18,53.3,136,0
11:16:01,37.6,49.6,53.1,179,135,40,15,42.6,115,0
11:17:01,40.1,53.9,55.0,102,90,26,24,49.0,123,0
11:18:01,54.3,46.2,57.0,169,141,24,15,47.6,149,0
11:19:01,35.3,51.8,53.7,105,96,20,17,52.4,130,0
11:20:01,53.7,53.7,50.6,153,95,33,30,51.1,140,0
11:21:01,51.9,49.2,57.4,166,109,29,16,43.6,117,0
11:22:01,59.2,59.6,53.1,133,121,38,18,50.8,128,0
11:23:01,35.5,53.0,56.3,109,137,36,24,46.8,142,0
11:24:01,55.2,48.2,51.9,135,106,34,27,44.8,111,0
11:25:01,46.9,50.7,54.6,161,138,21,29,54.8,145,0
11:26:01,49.4,57.7,56.8,169,98,31,19,42.9,116,0
11:27:01,56.3,57.9,54.9,160,113,24,26,47.1,139,0
11:28:01,38.5,49.1,58.8,166,93,28,17,49.8,112,0
11:29:01,42.8,49.9,55.9,151,130,25,24,49.6,138,0
11:30:01,35.4,52.0,54.6,154,102,23,16,53.4,110,0
11:31:01,46.9,53.7,55.8,144,147,29,29,43.8,119,0
11:32:01,31.1,54.6,56.9,145,149,29,25,48.4,129,0
11:33:01,40.2,53.6,54.5,175,94,34,27,48.3,128,0
11:34:01,55.4,48.4,53.5,111,91,27,25,54.1,138,0
11:35:01,51.6,59.1,51.7,175,142,38,21,52.7,117,0
11:36:01,53.1,59.1,59.1,133,115,35,22,45.3,138,0
11:37:01,48.2,55.9,58.5,165,140,24,25,50.3,125,0
11:38:01,51.5,46.0,55.2,144,81,35,24,42.6,143,0
11:39:01,58.2,55.7,54.9,128,116,21,26,50.7,136,0
11:40:01,48.0,47.9,50.2,171,123,35,18,46.6,142,0
11:41:01,40.2,49.7,51.7,169,140,22,22,43.4,141,0
11:42:01,52.4,55.3,58.5,171,129,31,23,50.5,116,0
11:43:01,46.5,54.7,57.2,173,111,37,21,54.4,113,0
11:44:01,56.7,48.2,58.2,115,100,38,19,49.1,119,0
11:45:01,57.1,45.4,57.3,164,97,32,16,50.3,148,0
11:46:01,50.7,46.7,59.2,142,88,33,21,48.5,115,0
11:47:01,47.4,51.2,57.7,129,135,24,30,46.9,133,0
11:48:01,51.4,53.0,53.0,177,100,32,20,50.8,147,0
11:49:01,52.4,56.7,54.0,115,103,39,24,42.8,130,0
11:50:01,37.8,46.7,55.9,165,115,28,18,43.6,135,0
11:51:01,89.7,86.2,52.0,1290,762,601,397,89.1,560,1
11:52:01,59.5,49.3,59.4,143,146,20,23,43.9,146,0
11:53:01,40.4,50.9,59.3,150,129,37,29,47.5,136,0
11:54:01,96.0,93.0,67.8,716,1216,437,487,84.8,567,1
11:55:01,30.4,47.0,51.0,133,88,30,19,51.3,147,0
11:56:01,47.0,59.0,56.0,106,105,34,24,50.1,149,0
11:57:01,52.6,54.2,54.8,174,129,27,21,53.4,133,0
11:58:01,37.6,56.9,55.4,100,84,20,30,51.8,113,0
11:59:01,37.8,50.5,56.5,132,134,39,15,47.5,134,0
12:00:01,33.5,57.2,51.2,113,120,33,30,50.8,127,0
12:01:01,37.3,58.4,58.0,104,105,34,28,46.9,113,0
12:02:01,56.7,52.7,52.6,169,116,20,19,48.9,136,0
12:03:01,54.3,47.3,56.6,118,109,35,30,44.6,144,0
12:04:01,40.8,49.9,58.1,153,150,20,21,42.5,118,0
12:05:01,92.6,100.0,67.6,754,1345,648,520,88.8,579,1
12:06:01,98.0,93.5,53.4,1358,839,850,639,90.2,580,1
12:07:01,31.9,49.8,57.2,110,103,21,18,49.8,144,0
12:08:01,43.8,51.3,57.5,166,86,39,23,50.2,140,0
12:09:01,37.9,52.0,56.9,145,124,27,28,45.5,123,0
12:10:01,51.3,59.6,57.0,175,126,23,20,44.2,143,0
12:11:01,47.4,56.4,56.2,116,114,28,28,45.5,150,0
12:12:01,31.4,45.9,56.8,152,91,27,24,51.1,141,0
12:13:01,39.7,48.5,59.7,100,144,32,21,46.1,123,0
12:14:01,56.1,45.9,54.4,176,99,31,30,52.8,113,0
12:15:01,32.6,54.8,52.6,136,133,25,20,52.2,120,0
12:16:01,39.3,53.8,51.5,155,133,27,27,50.5,148,0
12:17:01,90.1,92.0,52.7,1124,1165,437,564,79.1,556,1
12:18:01,53.7,56.5,59.1,176,144,26,21,49.0,120,0
12:19:01,33.6,47.7,55.5,147,116,24,26,50.5,124,0
12:20:01,50.9,52.5,53.0,101,104,21,22,43.7,133,0
12:21:01,95.0,88.3,62.9,1164,966,885,455,75.4,470,1
12:22:01,31.6,46.0,53.8,136,142,35,16,52.4,121,0
12:23:01,31.4,51.4,50.5,131,107,24,24,54.3,110,0
12:24:01,54.3,57.0,50.4,173,144,22,28,52.7,140,0
12:25:01,45.8,46.8,56.0,155,117,27,27,49.5,132,0
12:26:01,93.7,86.5,58.5,1407,923,490,693,77.3,486,1
12:27:01,98.5,89.6,56.7,942,1182,592,555,90.9,360,1
12:28:01,49.7,53.4,50.0,142,149,36,24,50.7,130,0
12:29:01,54.2,51.6,50.6,124,122,23,22,54.7,150,0
12:30:01,47.5,53.9,58.3,115,127,35,30,51.5,110,0
12:31:01,51.9,50.5,52.4,158,95,30,23,53.0,130,0
12:32:01,89.6,95.7,67.1,728,862,460,780,79.7,484,1
12:33:01,52.9,55.8,55.1,179,104,33,30,49.1,141,0
12:34:01,35.6,47.2,50.0,172,89,36,18,47.2,142,0
12:35:01,34.3,49.2,50.2,141,86,38,20,49.5,139,0
12:36:01,56.2,55.3,57.1,122,87,32,18,48.2,130,0
12:37:01,32.4,47.0,54.6,103,142,25,21,52.8,111,0
12:38:01,35.8,57.7,58.8,180,133,40,20,47.5,128,0
12:39:01,35.6,56.2,56.1,129,130,26,23,43.9,145,0
12:40:01,57.5,59.5,56.1,144,85,22,27,52.4,122,0
12:41:01,33.6,47.3,57.8,117,100,25,27,49.7,127,0
12:42:01,43.0,58.8,51.8,180,121,33,18,51.1,124,0
12:43:01,60.0,57.3,59.1,128,145,27,22,45.6,150,0
12:44:01,55.1,49.1,55.6,166,84,22,18,45.6,124,0
12:45:01,97.1,85.2,66.9,792,754,400,645,86.5,572,1
12:46:01,39.8,58.1,57.8,134,120,33,28,43.1,110,0
12:47:01,91.6,96.9,67.6,762,755,814,455,75.9,485,1
12:48:01,50.6,47.3,50.6,143,147,25,23,53.5,148,0
12:49:01,36.7,59.0,50.6,169,89,28,17,53.1,121,0
12:50:01,53.8,59.7,55.4,112,134,20,15,42.9,134,0
12:51:01,35.7,51.8,55.9,180,125,24,26,53.3,122,0
12:52:01,30.1,46.2,58.5,142,121,29,23,44.4,139,0
12:53:01,38.3,57.3,55.7,138,144,30,18,54.9,136,0
12:54:01,42.0,48.4,56.3,166,88,34,23,42.2,130,0
12:55:01,58.8,50.4,53.7,111,100,21,26,53.7,123,0
12:56:01,48.1,54.3,58.6,143,101,37,24,53.8,138,0
12:57:01,92.0,95.8,58.1,1336,1224,618,453,93.3,422,1
12:58:01,54.0,56.9,58.8,157,119,32,29,46.0,111,0
12:59:01,86.3,86.4,56.4,1281,1168,638,446,88.3,377,1
13:00:01,54.0,48.6,56.7,161,106,26,27,52.1,138,0
13:01:01,40.8,58.5,52.2,102,150,31,18,49.9,116,0
13:02:01,42.2,55.4,59.6,139,123,25,19,51.1,132,0
13:03:01,37.4,55.9,54.4,128,109,38,30,50.6,119,0
13:04:01,59.0,58.2,57.9,148,119,23,22,49.2,115,0
13:05:01,34.7,53.8,56.4,111,127,39,30,42.4,140,0
13:06:01,37.9,55.2,51.8,116,113,35,29,48.8,141,0
13:07:01,31.5,49.8,56.0,148,149,39,20,52.1,136,0
13:08:01,48.0,52.0,54.4,150,92,21,28,43.0,124,0
13:09:01,58.4,53.2,57.1,158,137,23,24,53.4,129,0
13:10:01,52.1,59.7,52.3,162,80,24,22,45.4,131,0
13:11:01,50.4,46.5,53.1,118,96,30,27,54.0,142,0
13:12:01,38.2,58.5,57.9,162,97,36,18,50.6,123,0
13:13:01,47.2,57.6,52.3,146,87,23,26,54.4,137,0
13:14:01,34.3,53.4,50.5,170,114,37,22,44.8,147,0
13:15:01,92.6,97.3,69.1,1355,672,403,456,94.5,583,1
13:16:01,42.5,57.9,53.9,153,119,27,25,42.3,136,0
13:17:01,47.0,46.0,55.5,165,116,32,20,53.7,119,0
13:18:01,40.8,50.9,55.5,159,131,27,19,43.1,137,0
13:19:01,34.9,46.1,50.1,121,135,29,25,52.6,112,0
13:20:01,53.6,50.7,57.7,131,148,36,29,42.4,115,0
13:21:01,33.6,58.0,53.6,116,91,31,23,52.2,124,0
13:22:01,41.4,59.2,56.6,153,117,35,23,52.6,116,0
13:23:01,39.7,53.1,51.0,161,112,37,16,46.1,129,0
13:24:01,56.6,59.0,59.8,166,123,31,19,44.9,131,0
13:25:01,48.9,54.0,55.3,126,86,29,18,52.0,141,0
13:26:01,30.4,51.6,55.4,109,136,24,16,47.4,141,0
13:27:01,40.8,59.8,57.0,118,80,29,27,46.6,121,0
13:28:01,41.3,47.5,59.1,152,85,30,23,53.9,133,0
13:29:01,47.9,51.3,50.9,174,109,20,23,52.6,125,0
13:30:01,57.2,49.7,51.4,176,113,33,27,43.0,135,0
13:31:01,57.4,51.6,56.2,175,108,23,26,53.4,141,0
13:32:01,46.2,46.0,52.0,130,146,39,15,52.2,144,0
13:33:01,39.2,45.5,58.8,159,136,30,23,45.4,122,0
13:34:01,35.7,45.2,58.2,164,148,38,28,47.4,130,0
13:35:01,46.3,45.7,53.3,120,146,23,28,54.5,116,0
13:36:01,32.9,49.1,53.0,153,114,27,30,42.7,122,0
13:37:01,47.7,57.1,51.9,156,96,26,15,53.4,128,0
13:38:01,42.8,49.5,52.9,104,103,36,28,54.6,129,0
13:39:01,43.6,59.0,59.2,115,131,36,18,49.2,132,0
13:40:01,56.9,47.4,58.4,159,81,20,16,44.5,126,0
13:41:01,44.2,58.4,51.1,140,110,25,27,52.7,150,0
13:42:01,35.2,45.6,51.5,142,140,23,26,48.9,126,0
13:43:01,43.6,45.9,58.1,113,130,26,15,47.8,143,0
13:44:01,48.6,50.8,51.6,114,108,33,19,50.0,140,0
13:45:01,59.9,59.5,53.6,171,139,31,30,46.7,113,0
13:46:01,48.0,51.9,53.8,179,132,35,18,42.2,135,0
13:47:01,48.9,56.1,58.4,134,131,34,28,48.9,112,0
13:48:01,48.0,59.8,55.3,180,121,20,29,53.5,132,0
13:49:01,46.0,53.9,52.5,134,118,28,30,54.9,114,0
13:50:01,58.6,50.9,59.0,123,97,20,30,43.0,135,0
13:51:01,30.1,60.0,59.7,163,100,36,30,46.2,148,0
13:52:01,45.3,54.6,56.3,179,146,28,19,47.3,135,0
13:53:01,32.6,52.5,54.5,103,113,34,16,52.5,138,0
13:54:01,44.3,54.4,56.5,104,124,30,25,42.6,113,0
13:55:01,54.1,54.2,51.9,166,107,23,16,53.5,127,0
13:56:01,36.4,47.0,53.8,138,116,37,28,43.6,132,0
13:57:01,52.6,60.0,58.0,126,107,35,23,53.8,111,0
13:58:01,37.3,59.0,57.4,172,117,22,19,42.2,125,0
13:59:01,32.5,50.3,52.0,119,138,37,24,49.0,140,0
14:00:01,39.3,56.1,52.2,117,105,22,18,52.4,126,0
14:01:01,48.0,55.3,50.2,137,84,38,26,49.6,139,0
14:02:01,31.8,47.5,52.3,160,147,31,30,42.4,116,0
14:03:01,49.7,52.6,56.9,145,80,37,27,42.7,140,0
14:04:01,60.0,54.3,59.0,134,109,22,25,48.4,122,0
14:05:01,49.6,45.8,58.6,105,107,21,27,50.2,138,0
14:06:01,42.1,48.3,56.4,173,124,39,27,48.9,140,0
14:07:01,45.2,49.4,50.4,164,104,20,19,47.1,113,0
14:08:01,56.0,59.5,51.7,159,123,34,27,45.6,136,0
14:09:01,42.8,57.3,58.0,179,104,39,19,52.2,132,0
14:10:01,30.3,48.8,57.2,137,123,20,20,48.8,116,0
14:11:01,58.3,57.3,58.4,168,149,29,19,53.3,119,0
14:12:01,52.3,57.7,50.4,160,86,28,26,47.3,123,0
14:13:01,31.0,50.0,55.3,158,137,21,25,42.5,119,0
14:14:01,40.3,55.9,51.5,153,80,26,20,54.2,121,0
14:15:01,52.9,46.8,50.3,131,111,20,20,44.2,114,0
14:16:01,40.1,48.3,52.2,169,88,35,25,49.8,133,0
14:17:01,49.4,58.5,55.0,117,150,34,30,53.1,127,0
14:18:01,38.6,51.4,55.7,150,93,27,16,49.2,112,0
14:19:01,50.2,57.3,56.9,158,144,24,20,44.4,114,0
14:20:01,58.9,55.8,52.0,126,141,40,23,52.6,129,0
14:21:01,53.3,47.3,53.8,174,104,37,24,53.1,150,0
14:22:01,32.0,52.0,54.2,149,117,26,18,47.1,131,0
14:23:01,37.6,52.5,55.7,171,119,26,29,44.7,141,0
14:24:01,45.5,57.3,58.9,151,94,31,27,49.7,131,0
14:25:01,32.9,46.7,50.1,160,88,22,27,50.8,131,0
14:26:01,52.6,48.5,53.3,176,144,32,23,46.1,139,0
14:27:01,55.7,47.1,51.1,130,114,37,18,47.3,111,0
14:28:01,42.9,58.2,52.3,112,121,30,24,51.5,146,0
14:29:01,45.3,57.5,57.4,133,128,28,24,45.7,119,0
14:30:01,57.5,54.6,59.9,178,131,25,16,54.7,114,0
14:31:01,88.2,95.3,56.1,1066,1250,550,659,84.2,483,1
14:32:01,44.9,55.3,57.0,159,148,25,17,46.9,138,0
14:33:01,99.6,89.1,67.7,1171,670,559,677,78.5,397,1
14:34:01,93.5,99.8,69.5,1242,1301,437,714,87.7,590,1
14:35:01,96.4,95.3,65.7,942,1215,690,613,93.8,513,1
14:36:01,59.1,57.4,56.6,132,121,27,23,42.8,120,0
14:37:01,51.9,50.8,59.3,127,86,21,22,51.9,123,0
14:38:01,53.5,56.7,54.7,174,106,29,29,54.8,148,0
14:39:01,47.1,47.6,58.1,136,93,25,18,44.2,132,0
14:40:01,53.2,46.3,52.7,173,103,23,23,50.7,123,0
14:41:01,52.1,53.5,58.4,115,95,32,30,54.9,128,0
14:42:01,51.8,49.6,57.5,166,111,27,18,48.4,134,0
14:43:01,31.8,53.1,54.0,150,81,39,24,48.6,112,0
14:44:01,90.0,88.9,61.3,830,1377,755,336,79.0,505,1
14:45:01,42.7,57.0,55.7,126,150,22,24,53.7,125,0
14:46:01,92.8,91.7,52.3,1372,864,699,450,89.2,585,1
14:47:01,59.8,53.4,52.8,128,114,36,22,53.2,120,0
14:48:01,59.3,48.0,57.9,160,131,37,25,45.0,110,0
14:49:01,54.5,54.5,58.5,155,111,21,28,54.1,121,0
14:50:01,35.3,56.0,52.5,180,91,37,26,46.1,129,0
14:51:01,40.8,56.6,59.3,167,80,34,15,51.8,110,0
14:52:01,46.1,45.4,59.8,152,144,20,29,43.3,124,0
14:53:01,43.0,45.2,58.6,166,97,23,19,47.8,117,0
14:54:01,36.7,52.4,57.2,161,131,34,20,48.3,119,0
14:55:01,30.6,56.9,58.9,104,120,24,23,52.2,149,0
14:56:01,58.7,52.2,50.4,160,134,23,17,43.3,134,0
14:57:01,43.0,58.8,57.1,115,116,25,23,54.8,114,0
14:58:01,32.1,46.0,56.2,143,90,34,23,51.4,129,0
14:59:01,46.3,45.0,52.8,130,88,21,15,42.6,119,0
15:00:01,51.2,51.4,59.9,159,149,34,21,43.1,120,0
15:01:01,42.3,46.2,57.5,133,140,22,18,49.8,148,0
15:02:01,59.2,60.0,53.9,141,94,25,21,51.4,128,0
15:03:01,50.2,54.9,54.1,125,137,38,19,45.3,139,0
15:04:01,39.1,50.1,54.9,144,81,34,17,46.5,112,0
15:05:01,51.9,52.8,56.3,175,93,34,25,43.3,145,0
15:06:01,39.8,48.9,53.1,108,136,22,21,42.5,117,0
15:07:01,56.8,54.4,54.2,143,123,34,23,50.0,126,0
15:08:01,38.3,45.1,57.9,163,94,37,20,49.0,129,0
15:09:01,49.3,52.3,50.6,149,134,22,19,54.9,146,0
15:10:01,39.2,57.6,54.3,137,80,26,21,54.9,149,0
15:11:01,50.1,48.5,56.4,127,88,31,19,48.6,134,0
15:12:01,46.0,47.5,52.6,147,141,40,22,52.1,143,0
15:13:01,95.1,89.7,67.7,1312,824,818,772,92.3,461,1
15:14:01,32.7,57.1,59.2,158,119,31,20,44.9,132,0
15:15:01,59.7,47.5,55.5,112,114,32,22,43.4,144,0
15:16:01,51.7,45.5,52.2,126,133,26,22,52.7,121,0
15:17:01,56.7,57.8,59.2,132,140,29,16,50.2,148,0
15:18:01,37.8,54.8,57.8,103,118,28,30,44.0,111,0
15:19:01,40.8,46.4,52.6,163,133,33,19,50.6,131,0
15:20:01,50.5,59.1,51.3,130,84,25,20,48.0,128,0
15:21:01,58.6,56.9,59.3,127,105,38,29,50.7,110,0
15:22:01,58.7,48.1,59.8,103,145,22,23,51.9,141,0
15:23:01,53.0,47.1,60.0,159,149,29,30,53.4,121,0
15:24:01,58.6,50.8,54.4,146,98,34,19,53.2,143,0
15:25:01,54.3,56.0,54.4,121,122,40,19,54.1,130,0
15:26:01,46.9,53.1,53.1,153,107,31,19,46.8,140,0
15:27:01,54.6,59.9,55.8,165,144,39,18,52.7,112,0
15:28:01,58.1,50.5,52.6,116,91,23,26,45.4,139,0
15:29:01,42.4,59.0,51.2,156,91,35,30,48.0,115,0
15:30:01,36.7,46.6,55.9,140,121,31,18,43.9,116,0
15:31:01,45.7,49.5,57.9,141,88,35,22,54.1,138,0
15:32:01,94.4,99.1,66.0,1281,837,858,357,82.8,491,1
15:33:01,31.5,56.5,55.0,136,143,39,30,50.6,145,0
15:34:01,49.2,55.2,53.5,134,89,36,16,49.1,120,0
15:35:01,99.5,99.3,56.8,1478,949,497,549,76.1,454,1
15:36:01,35.1,50.7,58.5,141,97,37,17,50.0,145,0
15:37:01,38.7,56.0,53.7,112,99,29,17,52.0,150,0
15:38:01,40.3,58.3,55.8,158,128,40,17,52.4,146,0
15:39:01,56.4,54.7,58.2,101,147,40,28,53.5,125,0
15:40:01,50.0,46.2,53.2,144,80,36,18,52.9,113,0
15:41:01,47.7,48.6,53.7,162,93,22,19,47.7,117,0
15:42:01,96.7,86.4,58.0,818,687,594,671,82.9,470,1
15:43:01,45.6,54.7,56.8,172,122,20,23,54.4,119,0
15:44:01,38.0,53.8,55.2,178,144,23,16,52.3,143,0
15:45:01,56.9,54.8,51.4,102,147,29,18,45.9,132,0
15:46:01,57.1,54.8,50.1,126,99,27,18,50.9,116,0
15:47:01,53.6,56.2,55.7,141,116,28,29,46.5,117,0
15:48:01,57.4,46.4,56.9,110,114,38,16,47.5,120,0
15:49:01,58.1,50.9,52.7,173,146,21,22,44.8,138,0
15:50:01,45.9,56.8,52.8,149,117,28,27,52.6,117,0
15:51:01,44.3,46.0,59.2,148,138,40,15,55.0,140,0
15:52:01,30.3,51.8,58.1,106,85,38,15,50.6,132,0
15:53:01,49.3,48.7,55.7,103,130,34,22,53.3,131,0
15:54:01,34.8,58.4,55.5,160,104,24,17,44.2,147,0
15:55:01,51.0,56.1,56.4,106,142,39,25,53.0,120,0
15:56:01,38.8,53.1,52.6,173,134,29,16,46.7,112,0
15:57:01,56.9,57.4,51.7,164,140,31,17,53.7,137,0
15:58:01,59.2,58.2,52.4,133,89,26,18,49.0,144,0
15:59:01,32.6,47.8,59.2,108,150,29,17,44.9,140,0
16:00:01,38.6,54.8,53.0,105,149,32,21,47.3,121,0
16:01:01,55.9,55.1,59.5,146,119,38,21,52.3,110,0
16:02:01,97.8,85.1,52.3,930,1029,514,440,77.5,561,1
16:03:01,53.0,51.7,56.0,172,148,22,24,43.0,124,0
16:04:01,56.7,47.5,56.5,152,101,20,23,44.0,121,0
16:05:01,37.9,54.5,59.7,162,114,27,15,45.3,148,0
16:06:01,58.8,53.0,58.4,112,106,26,15,46.0,119,0
16:07:01,56.5,48.6,50.1,143,126,39,21,54.2,132,0
16:08:01,51.2,52.1,52.0,176,124,26,26,54.9,140,0
16:09:01,38.2,54.3,59.4,173,119,36,29,43.5,134,0
16:10:01,46.9,51.8,59.4,113,112,23,18,53.1,149,0
16:11:01,44.3,59.0,52.0,128,145,23,18,43.0,143,0
16:12:01,56.9,51.6,57.8,130,126,27,23,51.7,117,0
16:13:01,48.4,50.6,57.7,151,115,31,16,53.6,132,0
16:14:01,57.4,45.8,56.8,163,109,35,20,51.4,128,0
16:15:01,37.9,50.0,55.3,134,113,32,16,45.1,115,0
16:16:01,38.2,53.1,59.0,152,84,24,27,50.8,115,0
16:17:01,30.9,55.8,54.9,149,90,24,24,50.4,139,0
16:18:01,46.3,52.7,50.1,107,117,20,18,42.8,111,0
16:19:01,39.4,59.6,59.5,111,91,30,25,44.2,140,0
16:20:01,47.8,56.3,56.9,176,108,39,20,48.8,117,0
16:21:01,45.5,58.4,50.1,179,86,25,27,47.2,111,0
16:22:01,45.3,58.4,52.1,137,120,29,30,47.0,125,0
16:23:01,59.0,48.3,57.6,154,135,36,30,42.9,121,0
16:24:01,44.0,45.9,50.6,123,148,33,16,54.0,114,0
16:25:01,40.9,57.7,50.0,156,82,23,30,45.7,145,0
16:26:01,48.7,53.2,52.8,137,83,21,18,45.0,112,0
16:27:01,45.3,46.0,55.9,144,136,39,21,43.1,116,0
16:28:01,88.3,96.2,58.9,771,1277,646,411,82.0,448,1
16:29:01,56.4,59.2,56.4,165,138,31,22,44.0,134,0
16:30:01,57.2,48.2,56.1,167,101,39,16,46.2,150,0
16:31:01,39.5,58.4,53.9,164,103,20,19,53.7,137,0
16:32:01,43.8,54.3,50.8,123,122,34,29,54.1,113,0
16:33:01,40.8,55.5,59.7,107,134,33,16,47.2,131,0
16:34:01,33.6,53.6,59.1,115,82,20,16,50.2,135,0
16:35:01,45.1,50.3,51.8,149,130,30,30,55.0,110,0
16:36:01,41.2,48.9,55.3,114,125,31,23,42.8,138,0
16:37:01,53.7,50.6,58.4,156,147,29,28,49.3,147,0
16:38:01,56.1,56.7,54.2,111,89,29,15,47.1,149,0
16:39:01,58.0,55.8,56.1,104,84,26,20,42.3,115,0
16:40:01,53.4,48.9,57.0,175,89,36,16,50.1,148,0
16:41:01,49.2,47.4,59.4,160,134,40,27,51.2,122,0
16:42:01,99.9,89.1,64.2,1020,952,431,630,79.4,600,1
16:43:01,51.6,48.0,52.7,116,121,27,27,42.7,124,0
16:44:01,32.2,56.6,59.0,148,143,28,30,44.3,129,0
16:45:01,38.7,50.8,53.9,149,125,40,21,45.2,121,0
16:46:01,31.6,46.9,56.5,171,93,34,21,48.1,145,0
16:47:01,37.0,57.5,53.8,152,116,25,28,51.1,128,0
16:48:01,47.1,50.8,53.3,127,93,31,18,49.2,111,0
16:49:01,33.9,45.7,51.0,113,129,23,15,46.0,127,0
16:50:01,39.6,49.7,52.3,122,144,39,27,50.5,123,0
16:51:01,32.3,54.9,58.1,173,115,22,24,45.2,111,0
16:52:01,31.8,59.1,50.7,165,88,20,24,51.2,134,0
16:53:01,59.3,52.6,58.3,157,119,34,25,46.5,140,0
16:54:01,98.0,91.4,69.8,1457,905,761,546,78.9,474,1
16:55:01,44.5,47.9,56.3,160,126,23,25,53.5,132,0
16:56:01,36.1,58.8,53.0,173,90,29,26,54.4,132,0
16:57:01,36.9,59.2,50.9,166,112,28,22,48.7,132,0
16:58:01,36.7,49.1,56.8,112,138,27,22,52.3,150,0
16:59:01,38.2,50.2,51.1,121,81,28,28,52.6,136,0
17:00:01,48.2,49.7,60.0,175,119,30,21,42.0,115,0
17:01:01,59.4,45.1,51.3,114,136,30,30,53.3,125,0
17:02:01,32.8,58.6,53.2,114,96,24,28,53.0,120,0
17:03:01,43.9,58.9,51.5,112,148,24,20,49.4,146,0
17:04:01,44.5,57.1,53.6,139,148,24,27,48.5,121,0
17:05:01,46.6,48.6,59.5,111,90,32,15,48.8,130,0
17:06:01,88.2,98.4,59.9,869,964,737,501,80.5,578,1
17:07:01,53.7,55.4,54.3,173,122,21,21,48.3,111,0
17:08:01,38.1,59.2,55.7,161,94,23,17,44.1,129,0
17:09:01,38.1,51.6,55.0,161,117,33,23,51.5,111,0
17:10:01,45.7,47.6,58.5,152,145,25,24,53.5,140,0
17:11:01,49.5,48.3,59.6,164,146,33,23,54.4,111,0
17:12:01,36.5,45.8,53.0,135,122,33,15,54.8,130,0
17:13:01,53.2,52.6,53.4,174,139,26,20,42.7,122,0
17:14:01,46.0,48.7,59.2,166,112,36,30,43.2,123,0
17:15:01,44.8,59.0,55.7,135,105,40,25,51.8,130,0
17:16:01,46.8,49.6,57.5,108,97,25,29,50.4,145,0
17:17:01,38.6,58.3,55.9,129,138,29,19,46.6,135,0
17:18:01,49.3,55.3,59.4,147,124,36,30,46.5,128,0
17:19:01,36.1,59.0,53.4,120,110,25,17,43.3,112,0
17:20:01,48.3,50.1,54.2,173,146,39,25,50.6,139,0
17:21:01,54.7,51.7,51.3,103,150,25,20,46.9,121,0
17:22:01,45.0,47.9,50.4,108,130,33,18,55.0,124,0
17:23:01,30.8,54.5,52.7,108,123,28,27,54.5,113,0
17:24:01,59.2,52.1,54.8,168,147,28,17,47.0,121,0
17:25:01,48.1,56.8,56.1,123,124,39,28,52.3,110,0
17:26:01,44.0,54.8,54.6,128,96,37,28,46.0,121,0
17:27:01,38.1,56.8,57.3,105,86,27,25,51.6,129,0
17:28:01,40.8,48.3,53.0,130,114,23,27,46.6,119,0
17:29:01,47.8,57.3,57.9,116,90,40,26,43.7,112,0
17:30:01,56.6,54.5,58.5,119,90,28,18,52.9,149,0
17:31:01,34.7,58.1,52.5,115,143,26,15,46.9,145,0
17:32:01,59.6,50.3,51.8,123,96,24,24,50.1,146,0
17:33:01,46.4,49.7,51.3,160,134,34,29,49.9,146,0
17:34:01,53.0,57.9,53.3,122,91,30,22,54.7,117,0
17:35:01,49.3,46.4,59.3,175,99,40,23,52.8,139,0
17:36:01,45.8,47.1,50.3,132,133,20,19,51.5,122,0
17:37:01,50.3,50.0,54.2,175,95,30,25,48.0,147,0
17:38:01,36.1,59.4,56.4,170,92,25,25,54.3,127,0
17:39:01,56.3,46.1,51.9,143,136,22,21,50.9,131,0
17:40:01,54.3,50.1,56.3,115,145,33,26,46.4,116,0
17:41:01,47.7,57.2,58.4,152,80,24,19,49.1,142,0
17:42:01,53.9,58.6,50.7,104,134,20,29,45.7,128,0
17:43:01,89.3,87.7,62.8,922,689,789,749,77.2,395,1
17:44:01,36.2,54.4,54.6,167,144,31,30,54.6,135,0
17:45:01,32.1,48.7,50.1,161,135,34,21,42.1,135,0
17:46:01,52.0,49.1,56.8,175,113,37,15,49.4,147,0
17:47:01,42.1,49.3,55.7,156,131,22,16,51.8,130,0
17:48:01,40.2,56.1,51.7,143,122,35,29,42.2,136,0
17:49:01,54.6,56.0,51.3,120,103,20,23,52.0,144,0
17:50:01,42.2,48.9,52.0,133,97,31,30,49.3,116,0
17:51:01,97.4,90.7,64.0,782,732,744,665,81.7,537,1
17:52:01,32.2,52.6,56.8,175,92,36,19,49.3,136,0
17:53:01,55.4,49.2,56.2,119,86,21,28,48.8,119,0
17:54:01,42.7,51.2,50.7,123,98,27,17,43.5,114,0
17:55:01,53.7,46.1,51.8,121,117,32,18,47.0,131,0
17:56:01,41.9,50.9,53.0,117,91,38,17,53.1,110,0
17:57:01,98.3,87.1,62.6,1280,1305,618,440,83.2,408,1
17:58:01,33.0,46.4,50.3,127,88,21,23,50.0,137,0
17:59:01,43.8,50.3,56.1,162,80,25,30,50.8,141,0
18:00:01,35.4,58.4,53.8,134,143,31,23,50.0,121,0
18:01:01,45.9,45.5,51.9,135,110,33,20,53.9,130,0
18:02:01,33.8,54.6,52.6,153,87,24,22,48.3,126,0
18:03:01,37.7,53.9,54.1,165,101,26,24,51.2,132,0
18:04:01,44.8,51.6,56.8,168,145,36,17,54.8,146,0
18:05:01,55.1,58.3,55.5,133,133,34,26,45.1,149,0
18:06:01,42.8,48.2,56.9,141,100,36,20,50.5,149,0
18:07:01,55.4,58.1,57.3,166,86,27,28,44.9,127,0
18:08:01,43.6,47.5,59.4,126,120,32,26,44.2,147,0
18:09:01,36.4,51.7,57.7,145,116,28,25,45.7,115,0
18:10:01,46.5,49.0,56.5,146,108,38,18,49.7,147,0
18:11:01,53.9,50.5,57.4,174,144,34,30,42.1,146,0
18:12:01,59.2,45.7,55.1,180,144,31,21,46.0,137,0
18:13:01,51.7,53.2,53.7,119,133,25,25,49.0,120,0
18:14:01,37.6,47.2,50.9,176,107,24,30,54.1,150,0
18:15:01,37.3,59.3,57.6,129,104,21,23,47.0,134,0
18:16:01,96.9,93.7,57.2,1241,1175,827,593,92.5,573,1
18:17:01,47.1,48.4,54.7,138,148,32,16,45.7,141,0
18:18:01,49.0,54.5,50.5,128,146,30,19,43.0,134,0
18:19:01,94.9,98.9,53.2,1445,822,703,701,77.5,541,1
18:20:01,43.8,58.6,50.6,171,92,39,19,54.4,141,0
18:21:01,51.2,57.6,57.6,130,88,35,16,52.3,133,0
18:22:01,34.4,53.8,52.6,123,95,32,15,50.7,132,0
18:23:01,59.0,50.7,56.3,167,141,31,28,49.7,141,0
18:24:01,44.8,54.9,52.0,160,90,30,19,46.6,138,0
18:25:01,59.6,55.7,57.5,139,99,33,24,47.5,142,0
18:26:01,37.8,48.4,51.1,172,83,31,15,42.4,150,0
18:27:01,46.4,58.0,52.8,129,124,23,30,48.8,113,0
18:28:01,32.3,54.7,54.4,115,100,30,17,50.7,140,0
18:29:01,45.3,58.5,57.8,110,139,22,17,48.4,135,0
18:30:01,47.7,55.1,57.7,163,83,33,25,51.7,132,0
18:31:01,33.0,47.3,52.0,123,104,25,22,47.2,145,0
18:32:01,48.9,47.3,50.1,172,122,25,28,43.0,131,0
18:33:01,55.0,52.2,56.4,102,82,26,27,44.9,144,0
18:34:01,88.4,96.1,58.3,798,899,547,361,83.8,365,1
18:35:01,51.8,55.0,55.9,107,120,38,29,51.6,124,0
18:36:01,49.5,59.1,51.2,131,95,34,27,46.5,145,0
18:37:01,93.9,92.2,60.1,1452,806,541,654,75.1,497,1
18:38:01,52.4,48.7,54.5,152,119,31,29,50.0,148,0
18:39:01,50.8,55.6,52.1,124,144,36,15,43.6,136,0
18:40:01,59.9,53.7,59.1,143,145,32,19,51.1,142,0
18:41:01,50.0,45.5,52.7,150,101,25,28,44.9,146,0
18:42:01,87.9,87.2,67.0,1405,1112,697,432,91.6,452,1
18:43:01,46.4,57.4,53.2,169,125,28,19,45.6,122,0
18:44:01,44.5,54.4,53.8,179,100,21,18,52.3,110,0
18:45:01,55.2,54.7,57.1,118,109,40,21,52.3,113,0
18:46:01,30.4,58.9,58.6,119,92,21,27,50.0,129,0
18:47:01,33.5,48.0,51.2,145,84,34,28,52.1,131,0
18:48:01,34.2,52.0,53.8,100,134,20,16,50.9,147,0
18:49:01,47.9,59.8,53.2,122,83,25,30,44.1,132,0
18:50:01,57.9,54.6,51.5,142,85,30,26,51.5,111,0
18:51:01,33.1,50.0,59.1,155,132,33,15,49.8,111,0
18:52:01,39.5,55.1,55.3,103,136,29,25,52.2,125,0
18:53:01,50.0,46.4,58.0,148,129,30,27,53.5,140,0
18:54:01,35.9,45.1,51.3,102,127,29,15,53.6,112,0
18:55:01,46.8,52.4,50.6,166,116,36,16,46.3,128,0
18:56:01,57.2,59.7,59.6,167,138,20,21,49.4,148,0
18:57:01,54.1,56.3,59.2,160,93,20,29,43.6,111,0
18:58:01,35.0,55.6,51.2,160,114,22,25,43.6,120,0
18:59:01,90.6,93.5,65.7,1220,1015,498,606,81.0,540,1
19:00:01,52.8,47.9,59.2,173,87,21,30,46.2,130,0
19:01:01,41.7,45.5,56.0,168,144,25,15,45.3,144,0
19:02:01,94.7,92.4,60.5,883,749,464,624,93.9,550,1
19:03:01,50.7,52.7,50.2,130,86,37,24,42.9,119,0
19:04:01,44.0,51.5,56.0,111,88,36,30,44.6,138,0
19:05:01,44.0,50.8,56.9,119,117,30,26,48.5,113,0
19:06:01,53.8,45.7,59.6,173,100,37,21,43.0,142,0
19:07:01,55.1,47.1,56.8,117,107,34,26,46.5,134,0
19:08:01,58.7,50.7,59.1,166,142,38,26,51.9,145,0
19:09:01,86.0,85.4,56.7,941,1054,785,793,83.9,595,1
19:10:01,49.9,56.2,52.4,107,143,40,22,44.1,137,0
19:11:01,35.9,51.9,55.6,114,114,36,27,52.8,114,0
19:12:01,37.4,57.4,57.5,171,96,27,26,51.9,129,0
19:13:01,48.7,56.9,54.0,132,89,24,21,48.2,133,0
19:14:01,49.7,54.8,51.6,143,94,40,22,45.1,145,0
19:15:01,51.9,47.8,58.3,152,135,37,17,44.0,140,0
19:16:01,59.9,58.8,54.9,103,135,40,25,49.1,136,0
19:17:01,53.1,49.2,54.8,105,88,30,15,54.1,136,0
19:18:01,52.8,47.2,58.4,140,150,36,24,42.9,133,0
19:19:01,41.3,58.3,58.2,119,143,37,23,46.9,126,0
19:20:01,35.8,56.9,52.6,160,142,22,15,54.5,139,0
19:21:01,45.0,46.8,52.6,116,102,29,25,42.1,128,0
19:22:01,43.2,47.2,58.7,115,90,38,29,43.2,140,0
19:23:01,47.5,49.1,52.4,146,86,39,30,50.9,150,0
19:24:01,45.9,59.9,58.6,103,119,34,26,55.0,142,0
19:25:01,41.1,50.9,52.3,155,129,36,29,48.0,130,0
19:26:01,46.2,55.8,58.7,163,139,29,26,45.1,125,0
19:27:01,44.7,46.2,59.6,130,121,35,17,52.0,142,0
19:28:01,59.0,46.9,56.4,155,106,40,26,53.7,113,0
19:29:01,50.4,52.4,55.4,158,124,31,24,42.9,149,0
19:30:01,34.1,51.1,57.2,175,80,22,15,45.4,134,0
19:31:01,35.4,50.9,56.8,147,117,40,19,54.2,143,0
19:32:01,58.3,46.9,50.4,101,84,40,17,44.6,110,0
19:33:01,42.9,52.6,53.7,148,132,31,29,50.8,110,0
19:34:01,55.0,59.9,53.1,146,88,25,17,44.7,140,0
19:35:01,40.5,56.3,54.8,140,95,39,28,45.7,144,0
19:36:01,33.9,56.6,55.1,112,123,24,23,52.5,112,0
19:37:01,59.1,46.3,55.6,122,130,27,19,51.9,112,0
19:38:01,36.9,57.8,55.0,172,104,36,30,51.1,111,0
19:39:01,36.5,59.2,56.3,105,143,32,20,51.6,146,0
19:40:01,53.9,55.6,57.8,146,145,27,20,45.0,111,0
19:41:01,31.3,55.6,51.0,180,147,35,19,51.3,138,0
19:42:01,47.4,53.9,55.0,133,142,35,28,53.5,117,0
19:43:01,30.7,49.6,51.5,175,110,40,18,50.8,141,0
19:44:01,98.5,88.9,56.2,1438,1330,895,442,88.1,519,1
19:45:01,46.9,51.9,52.4,120,104,20,28,50.5,119,0
19:46:01,41.2,48.2,53.4,152,94,29,20,49.5,120,0
19:47:01,38.0,48.7,52.2,121,90,38,22,43.9,133,0
19:48:01,51.0,52.8,57.4,172,117,32,17,54.2,146,0
19:49:01,46.8,48.8,59.8,116,139,39,19,49.6,149,0
19:50:01,30.8,51.7,52.2,102,126,40,19,50.9,132,0
19:51:01,41.8,45.0,56.2,113,97,38,19,50.1,140,0
19:52:01,41.6,53.2,58.8,140,94,35,15,49.2,116,0
19:53:01,91.4,87.7,68.9,865,702,871,771,78.6,437,1
19:54:01,52.8,53.8,56.4,133,115,39,30,47.5,122,0
19:55:01,38.6,51.1,58.2,155,144,33,27,47.5,144,0
19:56:01,46.6,47.6,56.4,119,143,23,16,50.8,117,0
19:57:01,54.9,56.2,59.5,157,128,26,17,51.8,133,0
19:58:01,31.5,58.1,56.0,140,114,38,29,52.9,118,0
19:59:01,46.6,52.1,51.6,124,119,32,26,54.4,147,0
20:00:01,46.2,54.4,58.5,155,136,38,16,52.8,118,0
20:01:01,38.7,49.8,52.6,147,100,40,21,51.8,142,0
20:02:01,42.4,52.0,52.6,105,133,38,30,50.7,150,0
20:03:01,95.7,89.4,67.1,877,748,787,480,82.1,515,1
20:04:01,32.1,57.5,59.6,167,123,20,16,46.7,134,0
20:05:01,32.8,46.6,53.6,126,111,38,23,49.7,148,0
20:06:01,34.1,56.5,51.9,123,141,29,29,54.8,111,0
20:07:01,53.7,55.8,53.3,100,81,27,22,53.0,113,0
20:08:01,51.4,54.9,53.6,119,142,33,23,43.2,150,0
20:09:01,57.9,56.8,59.6,146,143,22,18,42.2,118,0
20:10:01,40.7,45.7,55.5,155,106,34,21,46.8,146,0
20:11:01,56.3,46.3,58.8,140,90,33,29,52.9,150,0
20:12:01,47.7,55.8,59.4,156,142,40,22,44.0,147,0
20:13:01,51.2,53.6,53.4,126,108,29,25,42.3,112,0
20:14:01,40.0,54.8,59.0,100,87,39,27,44.4,116,0
20:15:01,50.0,57.7,52.1,105,111,30,27,50.8,149,0
20:16:01,45.4,56.7,58.7,104,139,23,21,50.6,119,0
20:17:01,42.2,48.9,58.0,163,127,26,29,51.1,135,0
20:18:01,41.6,60.0,53.4,177,81,33,15,52.9,150,0
20:19:01,49.4,58.2,55.4,147,87,21,29,54.7,132,0
20:20:01,46.4,57.0,58.8,164,124,38,23,47.9,145,0
20:21:01,33.4,58.3,55.2,134,122,23,26,48.0,114,0
20:22:01,57.0,55.4,59.3,137,88,26,24,52.8,139,0
20:23:01,32.9,51.7,59.4,178,139,33,25,52.6,120,0
20:24:01,43.7,53.5,50.7,178,131,22,30,48.1,136,0
20:25:01,31.1,58.8,53.4,116,144,35,25,54.1,138,0
20:26:01,37.4,52.1,50.8,143,81,29,16,43.1,115,0
20:27:01,35.6,54.9,59.9,126,86,29,23,44.5,112,0
20:28:01,41.4,50.1,52.2,179,140,24,29,48.6,150,0
20:29:01,31.5,57.4,53.0,146,87,40,23,50.0,113,0
20:30:01,42.0,55.5,59.5,134,138,38,26,49.8,125,0
20:31:01,39.5,55.6,59.2,145,108,29,25,50.5,110,0
20:32:01,55.4,52.2,56.8,153,107,32,24,49.1,142,0
20:33:01,45.3,57.1,56.0,171,118,36,30,42.1,131,0
20:34:01,34.7,53.8,55.8,156,144,21,18,49.8,138,0
20:35:01,36.9,58.5,52.2,113,144,35,29,49.0,135,0
20:36:01,48.8,55.0,54.9,152,134,30,18,46.5,137,0
20:37:01,46.4,46.6,58.4,174,140,39,28,48.1,148,0
20:38:01,99.4,98.0,60.8,1350,1043,538,645,81.6,569,1
20:39:01,33.5,53.6,57.9,159,138,36,15,54.5,126,0
20:40:01,31.4,59.5,53.7,121,114,40,19,50.0,128,0
20:41:01,42.3,45.0,52.6,117,93,39,27,47.9,113,0
20:42:01,55.5,45.8,54.8,173,128,27,16,43.9,148,0
20:43:01,46.9,53.9,54.9,123,94,25,18,50.2,122,0
20:44:01,57.2,58.7,54.8,107,119,37,28,45.5,116,0
20:45:01,47.6,48.4,53.2,154,96,20,25,54.7,125,0
20:46:01,39.1,46.3,53.0,110,145,34,27,43.8,148,0
20:47:01,55.9,47.1,54.1,172,88,35,19,44.5,129,0
20:48:01,92.2,91.0,57.7,1137,1206,822,667,89.0,446,1
20:49:01,45.5,54.7,50.4,153,84,28,15,51.2,128,0
20:50:01,35.1,52.4,58.6,114,90,40,26,51.8,138,0
20:51:01,95.3,95.0,64.3,752,1083,681,735,92.1,516,1
20:52:01,46.8,48.5,56.9,111,112,21,22,42.7,137,0
20:53:01,53.9,57.1,59.0,146,118,35,25,50.9,115,0
20:54:01,35.0,55.9,52.5,107,134,20,22,45.8,147,0
20:55:01,44.3,57.7,52.0,171,115,24,28,43.2,110,0
20:56:01,31.3,52.2,53.4,134,135,35,17,50.8,118,0
20:57:01,53.0,56.9,55.5,169,94,30,22,54.0,136,0
20:58:01,32.3,55.6,56.8,104,134,40,24,50.9,146,0
20:59:01,45.8,50.5,59.2,127,125,36,24,49.9,129,0
21:00:01,52.6,57.1,58.0,168,100,22,26,48.9,126,0
21:01:01,55.0,46.3,54.2,148,116,36,20,43.7,142,0
21:02:01,47.0,54.2,51.8,134,97,34,20,54.5,149,0
21:03:01,38.9,56.5,55.3,157,143,22,17,48.1,113,0
21:04:01,36.6,47.3,51.1,161,110,33,23,52.2,147,0
21:05:01,54.1,47.0,58.6,168,140,25,25,52.2,138,0
21:06:01,30.8,47.4,50.6,100,113,36,30,48.3,143,0
21:07:01,33.5,52.5,51.7,168,91,22,27,53.1,112,0
21:08:01,41.9,54.2,54.5,141,96,23,15,42.8,146,0
21:09:01,42.1,50.1,58.1,114,122,24,26,42.8,126,0
21:10:01,42.5,46.3,53.0,121,83,37,30,49.2,115,0
21:11:01,36.3,59.8,50.4,161,147,34,20,49.0,111,0
21:12:01,30.5,47.4,57.3,115,89,36,28,49.9,136,0
21:13:01,37.7,50.4,52.6,155,137,33,29,48.2,129,0
21:14:01,43.5,46.3,57.2,148,103,20,21,50.0,137,0
21:15:01,30.6,58.8,51.6,179,132,27,26,50.5,119,0
21:16:01,42.6,58.4,55.8,131,136,27,17,49.5,126,0
21:17:01,55.2,47.8,51.4,160,114,26,18,46.4,120,0
21:18:01,43.1,52.1,50.2,156,146,40,24,53.4,116,0
21:19:01,55.2,53.1,50.9,159,109,26,27,51.8,133,0
21:20:01,30.3,51.7,52.0,111,110,32,27,42.3,124,0
21:21:01,41.6,58.0,56.0,163,116,39,28,49.5,140,0
21:22:01,54.3,48.6,55.9,116,110,27,18,49.2,141,0
21:23:01,54.1,51.9,57.5,121,139,21,27,50.9,147,0
21:24:01,40.9,52.4,53.1,113,135,30,21,54.4,146,0
21:25:01,49.0,46.7,59.4,161,131,28,25,45.1,126,0
21:26:01,30.9,57.4,54.9,168,100,29,26,53.1,137,0
21:27:01,54.5,53.3,54.8,175,122,31,22,52.7,132,0
21:28:01,36.3,47.6,57.7,113,104,38,19,51.3,150,0
21:29:01,33.9,56.8,57.0,103,99,22,19,53.3,112,0
21:30:01,50.0,60.0,57.6,112,97,34,21,52.1,133,0
21:31:01,35.2,53.4,54.4,144,105,21,20,52.9,131,0
21:32:01,31.3,50.4,53.3,149,119,32,17,46.0,142,0
21:33:01,32.8,49.4,54.2,157,128,40,22,42.9,141,0
21:34:01,46.6,54.8,50.3,148,86,27,26,46.5,141,0
21:35:01,38.9,48.4,56.7,133,137,23,30,46.6,112,0
21:36:01,33.5,56.5,52.5,133,127,32,18,44.5,147,0
21:37:01,35.2,57.8,54.3,110,128,36,25,47.6,141,0
21:38:01,49.5,52.5,52.6,102,94,40,18,43.1,115,0
21:39:01,33.0,55.3,59.4,126,95,22,16,45.2,141,0
21:40:01,58.5,48.3,58.3,156,106,32,28,50.5,150,0
21:41:01,52.4,47.5,55.7,122,99,38,28,45.3,143,0
21:42:01,85.3,98.1,54.9,753,1112,603,321,75.3,378,1
21:43:01,38.3,49.2,58.1,130,81,34,25,52.1,117,0
21:44:01,39.0,46.9,56.9,130,98,32,21,51.1,110,0
21:45:01,44.8,58.2,56.3,138,103,23,19,42.4,150,0
21:46:01,40.0,48.2,50.3,116,87,20,27,54.4,128,0
21:47:01,46.7,48.9,54.5,128,88,39,30,51.0,146,0
21:48:01,46.3,54.7,50.7,150,110,34,25,45.4,140,0
21:49:01,57.0,50.8,55.1,118,105,38,26,44.8,110,0
21:50:01,96.3,87.1,69.7,1026,1354,804,477,93.9,597,1
21:51:01,45.9,52.6,59.6,148,144,20,18,43.9,111,0
21:52:01,53.4,50.7,58.9,105,140,26,23,48.4,138,0
21:53:01,93.5,97.5,67.4,1146,1083,841,775,80.1,522,1
21:54:01,38.4,48.6,54.5,146,82,20,21,42.0,114,0
21:55:01,45.5,51.2,52.4,132,136,31,29,43.2,125,0
21:56:01,55.6,52.6,54.8,101,89,22,15,43.0,115,0
21:57:01,86.2,89.5,65.8,1186,714,515,400,93.0,582,1
21:58:01,46.0,57.9,56.3,144,84,24,22,45.0,147,0
21:59:01,56.9,55.1,51.9,118,134,26,26,51.3,130,0
22:00:01,37.0,55.1,51.4,176,94,35,25,54.2,111,0
22:01:01,90.0,98.8,54.6,1013,858,752,396,78.8,504,1
22:02:01,38.8,50.2,52.5,176,113,23,15,46.6,134,0
22:03:01,55.9,54.9,50.5,171,129,27,22,45.2,113,0
22:04:01,50.3,58.7,54.6,166,117,30,19,47.0,124,0
22:05:01,41.0,48.7,59.6,122,130,40,29,48.4,129,0
22:06:01,47.6,59.3,58.1,119,101,23,30,48.9,139,0
22:07:01,53.5,52.9,55.0,166,100,37,16,52.8,113,0
22:08:01,44.3,46.0,51.6,115,83,36,23,45.5,142,0
22:09:01,52.2,55.5,54.3,157,88,37,20,50.3,127,0
22:10:01,57.6,54.8,53.2,163,90,34,28,54.2,148,0
22:11:01,40.2,56.3,55.1,129,117,35,30,49.2,129,0
22:12:01,48.4,57.2,50.4,123,86,25,18,47.8,120,0
22:13:01,52.1,59.7,51.5,129,99,30,22,46.1,133,0
22:14:01,48.9,54.3,50.9,134,142,30,29,45.4,112,0
22:15:01,39.5,45.2,50.3,155,143,34,18,47.7,118,0
22:16:01,44.7,46.5,56.5,157,135,37,24,47.3,141,0
22:17:01,34.1,59.2,51.7,122,126,21,27,48.0,114,0
22:18:01,52.4,50.6,54.7,112,150,36,19,54.4,144,0
22:19:01,98.7,86.1,55.5,1131,676,637,335,86.3,382,1
22:20:01,31.4,51.8,51.4,115,83,40,21,52.3,134,0
22:21:01,53.6,50.3,55.3,150,93,32,25,54.8,141,0
22:22:01,41.3,59.0,51.5,144,101,39,23,43.7,115,0
22:23:01,37.2,59.8,50.8,180,149,30,28,45.1,113,0
22:24:01,53.1,54.9,56.9,173,148,22,20,42.6,137,0
22:25:01,37.4,52.9,55.5,116,110,35,24,44.2,110,0
22:26:01,53.4,53.4,55.5,109,83,27,16,49.8,132,0
22:27:01,51.4,55.0,55.5,144,132,30,23,54.2,137,0
22:28:01,32.0,52.4,52.7,131,138,32,23,52.3,136,0
22:29:01,41.8,55.0,58.3,111,149,28,28,46.3,137,0
22:30:01,49.2,59.3,51.9,143,150,25,19,48.9,115,0
22:31:01,36.2,51.2,59.3,138,114,32,18,53.5,118,0
22:32:01,54.4,57.1,53.7,107,96,31,21,49.2,119,0
22:33:01,34.7,48.7,52.0,138,131,40,16,47.3,110,0
22:34:01,33.5,57.4,55.6,131,113,21,23,42.4,115,0
22:35:01,43.1,56.2,52.4,162,148,38,18,42.3,140,0
22:36:01,38.1,58.3,58.0,121,145,37,15,43.3,134,0
22:37:01,38.5,54.6,56.0,122,97,33,16,54.2,110,0
22:38:01,36.6,49.5,59.8,119,119,27,23,47.8,111,0
22:39:01,44.8,55.4,53.1,107,103,36,20,43.5,117,0
22:40:01,56.1,48.5,52.5,111,143,22,15,53.7,127,0
22:41:01,35.9,58.9,52.4,122,83,28,28,42.6,111,0
22:42:01,43.7,59.0,56.0,155,88,20,21,53.0,133,0
22:43:01,88.7,97.6,68.0,993,1032,697,391,80.6,505,1
22:44:01,48.9,59.3,56.6,109,133,22,23,50.3,134,0
22:45:01,45.1,46.9,50.7,145,143,22,21,49.2,144,0
22:46:01,53.9,51.6,56.4,173,117,32,30,45.0,141,0
22:47:01,30.2,54.1,59.3,127,110,40,17,48.6,141,0
22:48:01,49.3,59.1,52.0,102,147,35,17,42.3,129,0
22:49:01,50.6,55.6,51.8,172,138,26,28,50.6,127,0
22:50:01,85.4,92.7,65.6,1400,658,727,645,92.0,473,1
22:51:01,42.5,59.3,52.6,149,85,32,24,43.7,140,0
22:52:01,38.5,51.8,55.4,128,114,30,22,48.4,112,0
22:53:01,55.6,56.7,54.1,158,111,24,16,49.5,149,0
22:54:01,48.1,49.0,54.2,105,133,33,19,48.9,133,0
22:55:01,56.8,55.1,58.6,104,116,33,15,54.8,141,0
22:56:01,58.7,55.9,55.7,149,104,27,30,44.3,125,0
22:57:01,51.3,47.2,52.1,149,109,21,22,51.7,124,0
22:58:01,45.9,57.9,59.5,163,111,29,30,42.2,130,0
22:59:01,42.9,55.8,58.9,167,136,21,17,42.5,139,0
23:00:01,39.0,53.8,52.6,141,95,28,22,44.0,123,0
23:01:01,36.0,47.6,51.9,131,101,26,19,47.5,114,0
23:02:01,90.4,97.8,67.1,939,1260,892,697,84.7,433,1
23:03:01,30.3,47.0,57.8,177,86,26,20,42.7,111,0
23:04:01,56.2,58.2,55.6,117,132,39,29,45.0,136,0
23:05:01,32.5,56.7,59.7,154,142,25,25,43.4,133,0
23:06:01,57.6,45.8,58.3,104,140,40,18,42.6,127,0
23:07:01,98.7,88.0,55.0,1175,1218,564,344,94.0,369,1
23:08:01,48.1,58.8,53.9,125,147,29,17,48.2,117,0
23:09:01,38.2,54.5,55.3,148,149,27,27,45.4,144,0
23:10:01,44.1,48.2,50.2,114,80,27,15,47.6,131,0
23:11:01,35.8,55.5,55.8,178,90,39,29,44.1,143,0
23:12:01,41.4,49.4,57.2,103,112,31,29,45.5,110,0
23:13:01,51.2,52.3,58.7,178,112,26,29,43.1,125,0
23:14:01,48.2,50.3,53.7,164,111,39,27,54.7,112,0
23:15:01,54.4,54.7,52.4,118,135,37,23,53.6,143,0
23:16:01,52.5,50.3,56.7,133,135,33,29,53.2,129,0
23:17:01,34.7,53.0,56.8,130,106,29,26,53.6,118,0
23:18:01,56.9,56.5,52.6,120,101,22,28,53.0,128,0
23:19:01,40.5,48.9,59.4,124,144,24,24,43.2,113,0
23:20:01,46.9,53.7,57.3,113,85,24,27,54.4,150,0
23:21:01,35.6,47.5,52.6,135,107,28,28,49.6,137,0
23:22:01,56.2,46.5,50.7,134,84,20,30,42.2,148,0
23:23:01,58.1,57.9,57.7,158,88,39,16,49.9,116,0
23:24:01,43.3,48.2,55.6,145,133,23,29,43.4,132,0
23:25:01,56.9,56.5,55.6,117,110,34,27,43.6,144,0
23:26:01,42.8,58.5,59.9,154,114,34,17,42.4,133,0
23:27:01,53.3,58.9,53.5,170,85,40,18,45.5,116,0
23:28:01,36.8,53.1,50.0,169,85,20,23,46.1,115,0
23:29:01,57.3,47.5,56.5,157,90,20,24,46.7,144,0
23:30:01,48.1,58.5,56.0,151,94,23,26,49.5,136,0
23:31:01,55.4,57.7,56.1,132,88,21,26,43.4,143,0
23:32:01,52.9,52.3,54.9,138,125,39,22,50.3,148,0
23:33:01,40.3,55.0,58.3,171,114,34,23,42.2,141,0
23:34:01,53.4,48.0,55.0,157,126,23,21,45.1,142,0
23:35:01,56.2,51.1,50.2,171,120,27,29,48.4,111,0
23:36:01,43.3,53.0,57.2,159,89,25,21,46.9,115,0
23:37:01,44.8,49.1,51.4,149,144,31,21,47.1,114,0
23:38:01,30.3,55.8,57.2,131,127,39,19,51.4,129,0
23:39:01,57.8,50.6,55.3,139,107,22,24,53.0,113,0
23:40:01,48.8,57.3,50.9,161,125,33,17,50.2,112,0
23:41:01,51.5,59.8,59.6,134,100,29,18,47.9,112,0
23:42:01,59.1,45.0,50.6,106,89,32,18,48.2,131,0
23:43:01,86.8,89.5,69.4,1234,943,646,424,90.1,581,1
23:44:01,47.4,50.8,50.8,163,98,30,22,52.3,135,0
23:45:01,51.4,51.2,53.8,172,80,21,29,44.6,111,0
23:46:01,52.3,51.3,56.5,159,141,34,16,55.0,142,0
23:47:01,30.8,53.5,54.0,159,121,24,29,54.0,145,0
23:48:01,59.3,56.4,53.5,133,139,34,17,51.6,142,0
23:49:01,45.3,50.0,50.2,176,124,23,19,48.6,126,0
23:50:01,31.6,51.9,53.9,110,138,23,24,50.2,123,0
23:51:01,45.8,55.6,51.9,139,96,35,22,49.5,125,0
23:52:01,44.3,55.7,52.5,117,107,32,23,46.4,121,0
23:53:01,41.3,52.1,53.8,165,143,20,30,51.4,150,0
23:54:01,53.7,47.0,55.5,125,146,35,23,46.8,138,0
23:55:01,48.3,56.0,53.5,136,103,37,25,45.4,139,0
23:56:01,35.7,56.8,52.6,171,86,39,19,49.8,147,0
23:57:01,58.7,45.4,54.9,169,144,36,26,49.7,121,0
23:58:01,36.0,54.1,57.3,122,140,21,20,49.8,142,0
23:59:01,58.3,52.7,56.3,156,143,29,20,48.0,115,0
00:00:01,37.2,48.6,52.2,166,100,39,20,44.7,140,0
00:01:01,44.2,51.9,54.9,149,103,26,19,48.2,121,0
00:02:01,40.4,48.3,53.8,157,103,29,21,42.5,140,0
00:03:01,50.7,46.1,53.9,176,86,22,21,45.7,132,0
00:04:01,35.4,55.6,55.6,142,143,37,26,52.7,128,0
00:05:01,38.2,55.8,52.5,128,91,27,24,51.3,145,0
00:06:01,54.3,46.4,59.2,163,129,38,20,42.9,136,0
00:07:01,43.3,50.4,54.5,130,108,32,18,53.7,142,0
00:08:01,30.9,46.3,59.4,121,102,30,25,44.8,114,0
00:09:01,85.6,88.4,69.5,917,711,872,444,79.8,362,1
00:10:01,59.0,54.0,54.6,106,139,39,19,51.0,150,0
00:11:01,46.5,57.2,50.3,153,140,33,18,48.7,136,0
00:12:01,55.9,54.3,53.0,171,133,32,21,52.9,114,0
00:13:01,42.9,47.0,52.7,110,132,29,27,47.8,146,0
00:14:01,46.0,48.1,56.4,118,139,26,25,54.6,132,0
00:15:01,53.7,47.0,57.0,104,98,22,22,47.0,126,0
00:16:01,40.6,58.1,50.4,120,97,33,17,54.4,121,0
00:17:01,59.0,45.8,57.6,152,113,33,15,49.9,124,0
00:18:01,43.0,57.9,50.0,120,92,21,15,44.2,140,0
00:19:01,30.9,47.1,50.2,133,121,31,27,53.2,120,0
00:20:01,49.9,54.7,54.0,169,88,20,17,48.9,133,0
00:21:01,39.7,51.4,59.7,127,111,40,15,53.6,112,0
00:22:01,88.6,86.7,61.5,1496,983,828,520,87.0,357,1
00:23:01,32.0,48.3,55.2,169,131,22,17,43.7,121,0
00:24:01,55.1,54.4,53.2,154,117,23,29,54.2,137,0
00:25:01,59.2,47.8,58.0,139,111,30,26,43.0,133,0
00:26:01,41.5,52.5,54.1,134,111,40,15,44.5,146,0
00:27:01,41.0,55.0,52.8,128,88,30,25,44.0,115,0
00:28:01,40.9,59.1,53.2,113,116,40,20,50.4,113,0
00:29:01,60.0,47.3,59.9,179,117,26,20,45.0,122,0
00:30:01,46.0,53.5,57.7,161,126,39,25,50.9,115,0
00:31:01,57.1,57.2,59.7,144,106,37,17,50.8,150,0
00:32:01,34.3,46.8,56.2,151,90,21,29,45.0,139,0
00:33:01,31.9,57.3,58.3,130,143,40,19,49.5,147,0
00:34:01,39.4,45.3,51.6,156,81,25,19,42.1,122,0
00:35:01,40.5,50.6,52.5,115,95,23,21,54.3,127,0
00:36:01,36.5,47.0,57.0,162,84,30,21,50.0,115,0
00:37:01,55.1,58.3,53.3,121,149,30,15,54.1,117,0
00:38:01,51.5,48.3,59.0,163,122,35,21,45.8,129,0
00:39:01,59.5,47.4,55.4,173,110,37,30,51.1,112,0
00:40:01,48.6,46.1,57.1,150,147,36,23,53.1,143,0
00:41:01,44.6,55.2,56.1,116,92,27,21,54.0,129,0
00:42:01,44.5,53.1,59.6,177,88,35,22,47.4,135,0
00:43:01,30.8,46.8,59.8,174,147,28,25,48.4,112,0
00:44:01,54.1,54.5,59.7,113,98,30,29,52.3,127,0
00:45:01,43.9,46.5,50.0,151,83,27,20,46.9,122,0
00:46:01,96.8,87.9,58.8,1229,1224,672,746,76.5,395,1
00:47:01,44.5,56.7,59.2,162,121,40,30,44.8,132,0
00:48:01,93.7,94.5,64.5,1216,870,697,737,83.7,552,1
00:49:01,48.7,56.8,57.3,150,110,26,28,52.0,126,0
00:50:01,34.7,56.7,50.2,122,106,24,25,44.5,120,0
00:51:01,39.3,47.6,57.0,114,84,36,18,48.9,122,0
00:52:01,94.9,86.3,63.7,819,714,754,349,92.0,454,1
00:53:01,34.1,55.0,58.8,175,99,27,17,52.3,117,0
00:54:01,47.1,49.6,56.4,148,96,29,27,54.8,117,0
00:55:01,46.1,57.0,54.8,104,88,29,26,48.7,113,0
00:56:01,57.6,58.6,53.2,166,148,21,28,42.8,139,0
00:57:01,49.1,48.6,57.1,119,144,36,28,43.1,129,0
00:58:01,36.3,52.5,53.7,177,110,40,24,52.8,113,0
00:59:01,32.1,53.9,54.5,136,89,20,23,50.5,130,0
01:00:01,55.9,56.0,51.5,117,144,25,20,48.4,132,0
01:01:01,91.3,97.9,55.4,1097,1230,513,733,80.0,400,1
01:02:01,59.1,54.3,53.4,177,100,36,15,50.5,130,0
01:03:01,92.9,97.2,53.4,782,771,513,307,76.4,480,1
01:04:01,38.6,56.6,52.0,127,119,32,28,54.2,138,0
01:05:01,52.4,55.4,54.0,131,149,28,21,42.3,134,0
01:06:01,40.0,50.0,58.2,154,115,31,25,46.9,135,0
01:07:01,33.1,57.3,59.9,119,104,27,29,42.5,127,0
01:08:01,30.5,59.4,58.0,149,97,23,22,44.9,115,0
01:09:01,30.8,54.9,53.0,178,90,37,19,50.0,149,0
01:10:01,42.2,53.1,53.0,104,135,24,30,47.0,140,0
01:11:01,59.6,50.5,58.4,163,103,24,24,45.9,130,0
01:12:01,58.0,46.6,52.5,156,127,36,17,53.6,135,0
01:13:01,38.4,49.7,54.7,148,113,27,19,43.7,143,0
01:14:01,33.3,57.1,57.4,123,114,21,24,50.0,114,0
01:15:01,41.3,49.5,54.8,115,126,32,24,49.7,118,0
01:16:01,85.6,86.3,68.2,1079,1117,877,524,93.3,373,1
01:17:01,42.5,52.4,52.5,131,98,36,20,48.5,144,0
01:18:01,50.0,50.4,53.6,153,147,35,16,53.3,138,0
01:19:01,37.7,46.1,50.6,102,148,28,19,53.5,113,0
01:20:01,38.6,55.0,54.9,144,112,35,17,42.8,119,0
01:21:01,49.3,58.4,55.2,145,130,28,16,45.9,141,0
01:22:01,35.7,55.9,57.6,113,81,35,26,49.7,113,0
01:23:01,37.0,46.3,57.2,138,101,37,26,50.3,126,0
01:24:01,41.5,53.4,58.8,117,137,23,27,53.3,117,0
01:25:01,56.1,52.4,51.6,131,108,26,29,51.4,126,0
01:26:01,42.4,53.6,59.8,134,83,29,16,45.3,135,0
01:27:01,54.4,55.3,54.1,144,142,26,21,54.8,134,0
01:28:01,45.7,52.1,55.4,161,113,35,28,44.5,150,0
01:29:01,35.9,52.7,58.2,138,148,35,26,47.2,139,0
01:30:01,47.6,55.2,59.4,110,95,25,22,46.7,116,0
01:31:01,30.4,58.4,57.9,134,131,29,18,43.4,145,0
01:32:01,59.2,48.0,51.2,149,94,38,28,45.3,128,0
01:33:01,96.3,88.1,54.5,1142,683,439,302,83.1,520,1
01:34:01,48.8,47.6,52.0,125,115,36,30,54.3,122,0
01:35:01,46.0,57.5,57.2,104,96,21,20,43.7,138,0
01:36:01,50.3,55.3,59.5,107,130,22,19,49.4,114,0
01:37:01,87.8,91.1,66.9,741,756,883,373,92.5,510,1
01:38:01,39.6,46.0,52.5,106,86,34,18,51.4,148,0
01:39:01,58.2,51.8,59.7,165,146,31,22,47.1,117,0
01:40:01,97.8,98.9,61.5,951,715,562,605,78.5,534,1
01:41:01,45.0,50.7,59.0,140,136,39,21,52.7,113,0
01:42:01,37.6,58.9,53.8,174,132,27,27,54.2,144,0
01:43:01,46.5,59.4,59.4,173,80,24,22,43.7,130,0
01:44:01,39.2,58.8,55.8,138,109,28,20,45.9,115,0
01:45:01,34.1,54.9,50.5,173,93,21,22,44.7,115,0
01:46:01,38.5,49.3,51.3,105,88,28,16,42.3,110,0
01:47:01,53.9,55.6,50.0,153,134,40,25,45.9,148,0
01:48:01,34.4,51.6,50.2,169,121,31,30,45.0,125,0
01:49:01,46.4,57.9,51.4,144,99,38,23,43.7,120,0
01:50:01,53.0,52.8,59.2,103,107,20,23,51.8,143,0
01:51:01,40.4,45.8,56.1,145,89,25,30,49.7,125,0
01:52:01,46.0,52.2,51.0,145,147,22,15,52.6,142,0
01:53:01,58.0,45.3,50.4,171,93,23,30,48.2,141,0
01:54:01,59.6,50.8,55.9,168,120,37,23,49.0,126,0
01:55:01,35.9,48.4,58.5,105,143,22,24,49.9,150,0
01:56:01,89.9,96.2,69.0,1462,790,430,569,87.5,584,1
01:57:01,59.2,58.9,54.0,152,140,37,21,52.8,122,0
01:58:01,52.4,56.8,51.8,148,132,29,24,46.3,118,0
01:59:01,31.1,54.6,50.3,114,102,27,29,44.7,137,0
02:00:01,39.4,56.3,55.3,142,80,25,30,46.3,118,0
02:01:01,51.9,55.3,55.6,106,148,31,16,50.0,136,0
02:02:01,58.5,53.2,57.8,164,145,35,17,45.2,134,0
02:03:01,89.1,98.2,66.3,787,1051,355,663,94.3,386,1
02:04:01,40.4,46.9,52.0,143,121,20,16,50.3,137,0
02:05:01,58.2,53.3,52.5,129,102,35,16,54.0,123,0
02:06:01,42.2,48.8,57.3,108,144,34,22,42.3,145,0
02:07:01,59.0,55.1,58.9,123,82,22,27,49.7,126,0
02:08:01,53.2,48.0,55.3,157,142,40,28,53.1,128,0
02:09:01,31.0,45.5,57.5,145,120,37,15,44.1,110,0
02:10:01,53.7,51.1,52.4,149,90,22,20,54.9,116,0
02:11:01,35.5,50.2,52.4,144,129,25,19,52.1,142,0
02:12:01,49.9,56.9,56.4,155,121,35,25,51.1,143,0
02:13:01,45.0,56.5,50.8,143,105,23,26,44.1,112,0
02:14:01,58.5,51.8,55.4,151,118,40,17,44.0,124,0
02:15:01,42.1,47.8,57.4,119,95,27,25,52.2,117,0
02:16:01,31.6,53.0,54.8,164,110,22,20,45.8,140,0
02:17:01,31.6,53.0,52.9,174,88,35,25,43.2,128,0
02:18:01,88.9,89.5,60.5,963,690,570,470,77.7,366,1
02:19:01,51.6,47.3,51.4,149,88,37,29,50.6,148,0
02:20:01,35.7,57.3,50.3,165,139,40,26,47.4,129,0
02:21:01,54.2,53.9,52.6,137,89,37,22,50.9,136,0
02:22:01,32.1,59.2,55.2,171,115,28,18,48.9,112,0
02:23:01,54.0,57.9,58.8,131,143,22,22,46.7,149,0
02:24:01,44.5,57.7,53.9,105,87,21,27,52.5,112,0
02:25:01,52.0,51.5,50.8,157,129,20,18,45.2,150,0
02:26:01,45.0,57.8,52.8,147,112,24,19,54.2,144,0
02:27:01,42.8,57.9,56.2,149,130,27,21,45.8,143,0
02:28:01,56.8,50.3,53.4,126,94,40,30,43.2,143,0
02:29:01,54.5,59.4,53.1,145,121,23,27,50.7,119,0
02:30:01,95.6,91.0,63.3,957,1334,664,466,94.4,365,1
02:31:01,49.4,53.0,51.9,140,148,32,18,54.9,130,0
02:32:01,59.7,57.8,59.4,128,130,24,20,48.3,144,0
02:33:01,95.7,90.6,68.0,1492,1073,590,619,78.4,379,1
02:34:01,32.5,52.3,51.6,128,122,27,18,46.8,113,0
02:35:01,39.8,50.5,53.3,101,106,36,25,47.6,116,0
02:36:01,46.8,49.7,50.1,167,148,26,23,42.9,114,0
02:37:01,51.7,48.9,50.4,122,118,27,19,46.7,140,0
02:38:01,38.3,53.5,58.3,173,147,23,25,48.4,135,0
02:39:01,37.5,59.9,51.2,178,81,23,21,51.4,139,0
02:40:01,47.5,53.1,52.5,110,104,26,26,47.6,147,0
02:41:01,43.2,53.9,51.4,169,126,27,16,47.9,136,0
02:42:01,32.3,45.9,54.4,130,130,33,19,54.8,116,0
02:43:01,86.1,96.1,68.8,1105,1164,746,397,83.1,468,1
02:44:01,36.3,49.2,58.7,167,121,29,16,54.9,127,0
02:45:01,50.5,46.2,51.8,162,148,26,21,52.3,112,0
02:46:01,39.9,49.0,59.5,111,81,30,23,47.8,117,0
02:47:01,31.4,54.1,58.2,125,109,23,26,54.7,145,0
02:48:01,43.2,45.2,57.0,166,102,23,20,48.0,140,0
02:49:01,50.6,51.4,58.4,131,126,28,20,47.9,148,0
02:50:01,46.2,54.0,59.8,140,114,30,23,46.1,129,0
02:51:01,38.5,52.4,59.6,152,114,34,28,54.5,116,0
02:52:01,89.9,91.4,57.9,779,808,725,410,87.6,407,1
02:53:01,53.1,53.8,55.8,176,109,37,28,47.5,110,0
02:54:01,52.7,50.1,52.3,128,149,32,20,43.7,111,0
02:55:01,57.3,51.4,53.1,129,123,36,26,47.3,138,0
02:56:01,41.0,53.5,52.9,163,83,38,19,53.1,126,0
02:57:01,44.9,47.4,50.9,123,122,35,28,54.1,150,0
02:58:01,32.9,59.6,56.2,159,116,30,29,45.5,137,0
02:59:01,37.2,46.2,59.6,128,80,29,21,54.0,114,0
03:00:01,58.7,49.2,56.6,178,131,30,28,53.7,127,0
03:01:01,47.3,51.7,54.2,125,139,30,29,49.5,133,0
03:02:01,36.4,47.4,58.4,153,148,22,16,49.3,136,0
03:03:01,35.0,46.6,58.0,168,104,40,27,54.3,145,0
03:04:01,31.4,45.0,53.1,106,138,32,18,51.0,114,0
03:05:01,91.1,97.4,54.0,1276,845,743,635,94.4,377,1
03:06:01,33.0,46.5,51.1,108,149,28,18,43.2,133,0
03:07:01,32.2,57.6,59.3,148,135,28,17,42.1,113,0
03:08:01,51.1,45.2,59.9,103,81,28,16,42.2,111,0
03:09:01,31.4,52.3,54.1,114,144,27,30,53.9,111,0
03:10:01,53.6,57.8,52.6,110,150,29,28,51.4,128,0
03:11:01,55.3,59.2,53.4,146,106,34,28,52.2,116,0
03:12:01,46.0,51.6,53.8,103,91,33,22,43.1,144,0
03:13:01,35.3,47.4,59.6,169,84,29,15,49.0,137,0
03:14:01,99.5,92.1,65.7,1452,1106,763,513,76.8,431,1
03:15:01,35.0,45.4,50.4,104,94,24,22,42.3,112,0
03:16:01,93.2,91.5,66.8,1301,1083,444,562,78.8,552,1
03:17:01,58.8,51.3,55.6,130,86,30,24,51.0,132,0
03:18:01,31.9,49.3,51.3,162,134,24,21,50.4,117,0
03:19:01,51.5,51.7,55.5,115,105,33,17,52.7,138,0
03:20:01,31.1,54.0,53.6,145,109,37,26,54.2,139,0
03:21:01,37.6,47.3,50.4,174,119,36,16,50.4,137,0
03:22:01,44.9,52.0,50.9,170,148,38,22,53.6,112,0
03:23:01,56.8,47.9,54.8,150,127,37,17,54.2,121,0
03:24:01,40.5,49.0,51.9,107,132,21,27,53.8,150,0
03:25:01,47.6,46.8,51.3,130,139,24,26,54.9,142,0
03:26:01,58.8,56.0,51.4,147,132,35,21,45.9,117,0
03:27:01,48.3,55.8,51.9,157,96,20,16,47.4,150,0
03:28:01,99.1,89.5,57.1,1459,887,767,743,88.8,510,1
03:29:01,36.9,57.6,59.6,108,80,32,23,53.3,139,0
03:30:01,39.5,57.8,59.3,144,116,27,15,49.1,112,0
03:31:01,40.4,56.2,56.5,115,117,30,23,48.7,122,0
03:32:01,45.3,55.0,53.8,172,109,25,23,45.9,137,0
03:33:01,34.9,54.1,52.3,134,84,21,16,48.7,139,0
03:34:01,37.0,59.8,57.9,119,102,39,18,54.5,122,0
03:35:01,32.5,57.2,55.2,124,81,36,20,52.3,136,0
03:36:01,30.1,45.4,59.3,114,83,39,30,43.8,126,0
03:37:01,49.1,55.9,53.0,155,143,33,22,49.3,131,0
03:38:01,51.2,49.5,59.2,153,100,25,27,48.3,128,0
03:39:01,45.3,45.0,50.4,109,90,34,20,52.0,113,0
03:40:01,32.5,45.2,54.0,125,93,36,26,51.0,136,0
03:41:01,85.8,88.5,52.8,1252,685,661,403,78.6,584,1
03:42:01,93.9,85.1,57.3,780,1264,403,791,83.8,472,1
03:43:01,41.1,55.3,57.9,138,117,34,17,53.0,129,0
03:44:01,38.9,56.7,51.1,155,87,38,29,43.0,110,0
03:45:01,40.0,59.3,54.8,125,97,38,30,54.7,124,0
03:46:01,58.2,50.7,58.0,125,120,21,18,46.8,114,0
03:47:01,48.9,55.6,51.6,179,122,38,30,48.3,110,0
03:48:01,54.1,53.8,55.4,125,113,28,15,46.3,111,0
03:49:01,48.4,58.2,56.5,143,115,24,25,48.3,110,0
03:50:01,57.9,51.4,50.9,176,91,30,30,49.5,116,0
03:51:01,36.7,59.8,51.6,140,100,28,20,51.4,143,0
03:52:01,52.6,52.5,55.7,169,96,26,30,51.4,126,0
03:53:01,59.2,45.4,57.9,111,138,33,16,44.6,123,0
03:54:01,86.7,99.2,69.8,944,1244,357,702,81.7,540,1
03:55:01,44.6,58.5,58.8,144,131,34,26,50.4,133,0
03:56:01,45.4,56.9,58.5,142,97,35,29,47.8,148,0
03:57:01,45.4,59.2,51.5,142,108,31,15,50.6,146,0
03:58:01,30.5,46.7,51.6,100,99,24,23,43.9,139,0
03:59:01,50.5,48.9,54.5,122,92,33,25,48.2,150,0
04:00:01,35.1,47.4,59.4,162,132,30,25,52.3,129,0
04:01:01,99.9,90.1,61.6,961,708,898,446,80.1,435,1
04:02:01,48.9,53.1,50.1,157,117,40,21,45.2,144,0
04:03:01,41.0,56.1,51.0,154,143,38,19,51.6,147,0
04:04:01,51.6,53.9,54.6,149,92,34,25,49.5,144,0
04:05:01,45.0,54.6,50.2,126,146,32,21,52.3,125,0
04:06:01,55.1,58.0,58.3,134,89,33,16,54.1,146,0
04:07:01,92.8,89.2,58.3,1342,842,689,330,75.8,443,1
04:08:01,85.4,98.3,53.5,1242,885,595,494,86.4,545,1
04:09:01,96.9,85.4,57.1,981,1309,390,463,82.2,455,1
04:10:01,51.3,57.9,57.4,129,98,29,22,52.9,148,0
04:11:01,35.5,58.9,59.4,143,106,26,18,42.4,138,0
04:12:01,46.5,45.6,56.7,137,131,24,19,46.9,146,0
04:13:01,88.7,92.5,59.3,1249,1042,354,705,79.2,552,1
04:14:01,34.7,55.2,58.3,119,134,22,30,42.8,139,0
04:15:01,57.8,52.6,56.9,158,146,28,30,42.9,128,0
04:16:01,59.1,58.8,59.6,110,124,28,21,44.9,124,0
04:17:01,59.8,54.5,52.2,169,102,35,17,45.4,131,0
04:18:01,51.1,48.1,52.6,128,149,21,28,42.2,116,0
04:19:01,55.6,54.5,52.3,180,97,24,28,53.5,137,0
04:20:01,47.2,50.0,55.9,167,146,33,28,44.1,116,0
04:21:01,39.8,59.5,54.0,112,123,35,22,47.8,110,0
04:22:01,59.5,54.2,55.9,106,120,35,15,43.8,120,0
04:23:01,58.9,46.8,52.0,139,93,27,30,51.0,147,0
04:24:01,39.7,55.5,59.5,151,112,36,20,44.3,145,0
04:25:01,50.9,52.3,57.4,151,84,25,26,44.4,117,0
04:26:01,91.0,89.7,69.5,1352,758,851,593,79.9,466,1
04:27:01,32.0,59.5,57.8,138,87,33,27,46.9,140,0
04:28:01,40.3,49.0,56.8,100,92,22,21,46.6,116,0
04:29:01,39.5,53.2,52.8,171,92,37,19,48.8,144,0
04:30:01,58.9,59.3,52.1,110,100,25,16,48.1,116,0
04:31:01,55.6,48.2,55.3,126,87,26,22,52.3,142,0
04:32:01,34.8,55.5,54.0,104,103,28,29,49.7,149,0
04:33:01,88.3,95.6,57.2,729,852,428,726,76.6,473,1
04:34:01,47.4,53.3,55.3,116,98,34,19,53.5,131,0
04:35:01,55.7,52.2,59.2,131,120,25,18,48.2,115,0
04:36:01,94.5,85.2,62.9,736,860,481,306,89.0,451,1
04:37:01,50.3,49.6,56.3,150,130,34,15,52.4,135,0
04:38:01,37.3,59.4,52.1,100,145,34,18,44.3,134,0
04:39:01,49.6,48.8,59.7,119,99,30,24,42.5,135,0
04:40:01,35.6,47.3,59.9,103,88,32,20,49.7,127,0
04:41:01,40.3,52.2,57.2,134,92,35,24,42.7,137,0
04:42:01,52.4,54.5,58.9,143,127,31,27,44.0,134,0
04:43:01,34.1,51.8,56.6,126,99,37,20,49.8,141,0
04:44:01,43.0,50.6,53.6,143,126,25,19,44.8,135,0
04:45:01,32.7,49.3,54.2,129,148,33,18,44.9,122,0
04:46:01,52.9,56.9,51.8,146,108,40,25,49.6,139,0
04:47:01,96.0,89.3,68.6,1359,976,627,382,92.1,408,1
04:48:01,43.5,55.7,57.4,111,142,37,30,46.0,111,0
04:49:01,54.0,54.7,57.2,103,142,33,28,45.8,136,0
04:50:01,50.6,46.7,50.5,171,106,39,28,50.1,150,0
04:51:01,49.1,59.0,58.7,112,126,37,25,49.1,137,0
04:52:01,43.7,48.4,54.6,121,148,21,20,45.2,150,0
04:53:01,41.2,48.9,54.8,164,82,35,15,49.6,130,0
04:54:01,59.1,58.2,55.3,141,136,24,23,50.7,143,0
04:55:01,54.8,59.8,51.6,113,149,24,30,43.0,148,0
04:56:01,54.4,46.8,57.1,110,134,40,27,52.0,123,0
04:57:01,33.5,54.1,53.8,162,134,29,21,47.1,120,0
04:58:01,34.2,57.8,58.5,151,139,24,15,49.0,117,0
04:59:01,32.6,54.1,55.4,136,97,21,18,44.7,133,0
05:00:01,51.1,58.8,58.2,117,80,29,16,51.7,150,0
05:01:01,47.8,55.9,55.4,145,115,28,16,52.3,114,0
05:02:01,51.6,54.9,56.8,126,95,35,19,46.1,125,0
05:03:01,93.0,85.8,59.1,1305,1041,835,684,92.6,568,1
05:04:01,30.2,49.1,58.0,170,81,21,17,44.4,150,0
05:05:01,58.3,55.5,50.1,106,102,39,30,53.3,136,0
05:06:01,30.2,51.5,53.2,128,124,20,25,49.9,149,0
05:07:01,43.7,56.2,54.8,130,150,29,19,43.1,126,0
05:08:01,44.3,55.7,50.1,123,112,31,21,47.6,110,0
05:09:01,37.2,47.6,59.2,117,144,38,25,44.9,116,0
05:10:01,59.9,54.6,54.8,177,141,22,15,52.0,143,0
05:11:01,31.7,52.6,58.2,137,118,33,29,42.8,148,0
05:12:01,43.6,59.0,51.2,155,142,24,21,43.6,117,0
05:13:01,34.1,48.4,59.3,118,82,38,17,44.2,110,0
05:14:01,52.2,52.1,56.5,163,85,26,25,51.0,143,0
05:15:01,37.8,45.5,55.5,134,111,27,18,48.9,132,0
05:16:01,30.0,59.4,59.5,157,144,26,22,53.5,110,0
05:17:01,43.9,54.2,54.9,150,93,23,19,42.7,137,0
05:18:01,35.9,56.6,50.8,104,102,39,27,49.6,148,0
05:19:01,31.0,55.3,52.9,130,91,36,29,51.1,120,0
05:20:01,37.4,57.6,50.7,166,131,32,18,48.8,135,0
05:21:01,58.9,45.3,56.8,110,119,40,15,47.6,127,0
05:22:01,59.4,50.2,53.9,155,99,23,18,51.3,131,0
05:23:01,51.2,48.9,53.2,108,127,30,28,51.6,132,0
05:24:01,30.4,47.8,55.4,134,118,29,24,43.5,133,0
05:25:01,34.2,49.1,50.4,126,144,25,16,42.8,150,0
05:26:01,44.3,46.1,54.6,174,82,22,23,48.4,124,0
05:27:01,36.5,46.9,58.3,132,96,36,15,49.0,148,0
05:28:01,45.0,58.5,53.3,103,88,30,27,45.7,132,0
05:29:01,42.0,46.1,51.7,132,123,22,29,54.6,120,0
05:30:01,42.0,54.2,53.1,130,150,22,21,45.1,132,0
05:31:01,46.7,47.4,56.2,168,144,23,23,48.5,119,0
05:32:01,56.9,47.3,53.4,171,121,24,24,46.2,148,0
05:33:01,45.4,48.7,54.9,123,113,40,24,48.8,130,0
05:34:01,40.4,59.1,58.4,176,140,39,18,51.2,141,0
05:35:01,30.8,50.4,59.9,106,96,32,20,42.7,140,0
05:36:01,92.7,85.2,53.1,858,880,384,327,88.6,387,1
05:37:01,37.3,50.8,51.8,156,135,33,15,54.5,114,0
05:38:01,34.6,48.8,50.6,165,84,26,22,50.1,148,0
05:39:01,39.3,47.9,56.7,158,145,37,29,49.5,128,0
05:40:01,39.1,46.5,59.6,104,131,39,25,49.2,130,0
05:41:01,52.3,59.4,56.0,155,107,30,23,44.1,145,0
05:42:01,42.9,57.8,59.5,140,145,24,19,44.7,141,0
05:43:01,46.4,47.6,59.9,135,129,32,25,52.1,116,0
05:44:01,55.1,45.4,52.8,162,126,21,25,44.1,121,0
05:45:01,33.4,56.2,51.5,160,95,32,25,46.3,137,0
05:46:01,57.2,57.2,57.7,158,112,27,16,43.6,144,0
05:47:01,56.2,45.1,50.1,171,101,34,18,52.7,117,0
05:48:01,53.5,50.4,50.7,179,98,25,25,53.4,110,0
05:49:01,37.7,53.9,51.8,164,107,26,17,51.7,128,0
05:50:01,52.8,46.0,56.8,143,135,32,29,45.2,136,0
05:51:01,59.5,53.5,58.2,139,97,31,19,47.0,137,0
05:52:01,49.6,54.5,50.8,170,97,24,18,51.7,110,0
05:53:01,45.6,54.4,59.5,145,114,21,27,44.9,146,0
05:54:01,30.6,55.4,54.3,157,119,36,16,49.5,139,0
05:55:01,58.9,55.2,59.5,158,104,34,30,44.3,143,0
05:56:01,56.9,46.4,56.3,131,147,31,16,50.1,130,0
05:57:01,34.4,49.9,52.6,130,136,36,21,52.8,115,0
05:58:01,42.7,51.4,58.1,161,113,31,30,44.1,147,0
05:59:01,58.5,47.4,57.0,120,141,22,16,46.8,118,0
06:00:01,54.4,54.3,56.6,165,149,20,29,42.0,126,0
06:01:01,55.7,49.0,53.3,158,80,34,27,51.7,140,0
06:02:01,41.8,56.7,59.6,166,118,33,16,47.6,146,0
06:03:01,48.5,50.5,52.2,126,111,38,27,44.8,132,0
06:04:01,33.3,54.6,55.8,134,84,39,25,46.7,117,0
06:05:01,58.5,48.1,54.4,132,125,34,23,44.6,130,0
06:06:01,50.3,56.2,50.9,119,147,23,19,52.0,136,0
06:07:01,58.3,47.6,52.5,170,108,24,21,44.2,122,0
06:08:01,43.5,46.6,51.0,135,118,26,16,48.8,141,0
06:09:01,34.7,55.8,58.7,120,119,39,23,54.1,136,0
06:10:01,54.0,54.0,55.0,180,139,33,18,50.0,118,0
06:11:01,54.3,58.8,59.3,110,105,22,28,53.9,127,0
06:12:01,46.2,51.4,59.9,167,80,28,27,42.7,145,0
06:13:01,45.5,56.6,54.7,113,135,38,24,44.8,140,0
06:14:01,32.6,46.3,53.5,104,138,24,25,51.3,129,0
06:15:01,46.0,59.8,57.7,170,82,30,18,49.2,144,0
06:16:01,59.6,55.0,59.4,153,115,40,29,52.0,115,0
06:17:01,54.5,58.0,59.5,150,112,22,15,46.6,143,0
06:18:01,30.7,51.9,60.0,129,140,35,15,44.6,132,0
06:19:01,46.4,51.4,56.1,177,148,40,26,48.7,133,0
06:20:01,56.7,48.2,52.2,146,113,40,18,47.4,127,0
06:21:01,43.7,55.4,52.5,158,127,36,30,43.5,147,0
06:22:01,57.8,46.6,51.5,147,149,37,16,43.9,143,0
06:23:01,55.0,45.5,55.5,146,121,36,24,46.3,139,0
06:24:01,56.5,54.5,56.5,170,128,28,29,50.3,144,0
06:25:01,33.9,47.6,55.1,101,142,21,15,42.3,134,0
06:26:01,39.1,51.4,52.8,148,150,20,18,54.5,114,0
06:27:01,45.1,57.4,52.9,178,124,40,26,54.2,121,0
06:28:01,59.0,46.4,52.2,126,124,23,17,51.2,133,0
06:29:01,30.8,58.7,55.2,155,106,20,25,54.6,118,0
06:30:01,38.3,46.0,54.6,128,113,21,15,45.6,133,0
06:31:01,38.1,51.3,56.8,105,116,28,25,44.4,120,0
06:32:01,57.2,54.1,59.2,134,141,25,27,46.7,118,0
06:33:01,51.1,46.0,56.2,108,101,31,19,51.0,136,0
06:34:01,56.9,58.1,53.1,153,136,34,19,44.3,129,0
06:35:01,50.7,53.0,56.5,145,146,23,26,49.9,117,0
06:36:01,99.8,85.3,62.7,1324,1399,671,520,80.6,501,1
06:37:01,51.6,59.4,51.0,164,143,35,27,46.2,139,0
06:38:01,44.5,53.0,50.6,108,84,38,30,45.0,136,0
06:39:01,59.7,57.2,56.9,125,139,37,17,53.9,113,0
06:40:01,58.1,55.0,59.3,177,149,39,17,53.0,114,0
06:41:01,32.6,54.1,56.5,131,96,25,19,44.0,120,0
06:42:01,54.5,57.6,58.0,161,108,37,30,51.2,121,0
06:43:01,46.9,52.3,58.5,141,85,35,17,46.4,122,0
06:44:01,52.8,47.2,57.1,119,112,22,25,44.8,118,0
06:45:01,41.1,53.3,50.9,120,133,32,27,42.5,137,0
06:46:01,49.5,58.3,50.3,176,82,38,23,53.3,131,0
06:47:01,49.8,52.3,53.4,117,116,36,17,51.5,126,0
06:48:01,45.9,54.8,51.1,167,80,22,27,53.3,128,0
06:49:01,30.1,51.0,52.1,152,130,39,15,53.1,147,0
06:50:01,40.5,47.8,51.6,166,115,36,24,47.8,123,0
06:51:01,54.6,59.3,53.8,152,146,38,20,53.8,117,0
06:52:01,50.2,45.7,57.3,162,100,40,26,47.4,126,0
06:53:01,35.5,56.6,56.0,102,99,36,25,47.7,115,0
06:54:01,34.0,57.5,53.6,171,140,25,19,43.4,113,0
06:55:01,35.6,47.2,52.1,143,143,28,23,42.5,120,0
06:56:01,32.5,49.1,51.6,115,118,30,26,51.2,124,0
06:57:01,56.6,57.8,56.3,136,145,37,24,51.6,110,0
06:58:01,44.0,50.4,51.8,145,140,22,22,46.3,148,0
06:59:01,40.8,59.9,52.0,105,85,25,17,53.2,116,0
07:00:01,35.4,47.7,57.2,124,131,20,27,45.9,114,0
07:01:01,95.4,86.7,54.1,1474,1239,839,566,88.4,379,1
07:02:01,39.8,57.1,59.0,130,85,28,16,48.6,116,0
07:03:01,39.1,49.1,59.5,179,148,33,25,42.3,137,0
07:04:01,32.4,50.2,53.8,108,94,37,17,54.0,143,0
07:05:01,34.6,48.8,56.1,128,106,29,25,49.8,130,0
07:06:01,36.7,55.2,56.8,128,108,36,23,47.7,130,0
07:07:01,57.7,45.9,57.5,104,98,34,22,45.7,117,0
07:08:01,47.4,45.7,51.5,141,106,39,25,45.2,114,0
07:09:01,98.4,95.5,57.1,1345,916,475,372,82.8,498,1
07:10:01,36.1,53.7,57.0,170,149,23,15,43.7,142,0
07:11:01,48.7,56.3,55.7,165,127,40,18,47.7,140,0
07:12:01,32.0,46.1,55.9,124,138,39,16,47.5,124,0
07:13:01,35.4,46.4,55.8,180,119,28,19,43.6,112,0
07:14:01,50.4,54.7,58.4,172,145,40,26,54.5,117,0
07:15:01,95.1,88.8,67.4,1060,1323,657,708,83.9,568,1
07:16:01,43.9,59.7,58.7,111,129,20,15,46.5,140,0
07:17:01,36.3,57.0,51.8,111,99,27,20,51.7,128,0
07:18:01,91.8,93.1,56.5,1320,1217,417,585,80.4,389,1
07:19:01,59.7,54.0,53.5,107,138,28,25,45.5,123,0
07:20:01,36.8,58.2,53.6,107,80,30,25,52.9,144,0
07:21:01,96.7,89.0,60.7,749,857,528,482,88.9,356,1
07:22:01,34.7,48.5,51.4,165,125,31,24,51.0,141,0
07:23:01,41.3,50.6,58.9,153,128,32,19,54.6,149,0
07:24:01,47.3,49.2,59.5,162,148,32,28,50.7,131,0
07:25:01,57.7,59.4,56.5,150,141,36,27,44.8,121,0
07:26:01,31.1,51.8,59.6,115,119,33,29,54.5,121,0
07:27:01,37.3,54.2,51.2,126,114,28,21,49.1,145,0
07:28:01,37.0,49.3,53.5,151,81,21,29,42.2,146,0
07:29:01,57.5,56.0,54.5,173,86,40,25,46.2,136,0
07:30:01,33.1,46.4,51.5,144,94,32,27,44.8,145,0
07:31:01,57.8,45.5,57.0,131,149,37,20,45.3,112,0
07:32:01,43.5,57.5,57.8,112,148,25,28,44.5,112,0
07:33:01,37.1,45.2,57.8,159,103,25,23,46.6,146,0
07:34:01,38.0,52.0,51.8,116,95,22,21,46.2,114,0
07:35:01,50.3,55.2,52.0,177,111,27,26,50.8,113,0
07:36:01,51.7,50.0,51.0,143,145,23,30,47.0,136,0
07:37:01,35.7,48.9,50.4,116,118,27,29,48.1,143,0
07:38:01,36.3,45.7,56.1,121,115,36,27,52.5,142,0
07:39:01,46.1,51.1,58.8,141,140,37,26,44.1,137,0
07:40:01,42.2,55.1,59.4,137,121,38,28,49.1,113,0
07:41:01,55.8,55.2,53.1,128,84,40,22,46.7,114,0
07:42:01,52.1,51.4,51.4,144,97,30,28,48.9,140,0
07:43:01,36.9,59.9,51.0,134,86,26,15,42.1,129,0
07:44:01,35.6,57.1,54.8,179,102,30,16,52.0,134,0
07:45:01,58.4,46.9,54.2,172,85,20,29,42.1,138,0
07:46:01,57.5,55.6,58.0,143,102,33,27,49.5,141,0
07:47:01,51.9,52.0,52.0,175,121,26,16,54.9,139,0
07:48:01,38.8,52.4,56.7,130,139,34,28,42.4,114,0
07:49:01,40.5,47.1,57.6,124,114,27,16,50.4,140,0
07:50:01,50.2,52.3,50.2,122,143,25,22,51.9,117,0
07:51:01,50.7,47.6,54.5,166,81,36,29,43.8,117,0
07:52:01,30.7,58.2,54.1,101,109,24,16,48.7,148,0
07:53:01,55.8,55.2,59.1,169,110,23,21,45.6,146,0
07:54:01,37.0,51.1,50.2,154,104,32,27,53.2,135,0
07:55:01,49.2,47.7,54.2,163,126,40,16,54.8,142,0
07:56:01,33.9,46.9,56.2,167,123,40,29,53.2,137,0
07:57:01,47.2,56.5,53.5,156,91,35,28,53.9,112,0
07:58:01,42.4,58.6,53.5,140,134,26,25,49.2,126,0
07:59:01,47.3,58.0,50.8,159,96,36,20,45.2,143,0
08:00:01,50.6,59.3,51.3,103,127,32,21,42.6,149,0
08:01:01,99.5,93.9,66.9,1049,994,657,428,77.9,484,1
08:02:01,41.8,57.6,56.6,139,98,31,25,52.7,145,0
08:03:01,43.0,59.3,59.3,123,107,29,29,54.0,132,0
08:04:01,48.4,49.5,50.3,114,131,22,15,46.1,134,0
08:05:01,36.9,50.4,50.9,108,94,39,22,46.3,132,0
08:06:01,50.3,53.8,52.4,144,129,20,22,43.8,119,0
08:07:01,35.3,49.9,51.4,127,91,32,25,52.4,118,0
08:08:01,45.0,48.3,53.9,102,117,28,15,47.6,134,0
08:09:01,52.3,58.4,56.1,139,98,22,18,42.5,127,0
08:10:01,30.9,48.9,58.9,153,114,28,30,55.0,116,0
08:11:01,49.3,55.2,59.2,176,88,35,22,53.7,141,0
08:12:01,31.6,50.4,58.0,117,139,34,22,49.6,110,0
08:13:01,91.2,88.6,55.5,1108,881,454,564,86.3,497,1
08:14:01,47.7,56.5,52.0,114,86,32,29,44.8,116,0
08:15:01,45.6,52.7,58.6,168,98,25,27,47.3,113,0
08:16:01,98.5,86.6,53.3,769,1135,663,564,75.5,402,1
08:17:01,87.3,89.8,58.8,1366,1369,436,745,86.4,598,1
08:18:01,43.4,57.6,53.6,168,89,37,24,44.6,113,0
08:19:01,49.3,57.8,53.7,117,81,32,15,46.2,130,0
08:20:01,45.6,54.8,59.2,174,112,33,27,52.3,116,0
08:21:01,43.2,58.6,55.9,106,101,36,22,44.5,150,0
08:22:01,48.0,55.9,53.4,165,101,24,26,47.7,130,0
08:23:01,54.1,50.1,54.3,147,117,28,16,47.7,132,0
08:24:01,47.8,59.9,57.3,160,149,24,17,42.9,124,0
08:25:01,56.8,51.6,50.5,176,142,22,22,47.2,114,0
08:26:01,46.1,56.1,57.3,114,135,39,23,51.6,110,0
08:27:01,40.2,50.5,59.7,135,86,30,20,48.2,111,0
08:28:01,35.5,57.2,54.2,153,101,33,27,49.3,130,0
08:29:01,53.7,48.7,57.6,176,99,38,15,44.4,133,0
08:30:01,33.4,57.0,53.2,170,102,36,26,52.9,110,0
08:31:01,40.6,57.3,51.8,159,87,26,17,48.8,149,0
08:32:01,43.0,49.7,55.2,114,114,23,27,48.2,141,0
08:33:01,54.0,57.0,53.1,110,147,29,19,45.7,135,0
08:34:01,52.8,59.7,54.8,157,86,20,17,54.5,132,0
08:35:01,58.3,58.8,54.4,137,134,27,19,50.4,142,0
08:36:01,55.0,57.1,56.2,119,131,27,21,51.8,132,0
08:37:01,40.8,55.5,55.6,118,142,25,24,49.5,146,0
08:38:01,51.1,50.5,51.1,170,142,37,24,50.4,113,0
08:39:01,49.1,58.2,50.2,134,135,35,24,48.4,123,0
